-- phpMyAdmin SQL Dump
-- version 3.5.4
-- http://www.phpmyadmin.net
--
-- Host: localhost
-- Generation Time: Jul 30, 2013 at 01:58 PM
-- Server version: 5.1.69
-- PHP Version: 5.3.3

SET SQL_MODE="NO_AUTO_VALUE_ON_ZERO";
SET time_zone = "+00:00";


/*!40101 SET @OLD_CHARACTER_SET_CLIENT=@@CHARACTER_SET_CLIENT */;
/*!40101 SET @OLD_CHARACTER_SET_RESULTS=@@CHARACTER_SET_RESULTS */;
/*!40101 SET @OLD_COLLATION_CONNECTION=@@COLLATION_CONNECTION */;
/*!40101 SET NAMES utf8 */;

--
-- Database: `zadmin_collected`
--

-- --------------------------------------------------------

--
-- Table structure for table `collections`
--

CREATE TABLE IF NOT EXISTS `collections` (
  `id` int(11) NOT NULL AUTO_INCREMENT,
  `collection_title` varchar(500) NOT NULL,
  `collection_description` text NOT NULL,
  `user_id` int(11) NOT NULL,
  `created` datetime NOT NULL,
  `modified` datetime NOT NULL,
  PRIMARY KEY (`id`)
) ENGINE=InnoDB  DEFAULT CHARSET=latin1 AUTO_INCREMENT=89 ;

--
-- Dumping data for table `collections`
--

INSERT INTO `collections` (`id`, `collection_title`, `collection_description`, `user_id`, `created`, `modified`) VALUES
(1, 'Collection1', '', 27, '2013-06-26 05:13:27', '2013-06-26 05:13:27'),
(2, 'collectionTitle2', '', 27, '2013-06-26 05:13:27', '2013-06-26 05:13:27'),
(3, 'collectionTitle3', '', 27, '2013-06-26 05:22:19', '2013-06-26 05:22:19'),
(4, 'collectionTitle3', '', 7, '2013-07-10 04:33:12', '2013-07-10 04:33:12'),
(5, 'def', '', 61, '2013-07-10 12:05:31', '2013-07-10 12:05:31'),
(6, 'cghb', '', 38, '2013-07-10 17:23:43', '2013-07-10 17:23:43'),
(7, 'def', '', 27, '2013-07-11 10:33:53', '2013-07-11 10:33:53'),
(8, 'collectionTitle3', '', 7, '2013-07-11 10:53:30', '2013-07-11 10:53:30'),
(9, 'Pen Collection', '', 39, '2013-07-12 12:18:57', '2013-07-12 12:18:57'),
(10, 'Pen Collection', '', 39, '2013-07-12 12:19:14', '2013-07-12 12:19:14'),
(11, 'Pen Collection', '', 39, '2013-07-12 12:19:48', '2013-07-12 12:19:48'),
(12, 'Pen Collection', '', 39, '2013-07-12 12:19:49', '2013-07-12 12:19:49'),
(13, 'Pen Collection', '', 39, '2013-07-12 12:19:50', '2013-07-12 12:19:50'),
(14, 'Pen Collection', '', 39, '2013-07-12 12:19:51', '2013-07-12 12:19:51'),
(15, 'Pen Collection', '', 39, '2013-07-12 12:19:52', '2013-07-12 12:19:52'),
(16, 'Pen Collection', '', 39, '2013-07-12 12:19:53', '2013-07-12 12:19:53'),
(17, 'multiple', '', 64, '2013-07-15 05:13:14', '2013-07-15 05:13:14'),
(18, 'tune', '', 64, '2013-07-15 05:27:23', '2013-07-15 05:27:23'),
(19, 'test', '', 64, '2013-07-15 05:27:23', '2013-07-15 05:27:23'),
(20, 'ptu', '', 64, '2013-07-15 05:27:23', '2013-07-15 05:27:23'),
(21, 'pu', '', 64, '2013-07-15 05:27:23', '2013-07-15 05:27:23'),
(22, 'h2', '', 64, '2013-07-15 05:27:23', '2013-07-15 05:27:23'),
(23, 'ptu', '', 67, '2013-07-15 08:24:29', '2013-07-15 08:24:29'),
(24, 'ptu', '', 67, '2013-07-15 08:24:29', '2013-07-15 08:24:29'),
(25, 'ptu', '', 67, '2013-07-15 08:24:29', '2013-07-15 08:24:29'),
(26, 'ptu', '', 67, '2013-07-15 08:24:32', '2013-07-15 08:24:32'),
(27, 'ptu', '', 67, '2013-07-15 08:24:32', '2013-07-15 08:24:32'),
(28, 'ptu', '', 67, '2013-07-15 08:24:32', '2013-07-15 08:24:32'),
(29, 'ptu', '', 67, '2013-07-15 08:24:34', '2013-07-15 08:24:34'),
(30, 'ptu', '', 67, '2013-07-15 08:24:34', '2013-07-15 08:24:34'),
(31, 'ptu', '', 67, '2013-07-15 08:24:34', '2013-07-15 08:24:34'),
(32, 'hxhxjd', '', 27, '2013-07-16 11:52:44', '2013-07-16 11:52:44'),
(33, 'my pens', '', 73, '2013-07-16 13:55:01', '2013-07-16 13:55:01'),
(34, 'pen collection', '', 73, '2013-07-16 13:55:01', '2013-07-16 13:55:01'),
(37, 'collectionTitle3', '', 7, '2013-07-17 12:54:55', '2013-07-17 12:54:55'),
(38, 'collectionTitle3', '', 7, '2013-07-17 12:55:36', '2013-07-17 12:55:36'),
(39, 'collectionTitle3', '', 7, '2013-07-17 12:56:49', '2013-07-17 12:56:49'),
(40, 'collectionTitle3', '', 7, '2013-07-17 12:57:26', '2013-07-17 12:57:26'),
(41, 'collectionTitle3', '', 7, '2013-07-17 12:58:07', '2013-07-17 12:58:07'),
(42, 'collectionTitle3', '', 7, '2013-07-17 13:01:56', '2013-07-17 13:01:56'),
(43, 'collectionTitle3', '', 7, '2013-07-17 13:02:08', '2013-07-17 13:02:08'),
(44, 'collectionTitle3', '', 7, '2013-07-17 13:02:21', '2013-07-17 13:02:21'),
(45, 'collectionTitle3', '', 7, '2013-07-17 13:03:18', '2013-07-17 13:03:18'),
(46, 'teri o bheodbhs hadgs jsc jd', '', 74, '2013-07-17 14:04:06', '2013-07-17 14:04:06'),
(47, 'tek', '', 74, '2013-07-17 16:32:31', '2013-07-17 16:32:31'),
(48, 'Bottles', '', 73, '2013-07-17 18:47:11', '2013-07-17 18:47:11'),
(49, 'Shoes', '', 31, '2013-07-17 18:48:52', '2013-07-17 18:48:52'),
(50, 'Guitars', '', 41, '2013-07-17 18:50:06', '2013-07-17 18:50:06'),
(51, 'dell laptops', '', 27, '2013-07-18 09:02:53', '2013-07-18 09:02:53'),
(52, 'IT Solutions', '', 27, '2013-07-18 09:32:32', '2013-07-18 09:32:32'),
(53, 'Dell keyboard', '', 113, '2013-07-19 12:48:47', '2013-07-19 12:48:47'),
(54, 'test', '', 27, '2013-07-19 13:04:37', '2013-07-19 13:04:37'),
(56, 'testing321', '', 114, '2013-07-19 15:21:36', '2013-07-19 15:21:36'),
(57, 'Black chair', '', 115, '2013-07-19 18:24:16', '2013-07-19 18:24:16'),
(58, 'Scottsdale', '', 41, '2013-07-19 22:51:14', '2013-07-19 22:51:14'),
(59, 'Artwork', '', 41, '2013-07-19 22:59:04', '2013-07-19 22:59:04'),
(60, 'Heritage Auctions', '', 41, '2013-07-20 15:03:48', '2013-07-20 15:03:48'),
(61, 'Motorcycle', '', 41, '2013-07-20 15:30:10', '2013-07-20 15:30:10'),
(62, 'Sneakers', '', 31, '2013-07-22 02:54:31', '2013-07-22 02:54:31'),
(63, 'dell', '', 112, '2013-07-22 13:14:14', '2013-07-22 13:14:14'),
(64, 'devices', '', 73, '2013-07-23 13:34:16', '2013-07-23 13:34:16'),
(65, 'laptop', '', 73, '2013-07-23 13:34:16', '2013-07-23 13:34:16'),
(66, 'bottle', '', 63, '2013-07-23 14:26:04', '2013-07-23 14:26:04'),
(67, 'LP', '', 78, '2013-07-23 16:58:47', '2013-07-23 16:58:47'),
(68, 'Starbucks', '', 41, '2013-07-23 17:38:24', '2013-07-23 17:38:24'),
(69, 'Technology', '', 27, '2013-07-24 11:46:26', '2013-07-24 11:46:26'),
(70, 'monitors', '', 63, '2013-07-24 13:09:27', '2013-07-24 13:09:27'),
(71, 'visual devices', '', 63, '2013-07-24 13:09:27', '2013-07-24 13:09:27'),
(72, 'Home Accessories', '', 41, '2013-07-24 15:12:57', '2013-07-24 15:12:57'),
(73, 'wires', '', 120, '2013-07-24 15:29:11', '2013-07-24 15:29:11'),
(74, 'Wine', '', 41, '2013-07-24 16:49:44', '2013-07-24 16:49:44'),
(75, 'Reading', '', 41, '2013-07-24 17:39:46', '2013-07-24 17:39:46'),
(76, 'Cars', '', 41, '2013-07-24 18:51:05', '2013-07-24 18:51:05'),
(77, 'Vintage Photos', '', 121, '2013-07-25 14:38:05', '2013-07-25 14:38:05'),
(78, 'animals', '', 41, '2013-07-25 20:27:11', '2013-07-25 20:27:11'),
(79, 'laptops', '', 120, '2013-07-26 03:44:49', '2013-07-26 03:44:49'),
(80, 'apple', '', 120, '2013-07-26 03:50:36', '2013-07-26 03:50:36'),
(81, 'furniture', '', 62, '2013-07-26 15:23:31', '2013-07-26 15:23:31'),
(82, 'office furniture', '', 62, '2013-07-26 15:23:31', '2013-07-26 15:23:31'),
(83, 'Bath', '', 41, '2013-07-26 19:48:39', '2013-07-26 19:48:39'),
(84, 'Toys', '', 41, '2013-07-26 19:48:39', '2013-07-26 19:48:39'),
(85, 'Guitars', '', 41, '2013-07-26 22:05:17', '2013-07-26 22:05:17'),
(86, 'outdoors', '', 129, '2013-07-27 14:49:53', '2013-07-27 14:49:53'),
(87, 'working for hero', '', 113, '2013-07-29 09:50:22', '2013-07-29 09:50:22'),
(88, 'Nokia', '', 113, '2013-07-29 10:02:48', '2013-07-29 10:02:48');

-- --------------------------------------------------------

--
-- Table structure for table `itemimages`
--

CREATE TABLE IF NOT EXISTS `itemimages` (
  `id` int(11) NOT NULL AUTO_INCREMENT,
  `user_id` int(11) NOT NULL,
  `item_id` int(11) NOT NULL,
  `image_title` varchar(400) NOT NULL,
  `image_description` varchar(700) NOT NULL,
  `image_url` varchar(300) NOT NULL,
  `image_size` varchar(300) NOT NULL,
  `thumb_url` varchar(300) NOT NULL,
  `image_type` varchar(300) NOT NULL,
  `created` datetime NOT NULL,
  `modified` datetime NOT NULL,
  PRIMARY KEY (`id`)
) ENGINE=InnoDB  DEFAULT CHARSET=latin1 AUTO_INCREMENT=275 ;

--
-- Dumping data for table `itemimages`
--

INSERT INTO `itemimages` (`id`, `user_id`, `item_id`, `image_title`, `image_description`, `image_url`, `image_size`, `thumb_url`, `image_type`, `created`, `modified`) VALUES
(1, 27, 1, '', '', 'item_1_image51e4b49aa540f.jpg', '', '', '', '2013-07-10 10:10:52', '2013-07-16 08:18:58'),
(2, 27, 1, '', '', 'item_1_image51dce686c097b.jpg', '', '', '', '2013-07-10 10:13:50', '2013-07-10 10:13:50'),
(3, 27, 1, '', '', 'item_1_image51dce7f50dbf7.jpg', '', '', '', '2013-07-10 10:19:57', '2013-07-10 10:19:57'),
(4, 27, 1, '', '', 'item_1_image51dce7f7a7dab.jpg', '', '', '', '2013-07-10 10:19:59', '2013-07-10 10:19:59'),
(5, 61, 11, '', '', 'item_11_image51dd06d74844c.jpg', '', '', '', '2013-07-10 12:31:43', '2013-07-10 12:31:43'),
(6, 38, 12, '', '', 'item_12_image51dd4b49b81c7.jpg', '', '', '', '2013-07-10 17:23:45', '2013-07-10 17:23:45'),
(7, 27, 13, '', '', 'item_13_image51de3cbf7ef30.jpg', '', '', '', '2013-07-11 10:33:59', '2013-07-11 10:33:59'),
(8, 27, 14, '', '', 'item_14_image51de48cc571bf.jpg', '', '', '', '2013-07-11 11:25:24', '2013-07-11 11:25:24'),
(9, 64, 23, '', '', 'item_23_image51e337928562d.jpg', '', '', '', '2013-07-15 05:13:14', '2013-07-15 05:13:14'),
(10, 27, 38, '', '', 'item_38_image51e39f1bab412.jpg', '', '', '', '2013-07-15 12:34:59', '2013-07-15 12:34:59'),
(11, 27, 39, '', '', 'item_39_image51e3a06383bec.jpg', '', '', '', '2013-07-15 12:40:27', '2013-07-15 12:40:27'),
(12, 27, 1, '', '', 'item_1_image51e4b562de500.jpg', '', '', '', '2013-07-16 08:22:18', '2013-07-16 08:22:18'),
(13, 27, 46, '', '', 'item_46_image51e4d38db42b2.jpg', '', '', '', '2013-07-16 10:31:01', '2013-07-16 10:31:01'),
(14, 27, 51, '', '', 'item_51_image51e4d70770fa5.jpg', '', '', '', '2013-07-16 10:45:51', '2013-07-16 10:45:51'),
(15, 27, 52, '', '', 'item_52_image51e4d7d515937.jpg', '', '', '', '2013-07-16 10:49:17', '2013-07-16 10:49:17'),
(16, 27, 53, '', '', 'item_53_image51e4d99f86d55.jpg', '', '', '', '2013-07-16 10:56:55', '2013-07-16 10:56:55'),
(17, 27, 54, '', '', 'item_54_image51e4dd90ca277.jpg', '', '', '', '2013-07-16 11:13:44', '2013-07-16 11:13:44'),
(18, 27, 55, '', '', 'item_55_image51e4e0f3c028c.jpg', '', '', '', '2013-07-16 11:28:11', '2013-07-16 11:28:11'),
(19, 27, 56, '', '', 'item_56_image51e4e237bb09b.jpg', '', '', '', '2013-07-16 11:33:35', '2013-07-16 11:33:35'),
(20, 27, 57, '', '', 'item_57_image51e4e6b940152.jpg', '', '', '', '2013-07-16 11:52:49', '2013-07-16 11:52:49'),
(21, 27, 58, '', '', 'item_58_image51e4e8003d260.jpg', '', '', '', '2013-07-16 11:58:16', '2013-07-16 11:58:16'),
(22, 73, 59, '', '', 'item_59_image51e5035dbf073.jpg', '', '', '', '2013-07-16 13:55:01', '2013-07-16 13:55:01'),
(23, 73, 60, '', '', 'item_60_image51e504a4e892b.jpg', '', '', '', '2013-07-16 14:00:28', '2013-07-16 14:00:28'),
(24, 73, 60, '', '', 'item_60_image51e50523409a2.jpg', '', '', '', '2013-07-16 14:02:35', '2013-07-16 14:02:35'),
(25, 27, 61, '', '', 'item_61_image51e513d25a4bd.jpg', '', '', '', '2013-07-16 15:05:14', '2013-07-16 15:05:14'),
(43, 74, 64, '', '', 'item_64_image51e656fea1f06.jpg', '', '', '', '2013-07-17 14:04:06', '2013-07-17 14:04:06'),
(44, 74, 64, '', '', 'item_64_image51e65735ef565.jpg', '', '', '', '2013-07-17 14:05:02', '2013-07-17 14:05:02'),
(45, 74, 64, '', '', 'item_64_image51e657b9a72fa.jpg', '', '', '', '2013-07-17 14:07:13', '2013-07-17 14:07:13'),
(46, 74, 64, '', '', 'item_64_image51e657e0699a7.jpg', '', '', '', '2013-07-17 14:07:52', '2013-07-17 14:07:52'),
(47, 74, 64, '', '', 'item_64_image51e657f85905c.jpg', '', '', '', '2013-07-17 14:08:16', '2013-07-17 14:08:16'),
(48, 74, 64, '', '', 'item_64_image51e6581817165.jpg', '', '', '', '2013-07-17 14:08:48', '2013-07-17 14:08:48'),
(49, 74, 64, '', '', 'item_64_image51e658489cc50.jpg', '', '', '', '2013-07-17 14:09:36', '2013-07-17 14:09:36'),
(50, 74, 64, '', '', 'item_64_image51e659573b6fb.jpg', '', '', '', '2013-07-17 14:14:07', '2013-07-17 14:14:07'),
(51, 74, 64, '', '', 'item_64_image51e6597787999.jpg', '', '', '', '2013-07-17 14:14:39', '2013-07-17 14:14:39'),
(52, 74, 64, '', '', 'item_64_image51e65c8eef651.jpg', '', '', '', '2013-07-17 14:27:50', '2013-07-17 14:27:50'),
(53, 74, 64, '', '', 'item_64_image51e6687addf24.jpg', '', '', '', '2013-07-17 15:18:42', '2013-07-17 15:18:42'),
(54, 74, 64, '', '', 'item_64_image51e6689e17599.jpg', '', '', '', '2013-07-17 15:19:18', '2013-07-17 15:19:18'),
(55, 74, 64, '', '', 'item_64_image51e6696f111b2.jpg', '', '', '', '2013-07-17 15:22:47', '2013-07-17 15:22:47'),
(56, 74, 64, '', '', 'item_64_image51e669d31ee30.jpg', '', '', '', '2013-07-17 15:24:27', '2013-07-17 15:24:27'),
(57, 74, 64, '', '', 'item_64_image51e67339486da.jpg', '', '', '', '2013-07-17 16:04:33', '2013-07-17 16:04:33'),
(58, 74, 64, '', '', 'item_64_image51e6734f20a1a.jpg', '', '', '', '2013-07-17 16:04:55', '2013-07-17 16:04:55'),
(59, 74, 64, '', '', 'item_64_image51e673831defc.jpg', '', '', '', '2013-07-17 16:05:47', '2013-07-17 16:05:47'),
(60, 74, 64, '', '', 'item_64_image51e6744fecb77.jpg', '', '', '', '2013-07-17 16:09:11', '2013-07-17 16:09:11'),
(61, 74, 64, '', '', 'item_64_image51e6769727939.jpg', '', '', '', '2013-07-17 16:18:55', '2013-07-17 16:18:55'),
(62, 74, 64, '', '', 'item_64_image51e6771d0ead6.jpg', '', '', '', '2013-07-17 16:21:09', '2013-07-17 16:21:09'),
(63, 74, 64, '', '', 'item_64_image51e67798548ec.jpg', '', '', '', '2013-07-17 16:23:12', '2013-07-17 16:23:12'),
(64, 74, 64, '', '', 'item_64_image51e6782bd012e.jpg', '', '', '', '2013-07-17 16:25:39', '2013-07-17 16:25:39'),
(65, 74, 65, '', '', 'item_65_image51e679c7ba81d.jpg', '', '', '', '2013-07-17 16:32:31', '2013-07-17 16:32:31'),
(66, 74, 65, '', '', 'item_65_image51e679f42406a.jpg', '', '', '', '2013-07-17 16:33:16', '2013-07-17 16:33:16'),
(67, 74, 65, '', '', 'item_65_image51e67e447189a.jpg', '', '', '', '2013-07-17 16:51:40', '2013-07-17 16:51:40'),
(68, 73, 66, '', '', 'item_66_image51e69957aacc0.jpg', '', '', '', '2013-07-17 18:47:11', '2013-07-17 18:47:11'),
(69, 31, 67, '', '', 'item_67_image51e699beb7d49.jpg', '', '', '', '2013-07-17 18:48:54', '2013-07-17 18:48:54'),
(70, 41, 68, '', '', 'item_68_image51e69a0718c0d.jpg', '', '', '', '2013-07-17 18:50:07', '2013-07-17 18:50:07'),
(71, 41, 68, '', '', 'item_68_image51e69c7f0fe3e.jpg', '', '', '', '2013-07-17 19:00:39', '2013-07-17 19:00:39'),
(72, 41, 69, '', '', 'item_69_image51e69cf95c357.jpg', '', '', '', '2013-07-17 19:02:41', '2013-07-17 19:02:41'),
(73, 41, 68, '', '', 'item_68_image51e6a023dd5bd.jpg', '', '', '', '2013-07-17 19:16:11', '2013-07-17 19:16:11'),
(74, 41, 69, '', '', 'item_69_image51e6a053ca9dd.jpg', '', '', '', '2013-07-17 19:16:59', '2013-07-17 19:16:59'),
(75, 41, 68, '', '', 'item_68_image51e6a313cb8c1.jpg', '', '', '', '2013-07-17 19:28:43', '2013-07-17 19:28:43'),
(76, 74, 65, '', '', 'item_65_image51e75cecdac4f.jpg', '', '', '', '2013-07-18 08:41:40', '2013-07-18 08:41:40'),
(77, 74, 65, '', '', 'item_65_image51e75d1ee7b4b.jpg', '', '', '', '2013-07-18 08:42:30', '2013-07-18 08:42:30'),
(78, 27, 61, '', '', 'item_61_image51e75ebcae86d.jpg', '', '', '', '2013-07-18 08:49:24', '2013-07-18 08:49:24'),
(79, 27, 61, '', '', 'item_61_image51e75ec7b3559.jpg', '', '', '', '2013-07-18 08:49:35', '2013-07-18 08:49:35'),
(80, 27, 61, '', '', 'item_61_image51e75ed8a855d.jpg', '', '', '', '2013-07-18 08:49:52', '2013-07-18 08:49:52'),
(81, 27, 61, '', '', 'item_61_image51e75fe39dc69.jpg', '', '', '', '2013-07-18 08:54:19', '2013-07-18 08:54:19'),
(82, 27, 61, '', '', 'item_61_image51e75fe87f6ed.jpg', '', '', '', '2013-07-18 08:54:24', '2013-07-18 08:54:24'),
(83, 27, 61, '', '', 'item_61_image51e760935ff3f.jpg', '', '', '', '2013-07-18 08:57:15', '2013-07-18 08:57:15'),
(84, 27, 70, '', '', 'item_70_image51e761e61f37e.jpg', '', '', '', '2013-07-18 09:02:54', '2013-07-18 09:02:54'),
(85, 27, 70, '', '', 'item_70_image51e762cd25065.jpg', '', '', '', '2013-07-18 09:06:45', '2013-07-18 09:06:45'),
(86, 27, 70, '', '', 'item_70_image51e7630b64e56.jpg', '', '', '', '2013-07-18 09:07:47', '2013-07-18 09:07:47'),
(87, 27, 70, '', '', 'item_70_image51e763322f1c2.jpg', '', '', '', '2013-07-18 09:08:26', '2013-07-18 09:08:26'),
(88, 27, 70, '', '', 'item_70_image51e765fda69e6.jpg', '', '', '', '2013-07-18 09:20:21', '2013-07-18 09:20:21'),
(89, 27, 71, '', '', 'item_71_image51e768d8c4a0b.jpg', '', '', '', '2013-07-18 09:32:32', '2013-07-18 09:32:32'),
(90, 27, 71, '', '', 'item_71_image51e7693f519e5.jpg', '', '', '', '2013-07-18 09:34:15', '2013-07-18 09:34:15'),
(91, 27, 71, '', '', 'item_71_image51e769acc593c.jpg', '', '', '', '2013-07-18 09:36:04', '2013-07-18 09:36:04'),
(92, 27, 71, '', '', 'item_71_image51e769d7e88e5.jpg', '', '', '', '2013-07-18 09:36:47', '2013-07-18 09:36:47'),
(93, 27, 71, '', '', 'item_71_image51e76f9a59dc4.jpg', '', '', '', '2013-07-18 10:01:22', '2013-07-18 10:01:22'),
(94, 27, 71, '', '', 'item_71_image51e785b37a837.jpg', '', '', '', '2013-07-18 11:35:39', '2013-07-18 11:35:39'),
(95, 27, 72, '', '', 'item_72_image51e78fb3b0177.jpg', '', '', '', '2013-07-18 12:18:19', '2013-07-18 12:18:19'),
(96, 27, 73, '', '', 'item_73_image51e793134ca58.jpg', '', '', '', '2013-07-18 12:32:43', '2013-07-18 12:32:43'),
(97, 27, 74, '', '', 'item_74_image51e7934ec2e91.jpg', '', '', '', '2013-07-18 12:33:42', '2013-07-18 12:33:42'),
(98, 27, 75, '', '', 'item_75_image51e793698c8cc.jpg', '', '', '', '2013-07-18 12:34:09', '2013-07-18 12:34:09'),
(99, 113, 76, '', '', 'item_76_image51e8e85865402.jpg', '', '', '', '2013-07-19 12:48:48', '2013-07-19 12:48:48'),
(100, 27, 77, '', '', 'item_77_image51e8ec0e2656b.jpg', '', '', '', '2013-07-19 13:04:38', '2013-07-19 13:04:38'),
(103, 114, 79, '', '', 'item_79_image51e90c2868eff.jpg', '', '', '', '2013-07-19 15:21:36', '2013-07-19 15:21:36'),
(104, 115, 80, '', '', 'item_80_image51e936f8d7d17.jpg', '', '', '', '2013-07-19 18:24:16', '2013-07-19 18:24:16'),
(105, 115, 80, '', '', 'item_80_image51e9372f01132.jpg', '', '', '', '2013-07-19 18:25:11', '2013-07-19 18:25:11'),
(106, 115, 80, '', '', 'item_80_image51e9375b1bfad.jpg', '', '', '', '2013-07-19 18:25:55', '2013-07-19 18:25:55'),
(107, 115, 80, '', '', 'item_80_image51e9376cc4736.jpg', '', '', '', '2013-07-19 18:26:12', '2013-07-19 18:26:12'),
(108, 115, 80, '', '', 'item_80_image51e9377f1a80a.jpg', '', '', '', '2013-07-19 18:26:31', '2013-07-19 18:26:31'),
(109, 41, 68, '', '', 'item_68_image51e9758d14382.jpg', '', '', '', '2013-07-19 22:51:17', '2013-07-19 22:51:17'),
(110, 41, 69, '', '', 'item_69_image51e97620df8af.jpg', '', '', '', '2013-07-19 22:53:44', '2013-07-19 22:53:44'),
(111, 41, 69, '', '', 'item_69_image51e97651a1c59.jpg', '', '', '', '2013-07-19 22:54:33', '2013-07-19 22:54:33'),
(112, 41, 81, '', '', 'item_81_image51e9776329351.jpg', '', '', '', '2013-07-19 22:59:07', '2013-07-19 22:59:07'),
(113, 41, 68, '', '', 'item_68_image51e979e9420c1.jpg', '', '', '', '2013-07-19 23:09:53', '2013-07-19 23:09:53'),
(114, 41, 81, '', '', 'item_81_image51e97a590e96b.jpg', '', '', '', '2013-07-19 23:11:45', '2013-07-19 23:11:45'),
(115, 41, 69, '', '', 'item_69_image51ea597eae567.jpg', '', '', '', '2013-07-20 15:03:50', '2013-07-20 15:03:50'),
(116, 41, 82, '', '', 'item_82_image51ea5fac6ed36.jpg', '', '', '', '2013-07-20 15:30:12', '2013-07-20 15:30:12'),
(117, 41, 83, '', '', 'item_83_image51ec38ac96f55.jpg', '', '', '', '2013-07-22 01:08:20', '2013-07-22 01:08:20'),
(118, 41, 83, '', '', 'item_83_image51ec391de150d.jpg', '', '', '', '2013-07-22 01:10:13', '2013-07-22 01:10:13'),
(119, 41, 83, '', '', 'item_83_image51ec397844cd9.jpg', '', '', '', '2013-07-22 01:11:44', '2013-07-22 01:11:44'),
(120, 31, 84, '', '', 'item_84_image51ec5026c1727.jpg', '', '', '', '2013-07-22 02:48:30', '2013-07-22 02:48:30'),
(121, 31, 67, '', '', 'item_67_image51ec50be7421b.jpg', '', '', '', '2013-07-22 02:51:02', '2013-07-22 02:51:02'),
(122, 31, 84, '', '', 'item_84_image51ec51936c633.jpg', '', '', '', '2013-07-22 02:54:35', '2013-07-22 02:54:35'),
(123, 27, 85, '', '', 'item_85_image51ec8a65e0256.jpg', '', '', '', '2013-07-22 06:57:01', '2013-07-22 06:57:01'),
(124, 27, 58, '', '', 'item_58_image51ecc7bb4b71e.jpg', '', '', '', '2013-07-22 11:18:43', '2013-07-22 11:18:43'),
(125, 27, 58, '', '', 'item_58_image51ecc7f70455b.jpg', '', '', '', '2013-07-22 11:19:43', '2013-07-22 11:19:43'),
(126, 27, 58, '', '', 'item_58_image51ecc81707d40.jpg', '', '', '', '2013-07-22 11:20:15', '2013-07-22 11:20:15'),
(127, 27, 58, '', '', 'item_58_image51ecc83481d90.jpg', '', '', '', '2013-07-22 11:20:44', '2013-07-22 11:20:44'),
(128, 27, 77, '', '', 'item_77_image51ecc887866b9.jpg', '', '', '', '2013-07-22 11:22:07', '2013-07-22 11:22:07'),
(129, 27, 77, '', '', 'item_77_image51ecc98889d84.jpg', '', '', '', '2013-07-22 11:26:24', '2013-07-22 11:26:24'),
(130, 27, 77, '', '', 'item_77_image51ecca0c6aaff.jpg', '', '', '', '2013-07-22 11:28:36', '2013-07-22 11:28:36'),
(131, 27, 77, '', '', 'item_77_image51ecca242deef.jpg', '', '', '', '2013-07-22 11:29:00', '2013-07-22 11:29:00'),
(132, 27, 56, '', '', 'item_56_image51ecd416a8317.jpg', '', '', '', '2013-07-22 12:11:26', '2013-07-22 12:11:26'),
(133, 27, 56, '', '', 'item_56_image51ecd5fa84774.jpg', '', '', '', '2013-07-22 12:19:30', '2013-07-22 12:19:30'),
(134, 27, 58, '', '', 'item_58_image51ecd61ba9734.jpg', '', '', '', '2013-07-22 12:20:03', '2013-07-22 12:20:03'),
(135, 27, 58, '', '', 'item_58_image51ecd634be273.jpg', '', '', '', '2013-07-22 12:20:28', '2013-07-22 12:20:28'),
(136, 27, 55, '', '', 'item_55_image51ecd73d3e157.jpg', '', '', '', '2013-07-22 12:24:53', '2013-07-22 12:24:53'),
(137, 27, 54, '', '', 'item_54_image51ecd90821e93.jpg', '', '', '', '2013-07-22 12:32:32', '2013-07-22 12:32:32'),
(138, 27, 54, '', '', 'item_54_image51ecd92983465.jpg', '', '', '', '2013-07-22 12:33:05', '2013-07-22 12:33:05'),
(139, 27, 86, '', '', 'item_86_image51ecdbfdb156e.jpg', '', '', '', '2013-07-22 12:45:09', '2013-07-22 12:45:09'),
(140, 27, 87, '', '', 'item_87_image51ecdc4c89956.jpg', '', '', '', '2013-07-22 12:46:28', '2013-07-22 12:46:28'),
(141, 27, 87, '', '', 'item_87_image51ecdc74471a3.jpg', '', '', '', '2013-07-22 12:47:08', '2013-07-22 12:47:08'),
(142, 27, 87, '', '', 'item_87_image51ecdc987dc03.jpg', '', '', '', '2013-07-22 12:47:44', '2013-07-22 12:47:44'),
(143, 27, 87, '', '', 'item_87_image51ecdcebeeca5.jpg', '', '', '', '2013-07-22 12:49:07', '2013-07-22 12:49:07'),
(144, 27, 87, '', '', 'item_87_image51ecddb9e34ec.jpg', '', '', '', '2013-07-22 12:52:33', '2013-07-22 12:52:33'),
(145, 27, 87, '', '', 'item_87_image51ecdde9524c6.jpg', '', '', '', '2013-07-22 12:53:21', '2013-07-22 12:53:21'),
(146, 27, 87, '', '', 'item_87_image51ecde9592a99.jpg', '', '', '', '2013-07-22 12:56:13', '2013-07-22 12:56:13'),
(147, 27, 77, '', '', 'item_77_image51ece068de6be.jpg', '', '', '', '2013-07-22 13:04:00', '2013-07-22 13:04:00'),
(148, 112, 88, '', '', 'item_88_image51ece2ced0819.jpg', '', '', '', '2013-07-22 13:14:14', '2013-07-22 13:14:14'),
(149, 112, 89, '', '', 'item_89_image51ece369731d4.jpg', '', '', '', '2013-07-22 13:16:49', '2013-07-22 13:16:49'),
(150, 112, 89, '', '', 'item_89_image51ece37c73c26.jpg', '', '', '', '2013-07-22 13:17:08', '2013-07-22 13:17:08'),
(151, 27, 90, '', '', 'item_90_image51ecebbe718ae.jpg', '', '', '', '2013-07-22 13:52:22', '2013-07-22 13:52:22'),
(152, 112, 91, '', '', 'item_91_image51eceed6d9f68.jpg', '', '', '', '2013-07-22 14:05:34', '2013-07-22 14:05:34'),
(153, 27, 92, '', '', 'item_92_image51ecf146901f2.jpg', '', '', '', '2013-07-22 14:15:58', '2013-07-22 14:15:58'),
(154, 27, 93, '', '', 'item_93_image51ecf1dee84a0.jpg', '', '', '', '2013-07-22 14:18:30', '2013-07-22 14:18:30'),
(155, 27, 90, '', '', 'item_90_image51ecf6e24a2e2.jpg', '', '', '', '2013-07-22 14:39:54', '2013-07-22 14:39:54'),
(156, 27, 92, '', '', 'item_92_image51ecf8d719bd1.jpg', '', '', '', '2013-07-22 14:48:15', '2013-07-22 14:48:15'),
(157, 73, 94, '', '', 'item_94_image51ed2969d8c79.jpg', '', '', '', '2013-07-22 18:15:29', '2013-07-22 18:15:29'),
(158, 27, 93, '', '', 'item_93_image51edb880cf0d7.jpg', '', '', '', '2013-07-23 04:26:00', '2013-07-23 04:26:00'),
(159, 27, 93, '', '', 'item_93_image51edb8b2b85a7.jpg', '', '', '', '2013-07-23 04:26:50', '2013-07-23 04:26:50'),
(160, 27, 93, '', '', 'item_93_image51edb8bb1bce9.jpg', '', '', '', '2013-07-23 04:26:59', '2013-07-23 04:26:59'),
(161, 27, 93, '', '', 'item_93_image51edb94587645.jpg', '', '', '', '2013-07-23 04:29:17', '2013-07-23 04:29:17'),
(162, 27, 96, '', '', 'item_96_image51edcb19d5e3a.jpg', '', '', '', '2013-07-23 05:45:21', '2013-07-23 05:45:21'),
(163, 27, 96, '', '', 'item_96_image51edcb3670208.jpg', '', '', '', '2013-07-23 05:45:50', '2013-07-23 05:45:50'),
(164, 27, 93, '', '', 'item_93_image51edcb679680b.jpg', '', '', '', '2013-07-23 05:46:39', '2013-07-23 05:46:39'),
(165, 27, 95, '', '', 'item_95_image51edcc3597409.jpg', '', '', '', '2013-07-23 05:50:05', '2013-07-23 05:50:05'),
(166, 27, 95, '', '', 'item_95_image51edd396c65f0.jpg', '', '', '', '2013-07-23 06:21:34', '2013-07-23 06:21:34'),
(167, 27, 95, '', '', 'item_95_image51edd3c434152.jpg', '', '', '', '2013-07-23 06:22:20', '2013-07-23 06:22:20'),
(168, 27, 96, '', '', 'item_96_image51edd3e5e92cd.jpg', '', '', '', '2013-07-23 06:22:53', '2013-07-23 06:22:53'),
(169, 27, 96, '', '', 'item_96_image51edd4bcabb7b.jpg', '', '', '', '2013-07-23 06:26:28', '2013-07-23 06:26:28'),
(170, 27, 95, '', '', 'item_95_image51ee0e09ab868.jpg', '', '', '', '2013-07-23 10:30:57', '2013-07-23 10:30:57'),
(171, 73, 97, '', '', 'item_97_image51ee3901c74e0.jpg', '', '', '', '2013-07-23 13:34:17', '2013-07-23 13:34:17'),
(172, 63, 98, '', '', 'item_98_image51ee4526207dc.jpg', '', '', '', '2013-07-23 14:26:06', '2013-07-23 14:26:06'),
(173, 63, 99, '', '', 'item_99_image51ee528e253c2.jpg', '', '', '', '2013-07-23 15:23:18', '2013-07-23 15:23:18'),
(174, 63, 100, '', '', 'item_100_image51ee58a427c0f.jpg', '', '', '', '2013-07-23 15:49:16', '2013-07-23 15:49:16'),
(175, 78, 101, '', '', 'item_101_image51ee68f392b3e.jpg', '', '', '', '2013-07-23 16:58:51', '2013-07-23 16:58:51'),
(176, 78, 102, '', '', 'item_102_image51ee699acf444.jpg', '', '', '', '2013-07-23 17:01:38', '2013-07-23 17:01:38'),
(177, 41, 103, '', '', 'item_103_image51ee7241a91f5.jpg', '', '', '', '2013-07-23 17:38:33', '2013-07-23 17:38:33'),
(178, 41, 103, '', '', 'item_103_image51ee991de8c36.jpg', '', '', '', '2013-07-23 20:24:21', '2013-07-23 20:24:21'),
(179, 78, 101, '', '', 'item_101_image51eea0c5047fd.jpg', '', '', '', '2013-07-23 20:57:01', '2013-07-23 20:57:01'),
(180, 27, 96, '', '', 'item_96_image51ef6c9f90343.jpg', '', '', '', '2013-07-24 11:26:47', '2013-07-24 11:26:47'),
(181, 27, 93, '', '', 'item_93_image51ef6cb763243.jpg', '', '', '', '2013-07-24 11:27:11', '2013-07-24 11:27:11'),
(182, 27, 104, '', '', 'item_104_image51ef713b3aa70.jpg', '', '', '', '2013-07-24 11:46:27', '2013-07-24 11:46:27'),
(183, 63, 105, '', '', 'item_105_image51ef84b39985f.jpg', '', '', '', '2013-07-24 13:09:31', '2013-07-24 13:09:31'),
(184, 27, 104, '', '', 'item_104_image51ef85f991509.jpg', '', '', '', '2013-07-24 13:14:57', '2013-07-24 13:14:57'),
(185, 63, 98, '', '', 'item_98_image51ef870c0f1db.jpg', '', '', '', '2013-07-24 13:19:32', '2013-07-24 13:19:32'),
(186, 41, 106, '', '', 'item_106_image51efa1a50669a.jpg', '', '', '', '2013-07-24 15:13:01', '2013-07-24 15:13:01'),
(187, 120, 107, '', '', 'item_107_image51efa57076c8a.jpg', '', '', '', '2013-07-24 15:29:12', '2013-07-24 15:29:12'),
(188, 120, 107, '', '', 'item_107_image51efa5d9b87af.jpg', '', '', '', '2013-07-24 15:30:57', '2013-07-24 15:30:57'),
(189, 120, 107, '', '', 'item_107_image51efa6193fcc3.jpg', '', '', '', '2013-07-24 15:32:01', '2013-07-24 15:32:01'),
(190, 41, 69, '', '', 'item_69_image51efa65509ec4.jpg', '', '', '', '2013-07-24 15:33:01', '2013-07-24 15:33:01'),
(191, 41, 83, '', '', 'item_83_image51efaca06d97d.jpg', '', '', '', '2013-07-24 15:59:52', '2013-07-24 15:59:52'),
(192, 41, 82, '', '', 'item_82_image51efaf02747eb.jpg', '', '', '', '2013-07-24 16:10:02', '2013-07-24 16:10:02'),
(193, 41, 68, '', '', 'item_68_image51efaf99e6b98.jpg', '', '', '', '2013-07-24 16:12:33', '2013-07-24 16:12:33'),
(194, 120, 107, '', '', 'item_107_image51efb2351ddf6.jpg', '', '', '', '2013-07-24 16:23:41', '2013-07-24 16:23:41'),
(195, 120, 107, '', '', 'item_107_image51efb24977108.jpg', '', '', '', '2013-07-24 16:24:01', '2013-07-24 16:24:01'),
(196, 27, 96, '', '', 'item_96_image51efb4752a68e.jpg', '', '', '', '2013-07-24 16:33:17', '2013-07-24 16:33:17'),
(197, 41, 108, '', '', 'item_108_image51efb87e28756.jpg', '', '', '', '2013-07-24 16:50:30', '2013-07-24 16:50:30'),
(198, 41, 108, '', '', 'item_108_image51efb93acdd33.jpg', '', '', '', '2013-07-24 16:53:38', '2013-07-24 16:53:38'),
(199, 41, 108, '', '', 'item_108_image51efb98660da8.jpg', '', '', '', '2013-07-24 16:54:54', '2013-07-24 16:54:54'),
(200, 41, 109, '', '', 'item_109_image51efc449c2ac5.jpg', '', '', '', '2013-07-24 17:40:49', '2013-07-24 17:40:49'),
(201, 41, 103, '', '', 'item_103_image51efcdd575a82.jpg', '', '', '', '2013-07-24 18:21:33', '2013-07-24 18:21:33'),
(202, 41, 110, '', '', 'item_110_image51efce820fb11.jpg', '', '', '', '2013-07-24 18:24:26', '2013-07-24 18:24:26'),
(203, 41, 111, '', '', 'item_111_image51efd120a4f94.jpg', '', '', '', '2013-07-24 18:35:36', '2013-07-24 18:35:36'),
(204, 41, 112, '', '', 'item_112_image51efd4c30f034.jpg', '', '', '', '2013-07-24 18:51:07', '2013-07-24 18:51:07'),
(205, 41, 113, '', '', 'item_113_image51efd6ab6f6f3.jpg', '', '', '', '2013-07-24 18:59:15', '2013-07-24 18:59:15'),
(206, 27, 52, '', '', 'item_1_image51e4b562de500.jpg', '', '', '', '0000-00-00 00:00:00', '0000-00-00 00:00:00'),
(207, 121, 114, '', '', 'item_114_image51f0eaf744237.jpg', '', '', '', '2013-07-25 14:38:07', '2013-07-25 14:38:07'),
(208, 27, 96, '', '', 'item_96_image51f0fd292ddbd.jpg', '', '', '', '2013-07-25 15:55:45', '2013-07-25 15:55:45'),
(209, 27, 96, '', '', 'item_96_image51f10a41c979a.jpg', '', '', '', '2013-07-25 16:51:37', '2013-07-25 16:51:37'),
(210, 27, 96, '', '', 'item_96_image51f10e9764784.jpg', '', '', '', '2013-07-25 17:10:07', '2013-07-25 17:10:07'),
(211, 41, 113, '', '', 'item_113_image51f10ff67db50.jpg', '', '', '', '2013-07-25 17:15:58', '2013-07-25 17:15:58'),
(212, 41, 113, '', '', 'item_113_image51f110444fda6.jpg', '', '', '', '2013-07-25 17:17:16', '2013-07-25 17:17:16'),
(213, 31, 115, '', '', 'item_115_image51f123d95dc31.jpg', '', '', '', '2013-07-25 18:40:49', '2013-07-25 18:40:49'),
(214, 41, 116, '', '', 'item_116_image51f13ccbeabec.jpg', '', '', '', '2013-07-25 20:27:15', '2013-07-25 20:27:15'),
(215, 41, 116, '', '', 'item_116_image51f13e6a6e5b9.jpg', '', '', '', '2013-07-25 20:34:10', '2013-07-25 20:34:10'),
(216, 41, 116, '', '', 'item_116_image51f13ee1e41eb.jpg', '', '', '', '2013-07-25 20:36:09', '2013-07-25 20:36:09'),
(217, 120, 117, '', '', 'item_117_image51f1a35a8e1c5.jpg', '', '', '', '2013-07-26 03:44:50', '2013-07-26 03:44:50'),
(218, 120, 118, '', '', 'item_118_image51f1a4b54306d.jpg', '', '', '', '2013-07-26 03:50:37', '2013-07-26 03:50:37'),
(219, 63, 105, '', '', 'item_105_image51f1af1fb98fc.jpg', '', '', '', '2013-07-26 04:35:03', '2013-07-26 04:35:03'),
(220, 27, 125, '', '', 'item_125_image51f1c67adf97f.jpg', '', '', '', '2013-07-26 06:14:42', '2013-07-26 06:14:42'),
(221, 27, 126, '', '', 'item_126_image51f1c6c3cbfb6.jpg', '', '', '', '2013-07-26 06:15:55', '2013-07-26 06:15:55'),
(222, 27, 96, '', '', 'item_96_image51f1d15037181.jpg', '', '', '', '2013-07-26 07:00:56', '2013-07-26 07:00:56'),
(223, 27, 96, '', '', 'item_96_image51f1d20e16544.jpg', '', '', '', '2013-07-26 07:04:06', '2013-07-26 07:04:06'),
(224, 27, 96, '', '', 'item_96_image51f1d2ff1e028.jpg', '', '', '', '2013-07-26 07:08:07', '2013-07-26 07:08:07'),
(225, 27, 96, '', '', 'item_96_image51f1d3568a69c.jpg', '', '', '', '2013-07-26 07:09:34', '2013-07-26 07:09:34'),
(226, 78, 127, '', '', 'item_127_image51f1e6a5cd5e8.jpg', '', '', '', '2013-07-26 08:31:57', '2013-07-26 08:31:57'),
(227, 27, 128, '', '', 'item_128_image51f1edf168ce2.jpg', '', '', '', '2013-07-26 09:03:05', '2013-07-26 09:03:05'),
(228, 27, 129, '', '', 'item_129_image51f218b6e638a.jpg', '', '', '', '2013-07-26 12:05:34', '2013-07-26 12:05:34'),
(229, 27, 130, '', '', 'item_130_image51f21a4febb17.jpg', '', '', '', '2013-07-26 12:12:23', '2013-07-26 12:12:23'),
(230, 27, 133, '', '', 'item_133_image51f21d2ddea95.jpg', '', '', '', '2013-07-26 12:24:37', '2013-07-26 12:24:37'),
(231, 27, 136, '', '', 'item_136_image51f21fd8f1793.jpg', '', '', '', '2013-07-26 12:36:01', '2013-07-26 12:36:01'),
(232, 27, 137, '', '', 'item_137_image51f220249280e.jpg', '', '', '', '2013-07-26 12:37:16', '2013-07-26 12:37:16'),
(233, 27, 138, '', '', 'item_138_image51f222aba6d38.jpg', '', '', '', '2013-07-26 12:48:03', '2013-07-26 12:48:03'),
(234, 27, 140, '', '', 'item_140_image51f225bf8a724.jpg', '', '', '', '2013-07-26 13:01:11', '2013-07-26 13:01:11'),
(235, 27, 139, '', '', 'item_139_image51f22745d94d7.jpg', '', '', '', '2013-07-26 13:07:41', '2013-07-26 13:07:41'),
(236, 27, 140, '', '', 'item_140_image51f2275f5f135.jpg', '', '', '', '2013-07-26 13:08:07', '2013-07-26 13:08:07'),
(237, 27, 138, '', '', 'item_138_image51f227a9231d1.jpg', '', '', '', '2013-07-26 13:09:21', '2013-07-26 13:09:21'),
(238, 27, 140, '', '', 'item_140_image51f227dda91de.jpg', '', '', '', '2013-07-26 13:10:13', '2013-07-26 13:10:13'),
(239, 27, 139, '', '', 'item_139_image51f2288e57bf2.jpg', '', '', '', '2013-07-26 13:13:10', '2013-07-26 13:13:10'),
(240, 27, 141, '', '', 'item_141_image51f229e855981.jpg', '', '', '', '2013-07-26 13:18:56', '2013-07-26 13:18:56'),
(241, 27, 141, '', '', 'item_141_image51f22b173dfe6.jpg', '', '', '', '2013-07-26 13:23:59', '2013-07-26 13:23:59'),
(242, 27, 140, '', '', 'item_140_image51f23bece4774.jpg', '', '', '', '2013-07-26 14:35:48', '2013-07-26 14:35:48'),
(243, 27, 141, '', '', 'item_141_image51f23c4906858.jpg', '', '', '', '2013-07-26 14:37:21', '2013-07-26 14:37:21'),
(244, 62, 142, '', '', 'item_142_image51f2471c1544d.jpg', '', '', '', '2013-07-26 15:23:32', '2013-07-26 15:23:32'),
(245, 27, 143, '', '', 'item_143_image51f250db3732f.jpg', '', '', '', '2013-07-26 16:05:07', '2013-07-26 16:05:07'),
(246, 27, 144, '', '', 'item_144_image51f2514c4adee.jpg', '', '', '', '2013-07-26 16:07:00', '2013-07-26 16:07:00'),
(247, 27, 145, '', '', 'item_145_image51f251c84134c.jpg', '', '', '', '2013-07-26 16:09:04', '2013-07-26 16:09:04'),
(248, 27, 139, '', '', 'item_139_image51f253170bbcc.jpg', '', '', '', '2013-07-26 16:14:39', '2013-07-26 16:14:39'),
(249, 41, 116, '', '', 'item_116_image51f2854166c24.jpg', '', '', '', '2013-07-26 19:48:41', '2013-07-26 19:48:41'),
(250, 41, 116, '', '', 'item_116_image51f285cd1334a.jpg', '', '', '', '2013-07-26 19:51:01', '2013-07-26 19:51:01'),
(251, 41, 106, '', '', 'item_106_image51f2891f91e1a.jpg', '', '', '', '2013-07-26 20:05:11', '2013-07-26 20:05:11'),
(252, 41, 68, '', '', 'item_68_image51f2a1b24be36.jpg', '', '', '', '2013-07-26 21:50:02', '2013-07-26 21:50:02'),
(253, 41, 68, '', '', 'item_68_image51f2a21e4f8d6.jpg', '', '', '', '2013-07-26 21:51:50', '2013-07-26 21:51:50'),
(254, 41, 146, '', '', 'item_146_image51f2a37ba3872.jpg', '', '', '', '2013-07-26 21:57:39', '2013-07-26 21:57:39'),
(255, 41, 147, '', '', 'item_147_image51f2a54ae224e.jpg', '', '', '', '2013-07-26 22:05:22', '2013-07-26 22:05:22'),
(256, 27, 137, '', '', 'item_137_image51f302b877da4.jpg', '', '', '', '2013-07-27 04:44:00', '2013-07-27 04:44:00'),
(257, 27, 137, '', '', 'item_137_image51f302d976537.jpg', '', '', '', '2013-07-27 04:44:33', '2013-07-27 04:44:33'),
(258, 27, 133, '', '', 'item_133_image51f303207f089.jpg', '', '', '', '2013-07-27 04:45:44', '2013-07-27 04:45:44'),
(259, 27, 133, '', '', 'item_133_image51f30371eb9db.jpg', '', '', '', '2013-07-27 04:47:05', '2013-07-27 04:47:05'),
(260, 27, 148, '', '', 'item_148_image51f3467db5e88.jpg', '', '', '', '2013-07-27 09:33:09', '2013-07-27 09:33:09'),
(261, 129, 149, '', '', 'item_149_image51f390cebbc31.jpg', '', '', '', '2013-07-27 14:50:14', '2013-07-27 14:50:14'),
(262, 129, 149, '', '', 'item_149_image51f390fac8494.jpg', '', '', '', '2013-07-27 14:50:58', '2013-07-27 14:50:58'),
(263, 41, 82, '', '', 'item_82_image51f3e8f34db8f.jpg', '', '', '', '2013-07-27 21:06:19', '2013-07-27 21:06:19'),
(264, 41, 82, '', '', 'item_82_image51f3ea3a6b227.jpg', '', '', '', '2013-07-27 21:11:46', '2013-07-27 21:11:46'),
(265, 113, 150, '', '', 'item_150_image51f5ecbf207d6.jpg', '', '', '', '2013-07-29 09:47:03', '2013-07-29 09:47:03'),
(266, 113, 151, '', '', 'item_151_image51f5ed87734fe.jpg', '', '', '', '2013-07-29 09:50:23', '2013-07-29 09:50:23'),
(267, 113, 152, '', '', 'item_152_image51f5f070990e5.jpg', '', '', '', '2013-07-29 10:02:48', '2013-07-29 10:02:48'),
(268, 113, 153, '', '', 'item_153_image51f5f0a79cb30.jpg', '', '', '', '2013-07-29 10:03:43', '2013-07-29 10:03:43'),
(269, 113, 153, '', '', 'item_153_image51f5f222791c0.jpg', '', '', '', '2013-07-29 10:10:02', '2013-07-29 10:10:02'),
(270, 113, 153, '', '', 'item_153_image51f5f23a42122.jpg', '', '', '', '2013-07-29 10:10:26', '2013-07-29 10:10:26'),
(271, 113, 152, '', '', 'item_152_image51f5f31f95c8a.jpg', '', '', '', '2013-07-29 10:14:15', '2013-07-29 10:14:15'),
(272, 113, 152, '', '', 'item_152_image51f5f338280ea.jpg', '', '', '', '2013-07-29 10:14:40', '2013-07-29 10:14:40'),
(273, 113, 152, '', '', 'item_152_image51f5f33fc6ff3.jpg', '', '', '', '2013-07-29 10:14:47', '2013-07-29 10:14:47'),
(274, 113, 152, '', '', 'item_152_image51f5f35d1a06a.jpg', '', '', '', '2013-07-29 10:15:17', '2013-07-29 10:15:17');

-- --------------------------------------------------------

--
-- Table structure for table `items`
--

CREATE TABLE IF NOT EXISTS `items` (
  `id` int(11) NOT NULL AUTO_INCREMENT,
  `user_id` int(11) NOT NULL,
  `item_name` varchar(500) NOT NULL,
  `item_shortdescription` text NOT NULL,
  `item_description` text NOT NULL,
  `status_id` int(11) DEFAULT '0',
  `created` datetime NOT NULL,
  `modified` datetime NOT NULL,
  PRIMARY KEY (`id`)
) ENGINE=InnoDB  DEFAULT CHARSET=latin1 AUTO_INCREMENT=154 ;

--
-- Dumping data for table `items`
--

INSERT INTO `items` (`id`, `user_id`, `item_name`, `item_shortdescription`, `item_description`, `status_id`, `created`, `modified`) VALUES
(3, 7, 'My	Second Item', 'My First Item short description is here.', 'My First Item', 0, '2013-07-10 04:33:12', '2013-07-10 04:33:12'),
(8, 61, 'and test', '', 'and test', 0, '2013-07-10 12:05:31', '2013-07-10 12:05:31'),
(9, 61, 'and test', '', 'and test', 0, '2013-07-10 12:05:52', '2013-07-10 12:05:52'),
(10, 61, 'and test', '', 'and test', 0, '2013-07-10 12:29:50', '2013-07-10 12:29:50'),
(11, 61, 'and test', '', 'and test', 0, '2013-07-10 12:31:24', '2013-07-10 12:31:24'),
(12, 38, 'ghjjj', '', 'ghjjj', 0, '2013-07-10 17:23:43', '2013-07-10 17:23:43'),
(13, 27, 'just testing', '', 'just testing', 0, '2013-07-11 10:33:53', '2013-07-16 07:03:01'),
(14, 27, 'just test', '', 'just test', 0, '2013-07-11 11:25:23', '2013-07-11 11:25:23'),
(15, 39, 'pen', '', 'pen', 0, '2013-07-12 12:18:57', '2013-07-12 12:18:57'),
(16, 39, 'pen', '', 'pen', 0, '2013-07-12 12:19:14', '2013-07-12 12:19:14'),
(17, 39, 'pen', '', 'pen', 0, '2013-07-12 12:19:48', '2013-07-12 12:19:48'),
(18, 39, 'pen', '', 'pen', 0, '2013-07-12 12:19:49', '2013-07-12 12:19:49'),
(19, 39, 'pen', '', 'pen', 0, '2013-07-12 12:19:50', '2013-07-12 12:19:50'),
(20, 39, 'pen', '', 'pen', 0, '2013-07-12 12:19:51', '2013-07-12 12:19:51'),
(21, 39, 'pen', '', 'pen', 0, '2013-07-12 12:19:52', '2013-07-12 12:19:52'),
(22, 39, 'pen', '', 'pen', 0, '2013-07-12 12:19:53', '2013-07-12 12:19:53'),
(23, 64, 'monitor', '', 'monitor', 0, '2013-07-15 05:13:14', '2013-07-15 05:13:14'),
(24, 64, 'hello', '', 'hello', 0, '2013-07-15 05:27:23', '2013-07-15 05:27:23'),
(25, 64, 'test', '', 'test', 0, '2013-07-15 06:57:42', '2013-07-15 06:57:42'),
(26, 64, 'test', '', 'test', 0, '2013-07-15 06:57:47', '2013-07-15 06:57:47'),
(27, 64, 'test', '', 'test', 0, '2013-07-15 06:57:50', '2013-07-15 06:57:50'),
(28, 64, 'test', '', 'test', 0, '2013-07-15 06:57:52', '2013-07-15 06:57:52'),
(29, 64, 'test', '', 'test', 0, '2013-07-15 06:57:59', '2013-07-15 06:57:59'),
(30, 64, 'test', '', 'test', 0, '2013-07-15 06:58:00', '2013-07-15 06:58:00'),
(31, 64, 'test', '', 'test', 0, '2013-07-15 06:58:06', '2013-07-15 06:58:06'),
(32, 64, 'test', '', 'test', 0, '2013-07-15 06:58:08', '2013-07-15 06:58:08'),
(33, 64, 'test', '', 'test', 0, '2013-07-15 06:58:12', '2013-07-15 06:58:12'),
(34, 64, 'test', '', 'test', 0, '2013-07-15 06:58:16', '2013-07-15 06:58:16'),
(35, 67, 'test zgisyidycxuovifu0fifiiyduu', '', 'test zgisyidycxuovifu0fifiiyduu', 0, '2013-07-15 08:24:29', '2013-07-15 08:24:29'),
(36, 67, 'test zgisyidycxuovifu0fifiiyduu', '', 'test zgisyidycxuovifu0fifiiyduu', 0, '2013-07-15 08:24:32', '2013-07-15 08:24:32'),
(37, 67, 'test zgisyidycxuovifu0fifiiyduu', '', 'test zgisyidycxuovifu0fifiiyduu', 0, '2013-07-15 08:24:34', '2013-07-15 08:24:34'),
(38, 27, 'just testing', '', 'just testing', 0, '2013-07-15 12:34:56', '2013-07-15 12:34:56'),
(39, 27, 'testing', '', 'testing', 0, '2013-07-15 12:40:26', '2013-07-15 12:40:26'),
(51, 27, 'fnnfnfm', '', 'fnnfnfm', 0, '2013-07-16 10:45:51', '2013-07-16 10:45:51'),
(52, 27, 'hdmhldfhldl', '', 'hdmhldfhldl', 0, '2013-07-16 10:49:08', '2013-07-16 10:49:08'),
(53, 27, 'ghgghjj', '', 'ghgghjj', 0, '2013-07-16 10:56:44', '2013-07-16 10:56:44'),
(54, 27, 'abc', '', 'abc', 1, '2013-07-16 11:13:44', '2013-07-22 12:33:04'),
(57, 27, 'just testing wall post', '', 'just testing wall post', 0, '2013-07-16 11:52:44', '2013-07-16 11:52:44'),
(58, 27, 'hdhdhdh', '', 'hdhdhdh', 1, '2013-07-16 11:58:15', '2013-07-22 12:20:27'),
(59, 73, 'my pen', '', 'my pen', 0, '2013-07-16 13:55:01', '2013-07-16 13:55:01'),
(61, 27, 'dhcjfj', '', 'dhcjfj', 1, '2013-07-16 15:05:14', '2013-07-18 08:57:14'),
(64, 74, '43this is my test account', '', '43this is my test account', 2, '2013-07-17 14:04:06', '2013-07-17 16:25:39'),
(65, 74, 'test jaj', '', 'test jaj', 2, '2013-07-17 16:32:31', '2013-07-18 08:42:30'),
(67, 31, 'Coach Wedge', '', 'Coach Wedge', 3, '2013-07-17 18:48:52', '2013-07-22 02:50:57'),
(68, 41, 'Limited Edition Martin OM Negative guitar', '', 'Limited Edition Martin OM Negative guitar', 1, '2013-07-17 18:50:06', '2013-07-26 21:51:47'),
(69, 41, '1972 Gibson Les Paul Signature. A rare goldtop semi-hollow body design. grabbed this one at a heritage auction.', '', '1972 Gibson Les Paul Signature. A rare goldtop semi-hollow body design. grabbed this one at a heritage auction.', 1, '2013-07-17 19:02:39', '2013-07-24 15:32:57'),
(75, 27, 'hsbd', '', 'hsbd', 2, '2013-07-18 12:34:08', '2013-07-18 12:34:08'),
(77, 27, 'gjjgjgjgk', '', 'gjjgjgjgk', 1, '2013-07-19 13:04:37', '2013-07-22 13:04:00'),
(79, 114, 'test123', '', 'test123', 1, '2013-07-19 15:21:36', '2013-07-19 15:21:36'),
(80, 115, 'Chair', '', 'Chair', 1, '2013-07-19 18:24:16', '2013-07-19 18:26:30'),
(81, 41, 'hand painted vase', '', 'hand painted vase', 1, '2013-07-19 22:59:04', '2013-07-19 23:11:40'),
(82, 41, '2008 Harley Davidson Screamin Eagle Softail Springer.  This is the 105th anniversary year model', '', '2008 Harley Davidson Screamin Eagle Softail Springer.  This is the 105th anniversary year model', 1, '2013-07-20 15:30:10', '2013-07-27 21:10:55'),
(83, 41, 'Limited edition asian art print', '', 'Limited edition asian art print', 1, '2013-07-22 01:08:15', '2013-07-24 15:59:48'),
(84, 31, 'converse high top sneakers', '', 'converse high top sneakers', 1, '2013-07-22 02:48:23', '2013-07-22 02:54:31'),
(89, 112, 'dell', '', 'dell', 2, '2013-07-22 13:16:48', '2013-07-22 13:17:08'),
(90, 27, 'monitor', '', 'monitor', 1, '2013-07-22 13:52:22', '2013-07-22 14:39:53'),
(91, 112, 'igci', '', 'igci', 1, '2013-07-22 14:05:34', '2013-07-22 14:05:34'),
(92, 27, 'uryd', '', 'uryd', 1, '2013-07-22 14:15:58', '2013-07-22 14:48:14'),
(93, 27, 'iff', '', 'iff', 1, '2013-07-22 14:18:30', '2013-07-24 11:27:10'),
(94, 73, 'hdjdj', '', 'hdjdj', 1, '2013-07-22 18:15:24', '2013-07-22 18:15:24'),
(95, 27, 'testing', '', 'testing', 1, '2013-07-23 04:44:09', '2013-07-23 10:30:56'),
(96, 27, 'testing', '', 'testing', 1, '2013-07-23 04:44:19', '2013-07-26 07:09:33'),
(97, 73, 'keyboard of my macbook pro', '', 'keyboard of my macbook pro', 1, '2013-07-23 13:34:16', '2013-07-23 13:34:16'),
(98, 63, 'bottle', '', 'bottle', 1, '2013-07-23 14:26:04', '2013-07-24 13:19:30'),
(99, 63, 'hdhdj', '', 'hdhdj', 1, '2013-07-23 15:22:18', '2013-07-23 15:22:18'),
(100, 63, 'ogzgkxhd', '', 'ogzgkxhd', 1, '2013-07-23 15:49:14', '2013-07-23 15:49:14'),
(101, 78, 'Elvis Presley - The U.S. Male\n1970 RCA Records England', '', 'Elvis Presley - The U.S. Male\n1970 RCA Records England', 1, '2013-07-23 16:58:47', '2013-07-23 20:56:56'),
(102, 78, 'Elvis Presley - sings hits from his movies\n1972 RCA Records England', '', 'Elvis Presley - sings hits from his movies\n1972 RCA Records England', 1, '2013-07-23 17:01:35', '2013-07-23 17:01:35'),
(103, 41, 'Starbucks card', '', 'Starbucks card', 1, '2013-07-23 17:38:24', '2013-07-24 18:21:26'),
(104, 27, 'WiFi Router', '', 'WiFi Router', 1, '2013-07-24 11:46:26', '2013-07-24 13:14:55'),
(105, 63, 'monitor', '', 'monitor', 1, '2013-07-24 13:09:27', '2013-07-26 04:35:03'),
(106, 41, 'Elephant lamp', '', 'Elephant lamp', 1, '2013-07-24 15:12:56', '2013-07-26 20:05:07'),
(107, 120, 'wire', '', 'wire', 1, '2013-07-24 15:29:11', '2013-07-24 16:24:00'),
(108, 41, 'Rombauer Wine', '', 'Rombauer Wine', 3, '2013-07-24 16:49:44', '2013-07-24 16:54:50'),
(109, 41, 'The startup playbook', '', 'The startup playbook', 1, '2013-07-24 17:39:46', '2013-07-24 17:39:46'),
(110, 41, 'Starbucks card from Hawaii', '', 'Starbucks card from Hawaii', 1, '2013-07-24 18:24:20', '2013-07-24 18:24:20'),
(111, 41, 'Starbucks card from Canada', '', 'Starbucks card from Canada', 1, '2013-07-24 18:35:32', '2013-07-24 18:35:32'),
(112, 41, 'Mercedes Benz CLK 63 Black Series', '', 'Mercedes Benz CLK 63 Black Series', 3, '2013-07-24 18:51:05', '2013-07-24 18:51:05'),
(113, 41, 'Mercedes Benz 300sl Gullwing. The  300 SL was the first iteration of the sl-class Grand Tour convertibles and fastest production car of its day .   Built by Daimler Benz AG the fuel injected production model was based on the company''s highly successful yet somewhat less powerful carberated 1952 race car Mercedes Benz 300sl W 194.', '', 'Mercedes Benz 300sl Gullwing. The  300 SL was the first iteration of the sl-class Grand Tour convertibles and fastest production car of its day .   Built by Daimler Benz AG the fuel injected production model was based on the company''s highly successful yet somewhat less powerful carberated 1952 race car Mercedes Benz 300sl W 194.', 3, '2013-07-24 18:59:09', '2013-07-25 17:17:10'),
(114, 121, 'Old pictures. The good ol days of going to the beach with your young children and letting them sit on the rocks and smoke', '', 'Old pictures. The good ol days of going to the beach with your young children and letting them sit on the rocks and smoke', 1, '2013-07-25 14:38:05', '2013-07-25 14:38:05'),
(115, 31, 'Puma high top sneakers', '', 'Puma high top sneakers', 1, '2013-07-25 18:40:42', '2013-07-25 18:40:42'),
(116, 41, 'Egyptian Ducky', '', 'Egyptian Ducky', 1, '2013-07-25 20:27:11', '2013-07-26 19:50:59'),
(117, 120, 'Macbook Pro', '', 'Macbook Pro', 1, '2013-07-26 03:44:49', '2013-07-26 03:44:49'),
(118, 120, 'iPhone', '', 'iPhone', 1, '2013-07-26 03:50:36', '2013-07-26 03:50:36'),
(127, 78, 'The Beatles - Rubber Soul\nE.M.I. Record England\n1965 Jugoton Yugoslavia', '', 'The Beatles - Rubber Soul\nE.M.I. Record England\n1965 Jugoton Yugoslavia', 1, '2013-07-26 08:31:53', '2013-07-26 08:31:53'),
(128, 27, 'ttt', '', 'ttt', 1, '2013-07-26 09:03:04', '2013-07-26 09:03:04'),
(129, 27, 'amit', '', 'amit', 1, '2013-07-26 12:05:33', '2013-07-26 12:05:33'),
(130, 27, 'cache', '', 'cache', 1, '2013-07-26 12:12:22', '2013-07-26 12:12:22'),
(133, 27, 'sh', '', 'sh', 1, '2013-07-26 12:24:06', '2013-07-27 04:47:03'),
(136, 27, 'fgg', '', 'fgg', 1, '2013-07-26 12:36:00', '2013-07-26 12:36:00'),
(137, 27, 'done', '', 'done', 1, '2013-07-26 12:37:02', '2013-07-27 04:44:31'),
(138, 27, 'qualitycache', '', 'qualitycache', 1, '2013-07-26 12:48:03', '2013-07-26 13:09:19'),
(139, 27, 'new', '', 'new', 1, '2013-07-26 12:59:06', '2013-07-26 16:14:38'),
(140, 27, 'new', '', 'new', 1, '2013-07-26 13:01:11', '2013-07-26 14:35:48'),
(141, 27, 'fghhh', '', 'fghhh', 1, '2013-07-26 13:15:52', '2013-07-26 14:37:20'),
(142, 62, 'Chair', '', 'Chair', 2, '2013-07-26 15:23:31', '2013-07-26 15:23:31'),
(143, 27, 'personal', '', 'personal', 3, '2013-07-26 16:05:06', '2013-07-26 16:05:06'),
(144, 27, 'testing', '', 'testing', 1, '2013-07-26 16:06:55', '2013-07-26 16:06:55'),
(145, 27, 'testing', '', 'testing', 1, '2013-07-26 16:09:03', '2013-07-26 16:09:03'),
(147, 41, '1958 Gibson LG 1 3/4 size student model', '', '1958 Gibson LG 1 3/4 size student model', 1, '2013-07-26 22:05:17', '2013-07-26 22:05:17'),
(148, 27, 'ff', '', 'ff', NULL, '2013-07-27 09:33:08', '2013-07-27 09:33:08'),
(149, 129, 'big creepy bug!', '', 'big creepy bug!', 1, '2013-07-27 14:49:53', '2013-07-27 14:50:37');

-- --------------------------------------------------------

--
-- Table structure for table `items_collections`
--

CREATE TABLE IF NOT EXISTS `items_collections` (
  `id` int(11) NOT NULL AUTO_INCREMENT,
  `item_id` int(11) NOT NULL,
  `collection_id` int(11) NOT NULL,
  `created` datetime NOT NULL,
  `modified` datetime NOT NULL,
  PRIMARY KEY (`id`)
) ENGINE=InnoDB  DEFAULT CHARSET=latin1 AUTO_INCREMENT=6571 ;

--
-- Dumping data for table `items_collections`
--

INSERT INTO `items_collections` (`id`, `item_id`, `collection_id`, `created`, `modified`) VALUES
(5, 3, 1, '2013-07-10 04:33:12', '2013-07-10 04:33:12'),
(6, 3, 4, '2013-07-10 04:33:12', '2013-07-10 04:33:12'),
(11, 8, 5, '2013-07-10 12:05:31', '2013-07-10 12:05:31'),
(12, 9, 5, '2013-07-10 12:05:52', '2013-07-10 12:05:52'),
(13, 10, 5, '2013-07-10 12:29:50', '2013-07-10 12:29:50'),
(14, 11, 5, '2013-07-10 12:31:24', '2013-07-10 12:31:24'),
(15, 12, 6, '2013-07-10 17:23:43', '2013-07-10 17:23:43'),
(16, 13, 1, '2013-07-11 10:33:53', '2013-07-11 10:33:53'),
(17, 13, 7, '2013-07-11 10:33:53', '2013-07-11 10:33:53'),
(20, 14, 7, '2013-07-11 11:25:23', '2013-07-11 11:25:23'),
(21, 15, 9, '2013-07-12 12:18:57', '2013-07-12 12:18:57'),
(22, 16, 10, '2013-07-12 12:19:14', '2013-07-12 12:19:14'),
(23, 17, 11, '2013-07-12 12:19:48', '2013-07-12 12:19:48'),
(24, 18, 12, '2013-07-12 12:19:49', '2013-07-12 12:19:49'),
(25, 19, 13, '2013-07-12 12:19:50', '2013-07-12 12:19:50'),
(26, 20, 14, '2013-07-12 12:19:51', '2013-07-12 12:19:51'),
(27, 21, 15, '2013-07-12 12:19:52', '2013-07-12 12:19:52'),
(28, 22, 16, '2013-07-12 12:19:53', '2013-07-12 12:19:53'),
(29, 23, 17, '2013-07-15 05:13:14', '2013-07-15 05:13:14'),
(30, 24, 18, '2013-07-15 05:27:23', '2013-07-15 05:27:23'),
(31, 24, 19, '2013-07-15 05:27:23', '2013-07-15 05:27:23'),
(32, 24, 20, '2013-07-15 05:27:23', '2013-07-15 05:27:23'),
(33, 24, 21, '2013-07-15 05:27:23', '2013-07-15 05:27:23'),
(34, 24, 17, '2013-07-15 05:27:23', '2013-07-15 05:27:23'),
(35, 24, 17, '2013-07-15 05:27:23', '2013-07-15 05:27:23'),
(36, 24, 22, '2013-07-15 05:27:23', '2013-07-15 05:27:23'),
(37, 25, 22, '2013-07-15 06:57:42', '2013-07-15 06:57:42'),
(38, 26, 22, '2013-07-15 06:57:47', '2013-07-15 06:57:47'),
(39, 27, 22, '2013-07-15 06:57:50', '2013-07-15 06:57:50'),
(40, 28, 22, '2013-07-15 06:57:52', '2013-07-15 06:57:52'),
(41, 29, 22, '2013-07-15 06:57:59', '2013-07-15 06:57:59'),
(42, 30, 22, '2013-07-15 06:58:00', '2013-07-15 06:58:00'),
(43, 31, 22, '2013-07-15 06:58:06', '2013-07-15 06:58:06'),
(44, 32, 22, '2013-07-15 06:58:08', '2013-07-15 06:58:08'),
(45, 33, 22, '2013-07-15 06:58:12', '2013-07-15 06:58:12'),
(46, 34, 22, '2013-07-15 06:58:16', '2013-07-15 06:58:16'),
(47, 35, 23, '2013-07-15 08:24:29', '2013-07-15 08:24:29'),
(48, 35, 24, '2013-07-15 08:24:29', '2013-07-15 08:24:29'),
(49, 35, 25, '2013-07-15 08:24:29', '2013-07-15 08:24:29'),
(50, 36, 26, '2013-07-15 08:24:32', '2013-07-15 08:24:32'),
(51, 36, 27, '2013-07-15 08:24:32', '2013-07-15 08:24:32'),
(52, 36, 28, '2013-07-15 08:24:32', '2013-07-15 08:24:32'),
(53, 37, 29, '2013-07-15 08:24:34', '2013-07-15 08:24:34'),
(54, 37, 30, '2013-07-15 08:24:34', '2013-07-15 08:24:34'),
(55, 37, 31, '2013-07-15 08:24:34', '2013-07-15 08:24:34'),
(56, 38, 3, '2013-07-15 12:34:56', '2013-07-15 12:34:56'),
(57, 38, 7, '2013-07-15 12:34:56', '2013-07-15 12:34:56'),
(58, 39, 3, '2013-07-15 12:40:26', '2013-07-15 12:40:26'),
(59, 39, 2, '2013-07-15 12:40:26', '2013-07-15 12:40:26'),
(60, 13, 1, '2013-07-16 07:03:02', '2013-07-16 07:03:02'),
(61, 13, 7, '2013-07-16 07:03:02', '2013-07-16 07:03:02'),
(62, 13, 2, '2013-07-16 07:03:02', '2013-07-16 07:03:02'),
(80, 51, 2, '2013-07-16 10:45:51', '2013-07-16 10:45:51'),
(81, 52, 2, '2013-07-16 10:49:08', '2013-07-16 10:49:08'),
(82, 52, 1, '2013-07-16 10:49:08', '2013-07-16 10:49:08'),
(83, 53, 3, '2013-07-16 10:56:44', '2013-07-16 10:56:44'),
(87, 57, 32, '2013-07-16 11:52:44', '2013-07-16 11:52:44'),
(89, 59, 33, '2013-07-16 13:55:01', '2013-07-16 13:55:01'),
(90, 59, 34, '2013-07-16 13:55:01', '2013-07-16 13:55:01'),
(95, 63, 36, '2013-07-17 04:47:51', '2013-07-17 04:47:51'),
(111, 63, 36, '2013-07-17 05:53:11', '2013-07-17 05:53:11'),
(352, 63, 36, '2013-07-17 08:35:54', '2013-07-17 08:35:54'),
(353, 63, 36, '2013-07-17 08:35:54', '2013-07-17 08:35:54'),
(4217, 62, 35, '2013-07-17 13:27:33', '2013-07-17 13:27:33'),
(4218, 62, 35, '2013-07-17 13:27:33', '2013-07-17 13:27:33'),
(4219, 62, 35, '2013-07-17 13:27:33', '2013-07-17 13:27:33'),
(4220, 62, 35, '2013-07-17 13:27:33', '2013-07-17 13:27:33'),
(4221, 62, 35, '2013-07-17 13:27:33', '2013-07-17 13:27:33'),
(4222, 62, 35, '2013-07-17 13:27:33', '2013-07-17 13:27:33'),
(4223, 62, 35, '2013-07-17 13:27:33', '2013-07-17 13:27:33'),
(4224, 62, 35, '2013-07-17 13:27:33', '2013-07-17 13:27:33'),
(4225, 62, 35, '2013-07-17 13:27:33', '2013-07-17 13:27:33'),
(4226, 62, 35, '2013-07-17 13:27:33', '2013-07-17 13:27:33'),
(4227, 62, 35, '2013-07-17 13:27:33', '2013-07-17 13:27:33'),
(4228, 62, 35, '2013-07-17 13:27:33', '2013-07-17 13:27:33'),
(4229, 62, 35, '2013-07-17 13:27:33', '2013-07-17 13:27:33'),
(4230, 62, 35, '2013-07-17 13:27:33', '2013-07-17 13:27:33'),
(4231, 62, 35, '2013-07-17 13:27:33', '2013-07-17 13:27:33'),
(4232, 62, 35, '2013-07-17 13:27:33', '2013-07-17 13:27:33'),
(4233, 62, 35, '2013-07-17 13:27:33', '2013-07-17 13:27:33'),
(4234, 62, 35, '2013-07-17 13:27:33', '2013-07-17 13:27:33'),
(4235, 62, 35, '2013-07-17 13:27:33', '2013-07-17 13:27:33'),
(4236, 62, 35, '2013-07-17 13:27:33', '2013-07-17 13:27:33'),
(4237, 62, 35, '2013-07-17 13:27:33', '2013-07-17 13:27:33'),
(4238, 62, 35, '2013-07-17 13:27:33', '2013-07-17 13:27:33'),
(4239, 62, 35, '2013-07-17 13:27:33', '2013-07-17 13:27:33'),
(4240, 62, 35, '2013-07-17 13:27:33', '2013-07-17 13:27:33'),
(4241, 62, 35, '2013-07-17 13:27:33', '2013-07-17 13:27:33'),
(4242, 62, 35, '2013-07-17 13:27:33', '2013-07-17 13:27:33'),
(4243, 62, 35, '2013-07-17 13:27:33', '2013-07-17 13:27:33'),
(4244, 62, 35, '2013-07-17 13:27:33', '2013-07-17 13:27:33'),
(4245, 62, 35, '2013-07-17 13:27:33', '2013-07-17 13:27:33'),
(4246, 62, 35, '2013-07-17 13:27:33', '2013-07-17 13:27:33'),
(4247, 62, 35, '2013-07-17 13:27:33', '2013-07-17 13:27:33'),
(4248, 62, 35, '2013-07-17 13:27:33', '2013-07-17 13:27:33'),
(4249, 62, 35, '2013-07-17 13:27:33', '2013-07-17 13:27:33'),
(4250, 62, 35, '2013-07-17 13:27:33', '2013-07-17 13:27:33'),
(4251, 62, 35, '2013-07-17 13:27:33', '2013-07-17 13:27:33'),
(4252, 62, 35, '2013-07-17 13:27:33', '2013-07-17 13:27:33'),
(4253, 62, 35, '2013-07-17 13:27:33', '2013-07-17 13:27:33'),
(4254, 62, 35, '2013-07-17 13:27:33', '2013-07-17 13:27:33'),
(4255, 62, 35, '2013-07-17 13:27:33', '2013-07-17 13:27:33'),
(4256, 62, 35, '2013-07-17 13:27:33', '2013-07-17 13:27:33'),
(4257, 62, 35, '2013-07-17 13:27:33', '2013-07-17 13:27:33'),
(4258, 62, 35, '2013-07-17 13:27:33', '2013-07-17 13:27:33'),
(4259, 62, 35, '2013-07-17 13:27:33', '2013-07-17 13:27:33'),
(4260, 62, 35, '2013-07-17 13:27:33', '2013-07-17 13:27:33'),
(4261, 62, 35, '2013-07-17 13:27:33', '2013-07-17 13:27:33'),
(4262, 62, 35, '2013-07-17 13:27:33', '2013-07-17 13:27:33'),
(4263, 62, 35, '2013-07-17 13:27:33', '2013-07-17 13:27:33'),
(4264, 62, 35, '2013-07-17 13:27:33', '2013-07-17 13:27:33'),
(4265, 62, 35, '2013-07-17 13:27:33', '2013-07-17 13:27:33'),
(4266, 62, 35, '2013-07-17 13:27:33', '2013-07-17 13:27:33'),
(4267, 62, 35, '2013-07-17 13:27:33', '2013-07-17 13:27:33'),
(4268, 62, 35, '2013-07-17 13:27:33', '2013-07-17 13:27:33'),
(4269, 62, 35, '2013-07-17 13:27:33', '2013-07-17 13:27:33'),
(4270, 62, 35, '2013-07-17 13:27:33', '2013-07-17 13:27:33'),
(4271, 62, 35, '2013-07-17 13:27:33', '2013-07-17 13:27:33'),
(4272, 62, 35, '2013-07-17 13:27:33', '2013-07-17 13:27:33'),
(4273, 62, 35, '2013-07-17 13:27:33', '2013-07-17 13:27:33'),
(4274, 62, 35, '2013-07-17 13:27:33', '2013-07-17 13:27:33'),
(4275, 62, 35, '2013-07-17 13:27:33', '2013-07-17 13:27:33'),
(4276, 62, 35, '2013-07-17 13:27:33', '2013-07-17 13:27:33'),
(4277, 62, 35, '2013-07-17 13:27:33', '2013-07-17 13:27:33'),
(4278, 62, 35, '2013-07-17 13:27:33', '2013-07-17 13:27:33'),
(4279, 62, 35, '2013-07-17 13:27:33', '2013-07-17 13:27:33'),
(4280, 62, 35, '2013-07-17 13:27:33', '2013-07-17 13:27:33'),
(4281, 62, 35, '2013-07-17 13:27:33', '2013-07-17 13:27:33'),
(4282, 62, 35, '2013-07-17 13:27:33', '2013-07-17 13:27:33'),
(4283, 62, 35, '2013-07-17 13:27:33', '2013-07-17 13:27:33'),
(4284, 62, 35, '2013-07-17 13:27:33', '2013-07-17 13:27:33'),
(4285, 62, 35, '2013-07-17 13:27:34', '2013-07-17 13:27:34'),
(4286, 62, 35, '2013-07-17 13:27:34', '2013-07-17 13:27:34'),
(4287, 62, 35, '2013-07-17 13:27:34', '2013-07-17 13:27:34'),
(4288, 62, 35, '2013-07-17 13:27:34', '2013-07-17 13:27:34'),
(4289, 62, 35, '2013-07-17 13:27:34', '2013-07-17 13:27:34'),
(4290, 62, 35, '2013-07-17 13:27:34', '2013-07-17 13:27:34'),
(4291, 62, 35, '2013-07-17 13:27:34', '2013-07-17 13:27:34'),
(4292, 62, 35, '2013-07-17 13:27:34', '2013-07-17 13:27:34'),
(4293, 62, 35, '2013-07-17 13:27:34', '2013-07-17 13:27:34'),
(4294, 62, 35, '2013-07-17 13:27:34', '2013-07-17 13:27:34'),
(4295, 62, 35, '2013-07-17 13:27:34', '2013-07-17 13:27:34'),
(4296, 62, 35, '2013-07-17 13:27:34', '2013-07-17 13:27:34'),
(4297, 62, 35, '2013-07-17 13:27:34', '2013-07-17 13:27:34'),
(4298, 62, 35, '2013-07-17 13:27:34', '2013-07-17 13:27:34'),
(4299, 62, 35, '2013-07-17 13:27:34', '2013-07-17 13:27:34'),
(4300, 62, 35, '2013-07-17 13:27:34', '2013-07-17 13:27:34'),
(4301, 62, 35, '2013-07-17 13:27:34', '2013-07-17 13:27:34'),
(4302, 62, 35, '2013-07-17 13:27:34', '2013-07-17 13:27:34'),
(4303, 62, 35, '2013-07-17 13:27:34', '2013-07-17 13:27:34'),
(4304, 62, 35, '2013-07-17 13:27:34', '2013-07-17 13:27:34'),
(4305, 62, 35, '2013-07-17 13:27:34', '2013-07-17 13:27:34'),
(4306, 62, 35, '2013-07-17 13:27:34', '2013-07-17 13:27:34'),
(4307, 62, 35, '2013-07-17 13:27:34', '2013-07-17 13:27:34'),
(4308, 62, 35, '2013-07-17 13:27:34', '2013-07-17 13:27:34'),
(4309, 62, 35, '2013-07-17 13:27:34', '2013-07-17 13:27:34'),
(4310, 62, 35, '2013-07-17 13:27:34', '2013-07-17 13:27:34'),
(4311, 62, 35, '2013-07-17 13:27:34', '2013-07-17 13:27:34'),
(4312, 62, 35, '2013-07-17 13:27:34', '2013-07-17 13:27:34'),
(4313, 62, 35, '2013-07-17 13:27:34', '2013-07-17 13:27:34'),
(4314, 62, 35, '2013-07-17 13:27:34', '2013-07-17 13:27:34'),
(4315, 62, 35, '2013-07-17 13:27:34', '2013-07-17 13:27:34'),
(4316, 62, 35, '2013-07-17 13:27:34', '2013-07-17 13:27:34'),
(4317, 62, 35, '2013-07-17 13:27:34', '2013-07-17 13:27:34'),
(4318, 62, 35, '2013-07-17 13:27:34', '2013-07-17 13:27:34'),
(4319, 62, 35, '2013-07-17 13:27:34', '2013-07-17 13:27:34'),
(4320, 62, 35, '2013-07-17 13:27:34', '2013-07-17 13:27:34'),
(4321, 62, 35, '2013-07-17 13:27:34', '2013-07-17 13:27:34'),
(4322, 62, 35, '2013-07-17 13:27:34', '2013-07-17 13:27:34'),
(4323, 62, 35, '2013-07-17 13:27:34', '2013-07-17 13:27:34'),
(4324, 62, 35, '2013-07-17 13:27:34', '2013-07-17 13:27:34'),
(4325, 62, 35, '2013-07-17 13:27:34', '2013-07-17 13:27:34'),
(4326, 62, 35, '2013-07-17 13:27:34', '2013-07-17 13:27:34'),
(4327, 62, 35, '2013-07-17 13:27:34', '2013-07-17 13:27:34'),
(4328, 62, 35, '2013-07-17 13:27:34', '2013-07-17 13:27:34'),
(4329, 62, 35, '2013-07-17 13:27:34', '2013-07-17 13:27:34'),
(4330, 62, 35, '2013-07-17 13:27:34', '2013-07-17 13:27:34'),
(4331, 62, 35, '2013-07-17 13:27:34', '2013-07-17 13:27:34'),
(4332, 62, 35, '2013-07-17 13:27:34', '2013-07-17 13:27:34'),
(4333, 62, 35, '2013-07-17 13:27:34', '2013-07-17 13:27:34'),
(4334, 62, 35, '2013-07-17 13:27:34', '2013-07-17 13:27:34'),
(4335, 62, 35, '2013-07-17 13:27:34', '2013-07-17 13:27:34'),
(4336, 62, 35, '2013-07-17 13:27:34', '2013-07-17 13:27:34'),
(4337, 62, 35, '2013-07-17 13:27:34', '2013-07-17 13:27:34'),
(4338, 62, 35, '2013-07-17 13:27:34', '2013-07-17 13:27:34'),
(4339, 62, 35, '2013-07-17 13:27:34', '2013-07-17 13:27:34'),
(4340, 62, 35, '2013-07-17 13:27:34', '2013-07-17 13:27:34'),
(4341, 62, 35, '2013-07-17 13:27:34', '2013-07-17 13:27:34'),
(4342, 62, 35, '2013-07-17 13:27:34', '2013-07-17 13:27:34'),
(4343, 62, 35, '2013-07-17 13:27:34', '2013-07-17 13:27:34'),
(4344, 62, 35, '2013-07-17 13:27:34', '2013-07-17 13:27:34'),
(4345, 62, 35, '2013-07-17 13:27:34', '2013-07-17 13:27:34'),
(4346, 62, 35, '2013-07-17 13:27:34', '2013-07-17 13:27:34'),
(4347, 62, 35, '2013-07-17 13:27:34', '2013-07-17 13:27:34'),
(4348, 62, 35, '2013-07-17 13:27:34', '2013-07-17 13:27:34'),
(4349, 62, 35, '2013-07-17 13:27:34', '2013-07-17 13:27:34'),
(4350, 62, 35, '2013-07-17 13:27:34', '2013-07-17 13:27:34'),
(4351, 62, 35, '2013-07-17 13:27:34', '2013-07-17 13:27:34'),
(4352, 62, 35, '2013-07-17 13:27:34', '2013-07-17 13:27:34'),
(4353, 62, 35, '2013-07-17 13:27:34', '2013-07-17 13:27:34'),
(4354, 62, 35, '2013-07-17 13:27:34', '2013-07-17 13:27:34'),
(4355, 62, 35, '2013-07-17 13:27:34', '2013-07-17 13:27:34'),
(4356, 62, 35, '2013-07-17 13:27:34', '2013-07-17 13:27:34'),
(4357, 62, 35, '2013-07-17 13:27:34', '2013-07-17 13:27:34'),
(4358, 62, 35, '2013-07-17 13:27:34', '2013-07-17 13:27:34'),
(4359, 62, 35, '2013-07-17 13:27:34', '2013-07-17 13:27:34'),
(4360, 62, 35, '2013-07-17 13:27:34', '2013-07-17 13:27:34'),
(4361, 62, 35, '2013-07-17 13:27:34', '2013-07-17 13:27:34'),
(4362, 62, 35, '2013-07-17 13:27:34', '2013-07-17 13:27:34'),
(4363, 62, 35, '2013-07-17 13:27:34', '2013-07-17 13:27:34'),
(4364, 62, 35, '2013-07-17 13:27:34', '2013-07-17 13:27:34'),
(4365, 62, 35, '2013-07-17 13:27:34', '2013-07-17 13:27:34'),
(4366, 62, 35, '2013-07-17 13:27:34', '2013-07-17 13:27:34'),
(4367, 62, 35, '2013-07-17 13:27:34', '2013-07-17 13:27:34'),
(4368, 62, 35, '2013-07-17 13:27:34', '2013-07-17 13:27:34'),
(4369, 62, 35, '2013-07-17 13:27:34', '2013-07-17 13:27:34'),
(4370, 62, 35, '2013-07-17 13:27:34', '2013-07-17 13:27:34'),
(4371, 62, 35, '2013-07-17 13:27:34', '2013-07-17 13:27:34'),
(4372, 62, 35, '2013-07-17 13:27:34', '2013-07-17 13:27:34'),
(4373, 62, 35, '2013-07-17 13:27:34', '2013-07-17 13:27:34'),
(4374, 62, 35, '2013-07-17 13:27:34', '2013-07-17 13:27:34'),
(4375, 62, 35, '2013-07-17 13:27:34', '2013-07-17 13:27:34'),
(4376, 62, 35, '2013-07-17 13:27:34', '2013-07-17 13:27:34'),
(4377, 62, 35, '2013-07-17 13:27:34', '2013-07-17 13:27:34'),
(4378, 62, 35, '2013-07-17 13:27:34', '2013-07-17 13:27:34'),
(4379, 62, 35, '2013-07-17 13:27:34', '2013-07-17 13:27:34'),
(4380, 62, 35, '2013-07-17 13:27:34', '2013-07-17 13:27:34'),
(4381, 62, 35, '2013-07-17 13:27:34', '2013-07-17 13:27:34'),
(4382, 62, 35, '2013-07-17 13:27:34', '2013-07-17 13:27:34'),
(4383, 62, 35, '2013-07-17 13:27:34', '2013-07-17 13:27:34'),
(4384, 62, 35, '2013-07-17 13:27:34', '2013-07-17 13:27:34'),
(4385, 62, 35, '2013-07-17 13:27:34', '2013-07-17 13:27:34'),
(4386, 62, 35, '2013-07-17 13:27:34', '2013-07-17 13:27:34'),
(4387, 62, 35, '2013-07-17 13:27:34', '2013-07-17 13:27:34'),
(4388, 62, 35, '2013-07-17 13:27:34', '2013-07-17 13:27:34'),
(4389, 62, 35, '2013-07-17 13:27:34', '2013-07-17 13:27:34'),
(4390, 62, 35, '2013-07-17 13:27:34', '2013-07-17 13:27:34'),
(4391, 62, 35, '2013-07-17 13:27:34', '2013-07-17 13:27:34'),
(4392, 62, 35, '2013-07-17 13:27:34', '2013-07-17 13:27:34'),
(4393, 62, 35, '2013-07-17 13:27:34', '2013-07-17 13:27:34'),
(4394, 62, 35, '2013-07-17 13:27:34', '2013-07-17 13:27:34'),
(4395, 62, 35, '2013-07-17 13:27:34', '2013-07-17 13:27:34'),
(4396, 62, 35, '2013-07-17 13:27:34', '2013-07-17 13:27:34'),
(4397, 62, 35, '2013-07-17 13:27:34', '2013-07-17 13:27:34'),
(4398, 62, 35, '2013-07-17 13:27:34', '2013-07-17 13:27:34'),
(4399, 62, 35, '2013-07-17 13:27:34', '2013-07-17 13:27:34'),
(4400, 62, 35, '2013-07-17 13:27:34', '2013-07-17 13:27:34'),
(4401, 62, 35, '2013-07-17 13:27:34', '2013-07-17 13:27:34'),
(4402, 62, 35, '2013-07-17 13:27:34', '2013-07-17 13:27:34'),
(4403, 62, 35, '2013-07-17 13:27:34', '2013-07-17 13:27:34'),
(4404, 62, 35, '2013-07-17 13:27:34', '2013-07-17 13:27:34'),
(4405, 62, 35, '2013-07-17 13:27:34', '2013-07-17 13:27:34'),
(4406, 62, 35, '2013-07-17 13:27:34', '2013-07-17 13:27:34'),
(4407, 62, 35, '2013-07-17 13:27:34', '2013-07-17 13:27:34'),
(4408, 62, 35, '2013-07-17 13:27:34', '2013-07-17 13:27:34'),
(4409, 62, 35, '2013-07-17 13:27:34', '2013-07-17 13:27:34'),
(4410, 62, 35, '2013-07-17 13:27:34', '2013-07-17 13:27:34'),
(4411, 62, 35, '2013-07-17 13:27:34', '2013-07-17 13:27:34'),
(4412, 62, 35, '2013-07-17 13:27:34', '2013-07-17 13:27:34'),
(4413, 62, 35, '2013-07-17 13:27:34', '2013-07-17 13:27:34'),
(4414, 62, 35, '2013-07-17 13:27:34', '2013-07-17 13:27:34'),
(4415, 62, 35, '2013-07-17 13:27:34', '2013-07-17 13:27:34'),
(4416, 62, 35, '2013-07-17 13:27:34', '2013-07-17 13:27:34'),
(4417, 62, 35, '2013-07-17 13:27:34', '2013-07-17 13:27:34'),
(4418, 62, 35, '2013-07-17 13:27:34', '2013-07-17 13:27:34'),
(4419, 62, 35, '2013-07-17 13:27:34', '2013-07-17 13:27:34'),
(4420, 62, 35, '2013-07-17 13:27:34', '2013-07-17 13:27:34'),
(4421, 62, 35, '2013-07-17 13:27:34', '2013-07-17 13:27:34'),
(4422, 62, 35, '2013-07-17 13:27:34', '2013-07-17 13:27:34'),
(4423, 62, 35, '2013-07-17 13:27:34', '2013-07-17 13:27:34'),
(4424, 62, 35, '2013-07-17 13:27:34', '2013-07-17 13:27:34'),
(4425, 62, 35, '2013-07-17 13:27:34', '2013-07-17 13:27:34'),
(4426, 62, 35, '2013-07-17 13:27:34', '2013-07-17 13:27:34'),
(4427, 62, 35, '2013-07-17 13:27:34', '2013-07-17 13:27:34'),
(4428, 62, 35, '2013-07-17 13:27:34', '2013-07-17 13:27:34'),
(4429, 62, 35, '2013-07-17 13:27:34', '2013-07-17 13:27:34'),
(4430, 62, 35, '2013-07-17 13:27:34', '2013-07-17 13:27:34'),
(4431, 62, 35, '2013-07-17 13:27:34', '2013-07-17 13:27:34'),
(4432, 62, 35, '2013-07-17 13:27:34', '2013-07-17 13:27:34'),
(4433, 62, 35, '2013-07-17 13:27:34', '2013-07-17 13:27:34'),
(4434, 62, 35, '2013-07-17 13:27:34', '2013-07-17 13:27:34'),
(4435, 62, 35, '2013-07-17 13:27:34', '2013-07-17 13:27:34'),
(4436, 62, 35, '2013-07-17 13:27:34', '2013-07-17 13:27:34'),
(4437, 62, 35, '2013-07-17 13:27:34', '2013-07-17 13:27:34'),
(4438, 62, 35, '2013-07-17 13:27:34', '2013-07-17 13:27:34'),
(4439, 62, 35, '2013-07-17 13:27:34', '2013-07-17 13:27:34'),
(4440, 62, 35, '2013-07-17 13:27:34', '2013-07-17 13:27:34'),
(4441, 62, 35, '2013-07-17 13:27:34', '2013-07-17 13:27:34'),
(4442, 62, 35, '2013-07-17 13:27:34', '2013-07-17 13:27:34'),
(4443, 62, 35, '2013-07-17 13:27:34', '2013-07-17 13:27:34'),
(4444, 62, 35, '2013-07-17 13:27:34', '2013-07-17 13:27:34'),
(4445, 62, 35, '2013-07-17 13:27:34', '2013-07-17 13:27:34'),
(4446, 62, 35, '2013-07-17 13:27:34', '2013-07-17 13:27:34'),
(4447, 62, 35, '2013-07-17 13:27:34', '2013-07-17 13:27:34'),
(4448, 62, 35, '2013-07-17 13:27:34', '2013-07-17 13:27:34'),
(4449, 62, 35, '2013-07-17 13:27:34', '2013-07-17 13:27:34'),
(4450, 62, 35, '2013-07-17 13:27:34', '2013-07-17 13:27:34'),
(4451, 62, 35, '2013-07-17 13:27:34', '2013-07-17 13:27:34'),
(4452, 62, 35, '2013-07-17 13:27:34', '2013-07-17 13:27:34'),
(4453, 62, 35, '2013-07-17 13:27:34', '2013-07-17 13:27:34'),
(4454, 62, 35, '2013-07-17 13:27:34', '2013-07-17 13:27:34'),
(4455, 62, 35, '2013-07-17 13:27:34', '2013-07-17 13:27:34'),
(4456, 62, 35, '2013-07-17 13:27:34', '2013-07-17 13:27:34'),
(4457, 62, 35, '2013-07-17 13:27:34', '2013-07-17 13:27:34'),
(4458, 62, 35, '2013-07-17 13:27:34', '2013-07-17 13:27:34'),
(4459, 62, 35, '2013-07-17 13:27:34', '2013-07-17 13:27:34'),
(4460, 62, 35, '2013-07-17 13:27:34', '2013-07-17 13:27:34'),
(4461, 62, 35, '2013-07-17 13:27:34', '2013-07-17 13:27:34'),
(4462, 62, 35, '2013-07-17 13:27:34', '2013-07-17 13:27:34'),
(4463, 62, 35, '2013-07-17 13:27:34', '2013-07-17 13:27:34'),
(4464, 62, 35, '2013-07-17 13:27:34', '2013-07-17 13:27:34'),
(4465, 62, 35, '2013-07-17 13:27:34', '2013-07-17 13:27:34'),
(4466, 62, 35, '2013-07-17 13:27:34', '2013-07-17 13:27:34'),
(4467, 62, 35, '2013-07-17 13:27:34', '2013-07-17 13:27:34'),
(4468, 62, 35, '2013-07-17 13:27:34', '2013-07-17 13:27:34'),
(4469, 62, 35, '2013-07-17 13:27:34', '2013-07-17 13:27:34'),
(4470, 62, 35, '2013-07-17 13:27:34', '2013-07-17 13:27:34'),
(4471, 62, 35, '2013-07-17 13:27:34', '2013-07-17 13:27:34'),
(4472, 62, 35, '2013-07-17 13:27:34', '2013-07-17 13:27:34'),
(4473, 62, 35, '2013-07-17 13:27:34', '2013-07-17 13:27:34'),
(4474, 62, 35, '2013-07-17 13:27:34', '2013-07-17 13:27:34'),
(4475, 62, 35, '2013-07-17 13:27:34', '2013-07-17 13:27:34'),
(4476, 62, 35, '2013-07-17 13:27:34', '2013-07-17 13:27:34'),
(4477, 62, 35, '2013-07-17 13:27:34', '2013-07-17 13:27:34'),
(4478, 62, 35, '2013-07-17 13:27:34', '2013-07-17 13:27:34'),
(4479, 62, 35, '2013-07-17 13:27:34', '2013-07-17 13:27:34'),
(4480, 62, 35, '2013-07-17 13:27:34', '2013-07-17 13:27:34'),
(4481, 62, 35, '2013-07-17 13:27:34', '2013-07-17 13:27:34'),
(4482, 62, 35, '2013-07-17 13:27:34', '2013-07-17 13:27:34'),
(4483, 62, 35, '2013-07-17 13:27:34', '2013-07-17 13:27:34'),
(4484, 62, 35, '2013-07-17 13:27:34', '2013-07-17 13:27:34'),
(4485, 62, 35, '2013-07-17 13:27:34', '2013-07-17 13:27:34'),
(4486, 62, 35, '2013-07-17 13:27:34', '2013-07-17 13:27:34'),
(4487, 62, 35, '2013-07-17 13:27:34', '2013-07-17 13:27:34'),
(4488, 62, 35, '2013-07-17 13:27:34', '2013-07-17 13:27:34'),
(4489, 62, 35, '2013-07-17 13:27:34', '2013-07-17 13:27:34'),
(4490, 62, 35, '2013-07-17 13:27:34', '2013-07-17 13:27:34'),
(4491, 62, 35, '2013-07-17 13:27:34', '2013-07-17 13:27:34'),
(4492, 62, 35, '2013-07-17 13:27:34', '2013-07-17 13:27:34'),
(4493, 62, 35, '2013-07-17 13:27:34', '2013-07-17 13:27:34'),
(4494, 62, 35, '2013-07-17 13:27:34', '2013-07-17 13:27:34'),
(4495, 62, 35, '2013-07-17 13:27:34', '2013-07-17 13:27:34'),
(4496, 62, 35, '2013-07-17 13:27:34', '2013-07-17 13:27:34'),
(4497, 62, 35, '2013-07-17 13:27:34', '2013-07-17 13:27:34'),
(4498, 62, 35, '2013-07-17 13:27:34', '2013-07-17 13:27:34'),
(4499, 62, 35, '2013-07-17 13:27:34', '2013-07-17 13:27:34'),
(4500, 62, 35, '2013-07-17 13:27:34', '2013-07-17 13:27:34'),
(4501, 62, 35, '2013-07-17 13:27:34', '2013-07-17 13:27:34'),
(4502, 62, 35, '2013-07-17 13:27:34', '2013-07-17 13:27:34'),
(4503, 62, 35, '2013-07-17 13:27:34', '2013-07-17 13:27:34'),
(4504, 62, 35, '2013-07-17 13:27:34', '2013-07-17 13:27:34'),
(4505, 62, 35, '2013-07-17 13:27:34', '2013-07-17 13:27:34'),
(4506, 62, 35, '2013-07-17 13:27:34', '2013-07-17 13:27:34'),
(4507, 62, 35, '2013-07-17 13:27:34', '2013-07-17 13:27:34'),
(4508, 62, 35, '2013-07-17 13:27:34', '2013-07-17 13:27:34'),
(4509, 62, 35, '2013-07-17 13:27:34', '2013-07-17 13:27:34'),
(4510, 62, 35, '2013-07-17 13:27:34', '2013-07-17 13:27:34'),
(4511, 62, 35, '2013-07-17 13:27:34', '2013-07-17 13:27:34'),
(4512, 62, 35, '2013-07-17 13:27:34', '2013-07-17 13:27:34'),
(4513, 62, 35, '2013-07-17 13:27:35', '2013-07-17 13:27:35'),
(4514, 62, 35, '2013-07-17 13:27:35', '2013-07-17 13:27:35'),
(4515, 62, 35, '2013-07-17 13:27:35', '2013-07-17 13:27:35'),
(4516, 62, 35, '2013-07-17 13:27:35', '2013-07-17 13:27:35'),
(4517, 62, 35, '2013-07-17 13:27:35', '2013-07-17 13:27:35'),
(4518, 62, 35, '2013-07-17 13:27:35', '2013-07-17 13:27:35'),
(4519, 62, 35, '2013-07-17 13:27:35', '2013-07-17 13:27:35'),
(4520, 62, 35, '2013-07-17 13:27:35', '2013-07-17 13:27:35'),
(4521, 62, 35, '2013-07-17 13:27:35', '2013-07-17 13:27:35'),
(4522, 62, 35, '2013-07-17 13:27:35', '2013-07-17 13:27:35'),
(4523, 62, 35, '2013-07-17 13:27:35', '2013-07-17 13:27:35'),
(4524, 62, 35, '2013-07-17 13:27:35', '2013-07-17 13:27:35'),
(4525, 62, 35, '2013-07-17 13:27:35', '2013-07-17 13:27:35'),
(4526, 62, 35, '2013-07-17 13:27:35', '2013-07-17 13:27:35'),
(4527, 62, 35, '2013-07-17 13:27:35', '2013-07-17 13:27:35'),
(4528, 62, 35, '2013-07-17 13:27:35', '2013-07-17 13:27:35'),
(4529, 62, 35, '2013-07-17 13:27:35', '2013-07-17 13:27:35'),
(4530, 62, 35, '2013-07-17 13:27:35', '2013-07-17 13:27:35'),
(4531, 62, 35, '2013-07-17 13:27:35', '2013-07-17 13:27:35'),
(4532, 62, 35, '2013-07-17 13:27:35', '2013-07-17 13:27:35'),
(4533, 62, 35, '2013-07-17 13:27:35', '2013-07-17 13:27:35'),
(4534, 62, 35, '2013-07-17 13:27:35', '2013-07-17 13:27:35'),
(4535, 62, 35, '2013-07-17 13:27:35', '2013-07-17 13:27:35'),
(4536, 62, 35, '2013-07-17 13:27:35', '2013-07-17 13:27:35'),
(4537, 62, 35, '2013-07-17 13:27:35', '2013-07-17 13:27:35'),
(4538, 62, 35, '2013-07-17 13:27:35', '2013-07-17 13:27:35'),
(4539, 62, 35, '2013-07-17 13:27:35', '2013-07-17 13:27:35'),
(4540, 62, 35, '2013-07-17 13:27:35', '2013-07-17 13:27:35'),
(4541, 62, 35, '2013-07-17 13:27:35', '2013-07-17 13:27:35'),
(4542, 62, 35, '2013-07-17 13:27:35', '2013-07-17 13:27:35'),
(4543, 62, 35, '2013-07-17 13:27:35', '2013-07-17 13:27:35'),
(4544, 62, 35, '2013-07-17 13:27:35', '2013-07-17 13:27:35'),
(4545, 62, 35, '2013-07-17 13:27:35', '2013-07-17 13:27:35'),
(4546, 62, 35, '2013-07-17 13:27:35', '2013-07-17 13:27:35'),
(4547, 62, 35, '2013-07-17 13:27:35', '2013-07-17 13:27:35'),
(4548, 62, 35, '2013-07-17 13:27:35', '2013-07-17 13:27:35'),
(4549, 62, 35, '2013-07-17 13:27:35', '2013-07-17 13:27:35'),
(4550, 62, 35, '2013-07-17 13:27:35', '2013-07-17 13:27:35'),
(4551, 62, 35, '2013-07-17 13:27:35', '2013-07-17 13:27:35'),
(4552, 62, 35, '2013-07-17 13:27:35', '2013-07-17 13:27:35'),
(4553, 62, 35, '2013-07-17 13:27:35', '2013-07-17 13:27:35'),
(4554, 62, 35, '2013-07-17 13:27:35', '2013-07-17 13:27:35'),
(4555, 62, 35, '2013-07-17 13:27:35', '2013-07-17 13:27:35'),
(4556, 62, 35, '2013-07-17 13:27:35', '2013-07-17 13:27:35'),
(4557, 62, 35, '2013-07-17 13:27:35', '2013-07-17 13:27:35'),
(4558, 62, 35, '2013-07-17 13:27:35', '2013-07-17 13:27:35'),
(4559, 62, 35, '2013-07-17 13:27:35', '2013-07-17 13:27:35'),
(4560, 62, 35, '2013-07-17 13:27:35', '2013-07-17 13:27:35'),
(4561, 62, 35, '2013-07-17 13:27:35', '2013-07-17 13:27:35'),
(4562, 62, 35, '2013-07-17 13:27:35', '2013-07-17 13:27:35'),
(4563, 62, 35, '2013-07-17 13:27:35', '2013-07-17 13:27:35'),
(4564, 62, 35, '2013-07-17 13:27:35', '2013-07-17 13:27:35'),
(4565, 62, 35, '2013-07-17 13:27:35', '2013-07-17 13:27:35'),
(4566, 62, 35, '2013-07-17 13:27:35', '2013-07-17 13:27:35'),
(4567, 62, 35, '2013-07-17 13:27:35', '2013-07-17 13:27:35'),
(4568, 62, 35, '2013-07-17 13:27:35', '2013-07-17 13:27:35'),
(4569, 62, 35, '2013-07-17 13:27:35', '2013-07-17 13:27:35'),
(4570, 62, 35, '2013-07-17 13:27:35', '2013-07-17 13:27:35'),
(4571, 62, 35, '2013-07-17 13:27:35', '2013-07-17 13:27:35'),
(4572, 62, 35, '2013-07-17 13:27:35', '2013-07-17 13:27:35'),
(4573, 62, 35, '2013-07-17 13:27:35', '2013-07-17 13:27:35'),
(4574, 62, 35, '2013-07-17 13:27:35', '2013-07-17 13:27:35'),
(4575, 62, 35, '2013-07-17 13:27:35', '2013-07-17 13:27:35'),
(4576, 62, 35, '2013-07-17 13:27:35', '2013-07-17 13:27:35'),
(4577, 62, 35, '2013-07-17 13:27:35', '2013-07-17 13:27:35'),
(4578, 62, 35, '2013-07-17 13:27:35', '2013-07-17 13:27:35'),
(4579, 62, 35, '2013-07-17 13:27:35', '2013-07-17 13:27:35'),
(4580, 62, 35, '2013-07-17 13:27:35', '2013-07-17 13:27:35'),
(4581, 62, 35, '2013-07-17 13:27:35', '2013-07-17 13:27:35'),
(4582, 62, 35, '2013-07-17 13:27:35', '2013-07-17 13:27:35'),
(4583, 62, 35, '2013-07-17 13:27:35', '2013-07-17 13:27:35'),
(4584, 62, 35, '2013-07-17 13:27:35', '2013-07-17 13:27:35'),
(4585, 62, 35, '2013-07-17 13:27:35', '2013-07-17 13:27:35'),
(4586, 62, 35, '2013-07-17 13:27:35', '2013-07-17 13:27:35'),
(4587, 62, 35, '2013-07-17 13:27:35', '2013-07-17 13:27:35'),
(4588, 62, 35, '2013-07-17 13:27:35', '2013-07-17 13:27:35'),
(4589, 62, 35, '2013-07-17 13:27:35', '2013-07-17 13:27:35'),
(4590, 62, 35, '2013-07-17 13:27:35', '2013-07-17 13:27:35'),
(4591, 62, 35, '2013-07-17 13:27:35', '2013-07-17 13:27:35'),
(4592, 62, 35, '2013-07-17 13:27:35', '2013-07-17 13:27:35'),
(4593, 62, 35, '2013-07-17 13:27:35', '2013-07-17 13:27:35'),
(4594, 62, 35, '2013-07-17 13:27:35', '2013-07-17 13:27:35'),
(4595, 62, 35, '2013-07-17 13:27:35', '2013-07-17 13:27:35'),
(4596, 62, 35, '2013-07-17 13:27:35', '2013-07-17 13:27:35'),
(4597, 62, 35, '2013-07-17 13:27:35', '2013-07-17 13:27:35'),
(4598, 62, 35, '2013-07-17 13:27:35', '2013-07-17 13:27:35'),
(4599, 62, 35, '2013-07-17 13:27:35', '2013-07-17 13:27:35'),
(4600, 62, 35, '2013-07-17 13:27:35', '2013-07-17 13:27:35'),
(4601, 62, 35, '2013-07-17 13:27:35', '2013-07-17 13:27:35'),
(4602, 62, 35, '2013-07-17 13:27:35', '2013-07-17 13:27:35'),
(4603, 62, 35, '2013-07-17 13:27:35', '2013-07-17 13:27:35'),
(4604, 62, 35, '2013-07-17 13:27:35', '2013-07-17 13:27:35'),
(4605, 62, 35, '2013-07-17 13:27:35', '2013-07-17 13:27:35'),
(4606, 62, 35, '2013-07-17 13:27:35', '2013-07-17 13:27:35'),
(4607, 62, 35, '2013-07-17 13:27:35', '2013-07-17 13:27:35'),
(4608, 62, 35, '2013-07-17 13:27:35', '2013-07-17 13:27:35'),
(4609, 62, 35, '2013-07-17 13:27:35', '2013-07-17 13:27:35'),
(4610, 62, 35, '2013-07-17 13:27:35', '2013-07-17 13:27:35'),
(4611, 62, 35, '2013-07-17 13:27:35', '2013-07-17 13:27:35'),
(4612, 62, 35, '2013-07-17 13:27:35', '2013-07-17 13:27:35'),
(4613, 62, 35, '2013-07-17 13:27:35', '2013-07-17 13:27:35'),
(4614, 62, 35, '2013-07-17 13:27:35', '2013-07-17 13:27:35'),
(4615, 62, 35, '2013-07-17 13:27:35', '2013-07-17 13:27:35'),
(4616, 62, 35, '2013-07-17 13:27:35', '2013-07-17 13:27:35'),
(4617, 62, 35, '2013-07-17 13:27:35', '2013-07-17 13:27:35'),
(4618, 62, 35, '2013-07-17 13:27:35', '2013-07-17 13:27:35'),
(4619, 62, 35, '2013-07-17 13:27:35', '2013-07-17 13:27:35'),
(4620, 62, 35, '2013-07-17 13:27:35', '2013-07-17 13:27:35'),
(4621, 62, 35, '2013-07-17 13:27:35', '2013-07-17 13:27:35'),
(4622, 62, 35, '2013-07-17 13:27:35', '2013-07-17 13:27:35'),
(4623, 62, 35, '2013-07-17 13:27:35', '2013-07-17 13:27:35'),
(4624, 62, 35, '2013-07-17 13:27:35', '2013-07-17 13:27:35'),
(4625, 62, 35, '2013-07-17 13:27:35', '2013-07-17 13:27:35'),
(4626, 62, 35, '2013-07-17 13:27:35', '2013-07-17 13:27:35'),
(4627, 62, 35, '2013-07-17 13:27:35', '2013-07-17 13:27:35'),
(4628, 62, 35, '2013-07-17 13:27:35', '2013-07-17 13:27:35'),
(4629, 62, 35, '2013-07-17 13:27:35', '2013-07-17 13:27:35'),
(4630, 62, 35, '2013-07-17 13:27:35', '2013-07-17 13:27:35'),
(4631, 62, 35, '2013-07-17 13:27:35', '2013-07-17 13:27:35'),
(4632, 62, 35, '2013-07-17 13:27:35', '2013-07-17 13:27:35'),
(4633, 62, 35, '2013-07-17 13:27:35', '2013-07-17 13:27:35'),
(4634, 62, 35, '2013-07-17 13:27:35', '2013-07-17 13:27:35'),
(4635, 62, 35, '2013-07-17 13:27:35', '2013-07-17 13:27:35'),
(4636, 62, 35, '2013-07-17 13:27:35', '2013-07-17 13:27:35'),
(4637, 62, 35, '2013-07-17 13:27:35', '2013-07-17 13:27:35'),
(4638, 62, 35, '2013-07-17 13:27:35', '2013-07-17 13:27:35'),
(4639, 62, 35, '2013-07-17 13:27:35', '2013-07-17 13:27:35'),
(4640, 62, 35, '2013-07-17 13:27:35', '2013-07-17 13:27:35'),
(4641, 62, 35, '2013-07-17 13:27:35', '2013-07-17 13:27:35'),
(4642, 62, 35, '2013-07-17 13:27:35', '2013-07-17 13:27:35'),
(4643, 62, 35, '2013-07-17 13:27:35', '2013-07-17 13:27:35'),
(4644, 62, 35, '2013-07-17 13:27:35', '2013-07-17 13:27:35'),
(4645, 62, 35, '2013-07-17 13:27:35', '2013-07-17 13:27:35'),
(4646, 62, 35, '2013-07-17 13:27:35', '2013-07-17 13:27:35'),
(4647, 62, 35, '2013-07-17 13:27:35', '2013-07-17 13:27:35'),
(4648, 62, 35, '2013-07-17 13:27:35', '2013-07-17 13:27:35'),
(4649, 62, 35, '2013-07-17 13:27:35', '2013-07-17 13:27:35'),
(4650, 62, 35, '2013-07-17 13:27:35', '2013-07-17 13:27:35'),
(4651, 62, 35, '2013-07-17 13:27:35', '2013-07-17 13:27:35'),
(4652, 62, 35, '2013-07-17 13:27:35', '2013-07-17 13:27:35'),
(4653, 62, 35, '2013-07-17 13:27:35', '2013-07-17 13:27:35'),
(4654, 62, 35, '2013-07-17 13:27:35', '2013-07-17 13:27:35'),
(4655, 62, 35, '2013-07-17 13:27:35', '2013-07-17 13:27:35'),
(4656, 62, 35, '2013-07-17 13:27:35', '2013-07-17 13:27:35'),
(4657, 62, 35, '2013-07-17 13:27:35', '2013-07-17 13:27:35'),
(4658, 62, 35, '2013-07-17 13:27:35', '2013-07-17 13:27:35'),
(4659, 62, 35, '2013-07-17 13:27:35', '2013-07-17 13:27:35'),
(4660, 62, 35, '2013-07-17 13:27:35', '2013-07-17 13:27:35'),
(4661, 62, 35, '2013-07-17 13:27:35', '2013-07-17 13:27:35'),
(4662, 62, 35, '2013-07-17 13:27:35', '2013-07-17 13:27:35'),
(4663, 62, 35, '2013-07-17 13:27:35', '2013-07-17 13:27:35'),
(4664, 62, 35, '2013-07-17 13:27:35', '2013-07-17 13:27:35'),
(4665, 62, 35, '2013-07-17 13:27:35', '2013-07-17 13:27:35'),
(4666, 62, 35, '2013-07-17 13:27:35', '2013-07-17 13:27:35'),
(4667, 62, 35, '2013-07-17 13:27:35', '2013-07-17 13:27:35'),
(4668, 62, 35, '2013-07-17 13:27:35', '2013-07-17 13:27:35'),
(4669, 62, 35, '2013-07-17 13:27:35', '2013-07-17 13:27:35'),
(4670, 62, 35, '2013-07-17 13:27:35', '2013-07-17 13:27:35'),
(4671, 62, 35, '2013-07-17 13:27:35', '2013-07-17 13:27:35'),
(4672, 62, 35, '2013-07-17 13:27:35', '2013-07-17 13:27:35'),
(4673, 62, 35, '2013-07-17 13:27:35', '2013-07-17 13:27:35'),
(4674, 62, 35, '2013-07-17 13:27:35', '2013-07-17 13:27:35'),
(4675, 62, 35, '2013-07-17 13:27:35', '2013-07-17 13:27:35'),
(4676, 62, 35, '2013-07-17 13:27:35', '2013-07-17 13:27:35'),
(4677, 62, 35, '2013-07-17 13:27:35', '2013-07-17 13:27:35'),
(4678, 62, 35, '2013-07-17 13:27:35', '2013-07-17 13:27:35'),
(4679, 62, 35, '2013-07-17 13:27:35', '2013-07-17 13:27:35'),
(4680, 62, 35, '2013-07-17 13:27:35', '2013-07-17 13:27:35'),
(4681, 62, 35, '2013-07-17 13:27:35', '2013-07-17 13:27:35'),
(4682, 62, 35, '2013-07-17 13:27:35', '2013-07-17 13:27:35'),
(4683, 62, 35, '2013-07-17 13:27:35', '2013-07-17 13:27:35'),
(4684, 62, 35, '2013-07-17 13:27:35', '2013-07-17 13:27:35'),
(4685, 62, 35, '2013-07-17 13:27:35', '2013-07-17 13:27:35'),
(4686, 62, 35, '2013-07-17 13:27:35', '2013-07-17 13:27:35'),
(4687, 62, 35, '2013-07-17 13:27:35', '2013-07-17 13:27:35'),
(4688, 62, 35, '2013-07-17 13:27:35', '2013-07-17 13:27:35'),
(4689, 62, 35, '2013-07-17 13:27:35', '2013-07-17 13:27:35'),
(4690, 62, 35, '2013-07-17 13:27:35', '2013-07-17 13:27:35'),
(4691, 62, 35, '2013-07-17 13:27:35', '2013-07-17 13:27:35'),
(4692, 62, 35, '2013-07-17 13:27:35', '2013-07-17 13:27:35'),
(4693, 62, 35, '2013-07-17 13:27:35', '2013-07-17 13:27:35'),
(4694, 62, 35, '2013-07-17 13:27:35', '2013-07-17 13:27:35'),
(4695, 62, 35, '2013-07-17 13:27:35', '2013-07-17 13:27:35'),
(4696, 62, 35, '2013-07-17 13:27:35', '2013-07-17 13:27:35'),
(4697, 62, 35, '2013-07-17 13:27:35', '2013-07-17 13:27:35'),
(4698, 62, 35, '2013-07-17 13:27:35', '2013-07-17 13:27:35'),
(4699, 62, 35, '2013-07-17 13:27:35', '2013-07-17 13:27:35'),
(4700, 62, 35, '2013-07-17 13:27:35', '2013-07-17 13:27:35'),
(4701, 62, 35, '2013-07-17 13:27:35', '2013-07-17 13:27:35'),
(4702, 62, 35, '2013-07-17 13:27:35', '2013-07-17 13:27:35'),
(4703, 62, 35, '2013-07-17 13:27:35', '2013-07-17 13:27:35'),
(4704, 62, 35, '2013-07-17 13:27:35', '2013-07-17 13:27:35'),
(4705, 62, 35, '2013-07-17 13:27:35', '2013-07-17 13:27:35'),
(4706, 62, 35, '2013-07-17 13:27:35', '2013-07-17 13:27:35'),
(4707, 62, 35, '2013-07-17 13:27:35', '2013-07-17 13:27:35'),
(4708, 62, 35, '2013-07-17 13:27:35', '2013-07-17 13:27:35'),
(4709, 62, 35, '2013-07-17 13:27:35', '2013-07-17 13:27:35'),
(4710, 62, 35, '2013-07-17 13:27:35', '2013-07-17 13:27:35'),
(4711, 62, 35, '2013-07-17 13:27:35', '2013-07-17 13:27:35'),
(4712, 62, 35, '2013-07-17 13:27:35', '2013-07-17 13:27:35'),
(4713, 62, 35, '2013-07-17 13:27:35', '2013-07-17 13:27:35'),
(4714, 62, 35, '2013-07-17 13:27:35', '2013-07-17 13:27:35'),
(4715, 62, 35, '2013-07-17 13:27:35', '2013-07-17 13:27:35'),
(4716, 62, 35, '2013-07-17 13:27:35', '2013-07-17 13:27:35'),
(4717, 62, 35, '2013-07-17 13:27:35', '2013-07-17 13:27:35'),
(4718, 62, 35, '2013-07-17 13:27:35', '2013-07-17 13:27:35'),
(4719, 62, 35, '2013-07-17 13:27:35', '2013-07-17 13:27:35'),
(4720, 62, 35, '2013-07-17 13:27:35', '2013-07-17 13:27:35'),
(4721, 62, 35, '2013-07-17 13:27:35', '2013-07-17 13:27:35'),
(4722, 62, 35, '2013-07-17 13:27:35', '2013-07-17 13:27:35'),
(4723, 62, 35, '2013-07-17 13:27:35', '2013-07-17 13:27:35'),
(4724, 62, 35, '2013-07-17 13:27:35', '2013-07-17 13:27:35'),
(4725, 62, 35, '2013-07-17 13:27:35', '2013-07-17 13:27:35'),
(4726, 62, 35, '2013-07-17 13:27:35', '2013-07-17 13:27:35'),
(4727, 62, 35, '2013-07-17 13:27:35', '2013-07-17 13:27:35'),
(4728, 62, 35, '2013-07-17 13:27:35', '2013-07-17 13:27:35'),
(4729, 62, 35, '2013-07-17 13:27:35', '2013-07-17 13:27:35'),
(4730, 62, 35, '2013-07-17 13:27:35', '2013-07-17 13:27:35'),
(4731, 62, 35, '2013-07-17 13:27:35', '2013-07-17 13:27:35'),
(4732, 62, 35, '2013-07-17 13:27:35', '2013-07-17 13:27:35'),
(4733, 62, 35, '2013-07-17 13:27:35', '2013-07-17 13:27:35'),
(4734, 62, 35, '2013-07-17 13:27:35', '2013-07-17 13:27:35'),
(4735, 62, 35, '2013-07-17 13:27:35', '2013-07-17 13:27:35'),
(4736, 62, 35, '2013-07-17 13:27:35', '2013-07-17 13:27:35'),
(4737, 62, 35, '2013-07-17 13:27:35', '2013-07-17 13:27:35'),
(4738, 62, 35, '2013-07-17 13:27:35', '2013-07-17 13:27:35'),
(4739, 62, 35, '2013-07-17 13:27:35', '2013-07-17 13:27:35'),
(4740, 62, 35, '2013-07-17 13:27:35', '2013-07-17 13:27:35'),
(4741, 62, 35, '2013-07-17 13:27:35', '2013-07-17 13:27:35'),
(4742, 62, 35, '2013-07-17 13:27:35', '2013-07-17 13:27:35'),
(4743, 62, 35, '2013-07-17 13:27:35', '2013-07-17 13:27:35'),
(4744, 62, 35, '2013-07-17 13:27:35', '2013-07-17 13:27:35'),
(4745, 62, 35, '2013-07-17 13:27:35', '2013-07-17 13:27:35'),
(4746, 62, 35, '2013-07-17 13:27:35', '2013-07-17 13:27:35'),
(4747, 62, 35, '2013-07-17 13:27:35', '2013-07-17 13:27:35'),
(4748, 62, 35, '2013-07-17 13:27:35', '2013-07-17 13:27:35'),
(4749, 62, 35, '2013-07-17 13:27:35', '2013-07-17 13:27:35'),
(4750, 62, 35, '2013-07-17 13:27:35', '2013-07-17 13:27:35'),
(4751, 62, 35, '2013-07-17 13:27:35', '2013-07-17 13:27:35'),
(4752, 62, 35, '2013-07-17 13:27:35', '2013-07-17 13:27:35'),
(4753, 62, 35, '2013-07-17 13:27:35', '2013-07-17 13:27:35'),
(4754, 62, 35, '2013-07-17 13:27:35', '2013-07-17 13:27:35'),
(4755, 62, 35, '2013-07-17 13:27:36', '2013-07-17 13:27:36'),
(4756, 62, 35, '2013-07-17 13:27:36', '2013-07-17 13:27:36'),
(4757, 62, 35, '2013-07-17 13:27:36', '2013-07-17 13:27:36'),
(4758, 62, 35, '2013-07-17 13:27:36', '2013-07-17 13:27:36'),
(4759, 62, 35, '2013-07-17 13:27:36', '2013-07-17 13:27:36'),
(4760, 62, 35, '2013-07-17 13:27:36', '2013-07-17 13:27:36'),
(4761, 62, 35, '2013-07-17 13:27:36', '2013-07-17 13:27:36'),
(4762, 62, 35, '2013-07-17 13:27:36', '2013-07-17 13:27:36'),
(4763, 62, 35, '2013-07-17 13:27:36', '2013-07-17 13:27:36'),
(4764, 62, 35, '2013-07-17 13:27:36', '2013-07-17 13:27:36'),
(4765, 62, 35, '2013-07-17 13:27:36', '2013-07-17 13:27:36'),
(4766, 62, 35, '2013-07-17 13:27:36', '2013-07-17 13:27:36'),
(4767, 62, 35, '2013-07-17 13:27:36', '2013-07-17 13:27:36'),
(4768, 62, 35, '2013-07-17 13:27:36', '2013-07-17 13:27:36'),
(4769, 62, 35, '2013-07-17 13:27:36', '2013-07-17 13:27:36'),
(4770, 62, 35, '2013-07-17 13:27:36', '2013-07-17 13:27:36'),
(4771, 62, 35, '2013-07-17 13:27:36', '2013-07-17 13:27:36'),
(4772, 62, 35, '2013-07-17 13:27:36', '2013-07-17 13:27:36'),
(4773, 62, 35, '2013-07-17 13:27:36', '2013-07-17 13:27:36'),
(4774, 62, 35, '2013-07-17 13:27:36', '2013-07-17 13:27:36'),
(4775, 62, 35, '2013-07-17 13:27:36', '2013-07-17 13:27:36'),
(4776, 62, 35, '2013-07-17 13:27:36', '2013-07-17 13:27:36'),
(4777, 62, 35, '2013-07-17 13:27:36', '2013-07-17 13:27:36'),
(4778, 62, 35, '2013-07-17 13:27:36', '2013-07-17 13:27:36'),
(4779, 62, 35, '2013-07-17 13:27:36', '2013-07-17 13:27:36'),
(4780, 62, 35, '2013-07-17 13:27:36', '2013-07-17 13:27:36'),
(4781, 62, 35, '2013-07-17 13:27:36', '2013-07-17 13:27:36'),
(4782, 62, 35, '2013-07-17 13:27:36', '2013-07-17 13:27:36'),
(4783, 62, 35, '2013-07-17 13:27:36', '2013-07-17 13:27:36'),
(4784, 62, 35, '2013-07-17 13:27:36', '2013-07-17 13:27:36'),
(4785, 62, 35, '2013-07-17 13:27:36', '2013-07-17 13:27:36'),
(4786, 62, 35, '2013-07-17 13:27:36', '2013-07-17 13:27:36'),
(4787, 62, 35, '2013-07-17 13:27:36', '2013-07-17 13:27:36'),
(4788, 62, 35, '2013-07-17 13:27:36', '2013-07-17 13:27:36'),
(4789, 62, 35, '2013-07-17 13:27:36', '2013-07-17 13:27:36'),
(4790, 62, 35, '2013-07-17 13:27:36', '2013-07-17 13:27:36'),
(4791, 62, 35, '2013-07-17 13:27:36', '2013-07-17 13:27:36'),
(4792, 62, 35, '2013-07-17 13:27:36', '2013-07-17 13:27:36'),
(4793, 62, 35, '2013-07-17 13:27:36', '2013-07-17 13:27:36'),
(4794, 62, 35, '2013-07-17 13:27:36', '2013-07-17 13:27:36'),
(4795, 62, 35, '2013-07-17 13:27:36', '2013-07-17 13:27:36'),
(4796, 62, 35, '2013-07-17 13:27:36', '2013-07-17 13:27:36'),
(4797, 62, 35, '2013-07-17 13:27:36', '2013-07-17 13:27:36'),
(4798, 62, 35, '2013-07-17 13:27:36', '2013-07-17 13:27:36'),
(4799, 62, 35, '2013-07-17 13:27:36', '2013-07-17 13:27:36'),
(4800, 62, 35, '2013-07-17 13:27:36', '2013-07-17 13:27:36'),
(4801, 62, 35, '2013-07-17 13:27:36', '2013-07-17 13:27:36'),
(4802, 62, 35, '2013-07-17 13:27:36', '2013-07-17 13:27:36'),
(4803, 62, 35, '2013-07-17 13:27:36', '2013-07-17 13:27:36'),
(4804, 62, 35, '2013-07-17 13:27:36', '2013-07-17 13:27:36'),
(4805, 62, 35, '2013-07-17 13:27:36', '2013-07-17 13:27:36'),
(4806, 62, 35, '2013-07-17 13:27:36', '2013-07-17 13:27:36'),
(4807, 62, 35, '2013-07-17 13:27:36', '2013-07-17 13:27:36'),
(4808, 62, 35, '2013-07-17 13:27:36', '2013-07-17 13:27:36'),
(4809, 62, 35, '2013-07-17 13:27:36', '2013-07-17 13:27:36'),
(4810, 62, 35, '2013-07-17 13:27:36', '2013-07-17 13:27:36'),
(4811, 62, 35, '2013-07-17 13:27:36', '2013-07-17 13:27:36'),
(4812, 62, 35, '2013-07-17 13:27:36', '2013-07-17 13:27:36'),
(4813, 62, 35, '2013-07-17 13:27:36', '2013-07-17 13:27:36'),
(4814, 62, 35, '2013-07-17 13:27:36', '2013-07-17 13:27:36'),
(4815, 62, 35, '2013-07-17 13:27:36', '2013-07-17 13:27:36'),
(4816, 62, 35, '2013-07-17 13:27:36', '2013-07-17 13:27:36'),
(4817, 62, 35, '2013-07-17 13:27:36', '2013-07-17 13:27:36'),
(4818, 62, 35, '2013-07-17 13:27:36', '2013-07-17 13:27:36'),
(4819, 62, 35, '2013-07-17 13:27:36', '2013-07-17 13:27:36'),
(4820, 62, 35, '2013-07-17 13:27:36', '2013-07-17 13:27:36'),
(4821, 62, 35, '2013-07-17 13:27:36', '2013-07-17 13:27:36'),
(4822, 62, 35, '2013-07-17 13:27:36', '2013-07-17 13:27:36'),
(4823, 62, 35, '2013-07-17 13:27:36', '2013-07-17 13:27:36'),
(4824, 62, 35, '2013-07-17 13:27:36', '2013-07-17 13:27:36'),
(4825, 62, 35, '2013-07-17 13:27:36', '2013-07-17 13:27:36'),
(4826, 62, 35, '2013-07-17 13:27:36', '2013-07-17 13:27:36'),
(4827, 62, 35, '2013-07-17 13:27:36', '2013-07-17 13:27:36'),
(4828, 62, 35, '2013-07-17 13:27:36', '2013-07-17 13:27:36'),
(4829, 62, 35, '2013-07-17 13:27:36', '2013-07-17 13:27:36'),
(4830, 62, 35, '2013-07-17 13:27:36', '2013-07-17 13:27:36'),
(4831, 62, 35, '2013-07-17 13:27:36', '2013-07-17 13:27:36'),
(4832, 62, 35, '2013-07-17 13:27:36', '2013-07-17 13:27:36'),
(4833, 62, 35, '2013-07-17 13:27:36', '2013-07-17 13:27:36'),
(4834, 62, 35, '2013-07-17 13:27:36', '2013-07-17 13:27:36'),
(4835, 62, 35, '2013-07-17 13:27:36', '2013-07-17 13:27:36'),
(4836, 62, 35, '2013-07-17 13:27:36', '2013-07-17 13:27:36'),
(4837, 62, 35, '2013-07-17 13:27:36', '2013-07-17 13:27:36'),
(4838, 62, 35, '2013-07-17 13:27:36', '2013-07-17 13:27:36'),
(4839, 62, 35, '2013-07-17 13:27:36', '2013-07-17 13:27:36'),
(4840, 62, 35, '2013-07-17 13:27:36', '2013-07-17 13:27:36'),
(4841, 62, 35, '2013-07-17 13:27:36', '2013-07-17 13:27:36'),
(4842, 62, 35, '2013-07-17 13:27:36', '2013-07-17 13:27:36'),
(4843, 62, 35, '2013-07-17 13:27:36', '2013-07-17 13:27:36'),
(4844, 62, 35, '2013-07-17 13:27:36', '2013-07-17 13:27:36'),
(4845, 62, 35, '2013-07-17 13:27:36', '2013-07-17 13:27:36'),
(4846, 62, 35, '2013-07-17 13:27:36', '2013-07-17 13:27:36'),
(4847, 62, 35, '2013-07-17 13:27:36', '2013-07-17 13:27:36'),
(4848, 62, 35, '2013-07-17 13:27:36', '2013-07-17 13:27:36'),
(4849, 62, 35, '2013-07-17 13:27:36', '2013-07-17 13:27:36'),
(4850, 62, 35, '2013-07-17 13:27:36', '2013-07-17 13:27:36'),
(4851, 62, 35, '2013-07-17 13:27:36', '2013-07-17 13:27:36'),
(4852, 62, 35, '2013-07-17 13:27:36', '2013-07-17 13:27:36'),
(4853, 62, 35, '2013-07-17 13:27:36', '2013-07-17 13:27:36'),
(4854, 62, 35, '2013-07-17 13:27:36', '2013-07-17 13:27:36'),
(4855, 62, 35, '2013-07-17 13:27:36', '2013-07-17 13:27:36'),
(4856, 62, 35, '2013-07-17 13:27:36', '2013-07-17 13:27:36'),
(4857, 62, 35, '2013-07-17 13:27:36', '2013-07-17 13:27:36'),
(4858, 62, 35, '2013-07-17 13:27:36', '2013-07-17 13:27:36'),
(4859, 62, 35, '2013-07-17 13:27:36', '2013-07-17 13:27:36'),
(4860, 62, 35, '2013-07-17 13:27:36', '2013-07-17 13:27:36'),
(4861, 62, 35, '2013-07-17 13:27:36', '2013-07-17 13:27:36'),
(4862, 62, 35, '2013-07-17 13:27:36', '2013-07-17 13:27:36'),
(4863, 62, 35, '2013-07-17 13:27:36', '2013-07-17 13:27:36'),
(4864, 62, 35, '2013-07-17 13:27:36', '2013-07-17 13:27:36'),
(4865, 62, 35, '2013-07-17 13:27:36', '2013-07-17 13:27:36'),
(4866, 62, 35, '2013-07-17 13:27:36', '2013-07-17 13:27:36'),
(4867, 62, 35, '2013-07-17 13:27:36', '2013-07-17 13:27:36'),
(4868, 62, 35, '2013-07-17 13:27:36', '2013-07-17 13:27:36'),
(4869, 62, 35, '2013-07-17 13:27:36', '2013-07-17 13:27:36'),
(4870, 62, 35, '2013-07-17 13:27:36', '2013-07-17 13:27:36'),
(4871, 62, 35, '2013-07-17 13:27:36', '2013-07-17 13:27:36'),
(4872, 62, 35, '2013-07-17 13:27:36', '2013-07-17 13:27:36'),
(4873, 62, 35, '2013-07-17 13:27:36', '2013-07-17 13:27:36'),
(4874, 62, 35, '2013-07-17 13:27:36', '2013-07-17 13:27:36'),
(4875, 62, 35, '2013-07-17 13:27:36', '2013-07-17 13:27:36'),
(4876, 62, 35, '2013-07-17 13:27:36', '2013-07-17 13:27:36'),
(4877, 62, 35, '2013-07-17 13:27:36', '2013-07-17 13:27:36'),
(4878, 62, 35, '2013-07-17 13:27:36', '2013-07-17 13:27:36'),
(4879, 62, 35, '2013-07-17 13:27:36', '2013-07-17 13:27:36'),
(4880, 62, 35, '2013-07-17 13:27:36', '2013-07-17 13:27:36'),
(4881, 62, 35, '2013-07-17 13:27:36', '2013-07-17 13:27:36'),
(4882, 62, 35, '2013-07-17 13:27:36', '2013-07-17 13:27:36'),
(4883, 62, 35, '2013-07-17 13:27:36', '2013-07-17 13:27:36'),
(4884, 62, 35, '2013-07-17 13:27:36', '2013-07-17 13:27:36'),
(4885, 62, 35, '2013-07-17 13:27:36', '2013-07-17 13:27:36'),
(4886, 62, 35, '2013-07-17 13:27:36', '2013-07-17 13:27:36'),
(4887, 62, 35, '2013-07-17 13:27:36', '2013-07-17 13:27:36'),
(4888, 62, 35, '2013-07-17 13:27:36', '2013-07-17 13:27:36'),
(4889, 62, 35, '2013-07-17 13:27:36', '2013-07-17 13:27:36'),
(4890, 62, 35, '2013-07-17 13:27:36', '2013-07-17 13:27:36'),
(4891, 62, 35, '2013-07-17 13:27:36', '2013-07-17 13:27:36'),
(4892, 62, 35, '2013-07-17 13:27:36', '2013-07-17 13:27:36'),
(4893, 62, 35, '2013-07-17 13:27:36', '2013-07-17 13:27:36'),
(4894, 62, 35, '2013-07-17 13:27:36', '2013-07-17 13:27:36'),
(4895, 62, 35, '2013-07-17 13:27:36', '2013-07-17 13:27:36'),
(4896, 62, 35, '2013-07-17 13:27:36', '2013-07-17 13:27:36'),
(4897, 62, 35, '2013-07-17 13:27:36', '2013-07-17 13:27:36'),
(4898, 62, 35, '2013-07-17 13:27:36', '2013-07-17 13:27:36'),
(4899, 62, 35, '2013-07-17 13:27:36', '2013-07-17 13:27:36'),
(4900, 62, 35, '2013-07-17 13:27:36', '2013-07-17 13:27:36'),
(4901, 62, 35, '2013-07-17 13:27:36', '2013-07-17 13:27:36'),
(4902, 62, 35, '2013-07-17 13:27:36', '2013-07-17 13:27:36'),
(4903, 62, 35, '2013-07-17 13:27:36', '2013-07-17 13:27:36'),
(4904, 62, 35, '2013-07-17 13:27:36', '2013-07-17 13:27:36'),
(4905, 62, 35, '2013-07-17 13:27:36', '2013-07-17 13:27:36'),
(4906, 62, 35, '2013-07-17 13:27:36', '2013-07-17 13:27:36'),
(4907, 62, 35, '2013-07-17 13:27:36', '2013-07-17 13:27:36'),
(4908, 62, 35, '2013-07-17 13:27:36', '2013-07-17 13:27:36'),
(4909, 62, 35, '2013-07-17 13:27:36', '2013-07-17 13:27:36'),
(4910, 62, 35, '2013-07-17 13:27:36', '2013-07-17 13:27:36'),
(4911, 62, 35, '2013-07-17 13:27:36', '2013-07-17 13:27:36'),
(4912, 62, 35, '2013-07-17 13:27:36', '2013-07-17 13:27:36'),
(4913, 62, 35, '2013-07-17 13:27:36', '2013-07-17 13:27:36'),
(4914, 62, 35, '2013-07-17 13:27:36', '2013-07-17 13:27:36'),
(4915, 62, 35, '2013-07-17 13:27:36', '2013-07-17 13:27:36'),
(4916, 62, 35, '2013-07-17 13:27:36', '2013-07-17 13:27:36'),
(4917, 62, 35, '2013-07-17 13:27:36', '2013-07-17 13:27:36'),
(4918, 62, 35, '2013-07-17 13:27:36', '2013-07-17 13:27:36'),
(4919, 62, 35, '2013-07-17 13:27:36', '2013-07-17 13:27:36'),
(4920, 62, 35, '2013-07-17 13:27:36', '2013-07-17 13:27:36'),
(4921, 62, 35, '2013-07-17 13:27:36', '2013-07-17 13:27:36'),
(4922, 62, 35, '2013-07-17 13:27:36', '2013-07-17 13:27:36'),
(4923, 62, 35, '2013-07-17 13:27:36', '2013-07-17 13:27:36'),
(4924, 62, 35, '2013-07-17 13:27:36', '2013-07-17 13:27:36'),
(4925, 62, 35, '2013-07-17 13:27:36', '2013-07-17 13:27:36'),
(4926, 62, 35, '2013-07-17 13:27:36', '2013-07-17 13:27:36'),
(4927, 62, 35, '2013-07-17 13:27:36', '2013-07-17 13:27:36'),
(4928, 62, 35, '2013-07-17 13:27:36', '2013-07-17 13:27:36'),
(4929, 62, 35, '2013-07-17 13:27:36', '2013-07-17 13:27:36'),
(4930, 62, 35, '2013-07-17 13:27:36', '2013-07-17 13:27:36'),
(4931, 62, 35, '2013-07-17 13:27:36', '2013-07-17 13:27:36'),
(4932, 62, 35, '2013-07-17 13:27:36', '2013-07-17 13:27:36'),
(4933, 62, 35, '2013-07-17 13:27:36', '2013-07-17 13:27:36'),
(4934, 62, 35, '2013-07-17 13:27:36', '2013-07-17 13:27:36'),
(4935, 62, 35, '2013-07-17 13:27:36', '2013-07-17 13:27:36'),
(4936, 62, 35, '2013-07-17 13:27:36', '2013-07-17 13:27:36'),
(4937, 62, 35, '2013-07-17 13:27:36', '2013-07-17 13:27:36'),
(4938, 62, 35, '2013-07-17 13:27:36', '2013-07-17 13:27:36'),
(4939, 62, 35, '2013-07-17 13:27:36', '2013-07-17 13:27:36'),
(4940, 62, 35, '2013-07-17 13:27:36', '2013-07-17 13:27:36'),
(4941, 62, 35, '2013-07-17 13:27:36', '2013-07-17 13:27:36'),
(4942, 62, 35, '2013-07-17 13:27:36', '2013-07-17 13:27:36'),
(4943, 62, 35, '2013-07-17 13:27:36', '2013-07-17 13:27:36'),
(4944, 62, 35, '2013-07-17 13:27:36', '2013-07-17 13:27:36'),
(4945, 62, 35, '2013-07-17 13:27:36', '2013-07-17 13:27:36'),
(4946, 62, 35, '2013-07-17 13:27:36', '2013-07-17 13:27:36'),
(4947, 62, 35, '2013-07-17 13:27:36', '2013-07-17 13:27:36'),
(4948, 62, 35, '2013-07-17 13:27:36', '2013-07-17 13:27:36'),
(4949, 62, 35, '2013-07-17 13:27:36', '2013-07-17 13:27:36'),
(4950, 62, 35, '2013-07-17 13:27:36', '2013-07-17 13:27:36'),
(4951, 62, 35, '2013-07-17 13:27:36', '2013-07-17 13:27:36'),
(4952, 62, 35, '2013-07-17 13:27:36', '2013-07-17 13:27:36'),
(4953, 62, 35, '2013-07-17 13:27:36', '2013-07-17 13:27:36'),
(4954, 62, 35, '2013-07-17 13:27:36', '2013-07-17 13:27:36'),
(4955, 62, 35, '2013-07-17 13:27:36', '2013-07-17 13:27:36'),
(4956, 62, 35, '2013-07-17 13:27:36', '2013-07-17 13:27:36'),
(4957, 62, 35, '2013-07-17 13:27:36', '2013-07-17 13:27:36'),
(4958, 62, 35, '2013-07-17 13:27:36', '2013-07-17 13:27:36'),
(4959, 62, 35, '2013-07-17 13:27:36', '2013-07-17 13:27:36'),
(4960, 62, 35, '2013-07-17 13:27:36', '2013-07-17 13:27:36'),
(4961, 62, 35, '2013-07-17 13:27:36', '2013-07-17 13:27:36'),
(4962, 62, 35, '2013-07-17 13:27:36', '2013-07-17 13:27:36'),
(4963, 62, 35, '2013-07-17 13:27:36', '2013-07-17 13:27:36'),
(4964, 62, 35, '2013-07-17 13:27:36', '2013-07-17 13:27:36'),
(4965, 62, 35, '2013-07-17 13:27:36', '2013-07-17 13:27:36'),
(4966, 62, 35, '2013-07-17 13:27:36', '2013-07-17 13:27:36'),
(4967, 62, 35, '2013-07-17 13:27:36', '2013-07-17 13:27:36'),
(4968, 62, 35, '2013-07-17 13:27:36', '2013-07-17 13:27:36'),
(4969, 62, 35, '2013-07-17 13:27:36', '2013-07-17 13:27:36'),
(4970, 62, 35, '2013-07-17 13:27:36', '2013-07-17 13:27:36'),
(4971, 62, 35, '2013-07-17 13:27:36', '2013-07-17 13:27:36'),
(4972, 62, 35, '2013-07-17 13:27:36', '2013-07-17 13:27:36'),
(4973, 62, 35, '2013-07-17 13:27:36', '2013-07-17 13:27:36'),
(4974, 62, 35, '2013-07-17 13:27:36', '2013-07-17 13:27:36'),
(4975, 62, 35, '2013-07-17 13:27:36', '2013-07-17 13:27:36'),
(4976, 62, 35, '2013-07-17 13:27:36', '2013-07-17 13:27:36'),
(4977, 62, 35, '2013-07-17 13:27:36', '2013-07-17 13:27:36'),
(4978, 62, 35, '2013-07-17 13:27:36', '2013-07-17 13:27:36'),
(4979, 62, 35, '2013-07-17 13:27:36', '2013-07-17 13:27:36'),
(4980, 62, 35, '2013-07-17 13:27:36', '2013-07-17 13:27:36'),
(4981, 62, 35, '2013-07-17 13:27:36', '2013-07-17 13:27:36'),
(4982, 62, 35, '2013-07-17 13:27:36', '2013-07-17 13:27:36'),
(4983, 62, 35, '2013-07-17 13:27:36', '2013-07-17 13:27:36'),
(4984, 62, 35, '2013-07-17 13:27:36', '2013-07-17 13:27:36'),
(4985, 62, 35, '2013-07-17 13:27:36', '2013-07-17 13:27:36'),
(4986, 62, 35, '2013-07-17 13:27:36', '2013-07-17 13:27:36'),
(4987, 62, 35, '2013-07-17 13:27:36', '2013-07-17 13:27:36');
INSERT INTO `items_collections` (`id`, `item_id`, `collection_id`, `created`, `modified`) VALUES
(4988, 62, 35, '2013-07-17 13:27:36', '2013-07-17 13:27:36'),
(4989, 62, 35, '2013-07-17 13:27:36', '2013-07-17 13:27:36'),
(4990, 62, 35, '2013-07-17 13:27:36', '2013-07-17 13:27:36'),
(4991, 62, 35, '2013-07-17 13:27:36', '2013-07-17 13:27:36'),
(4992, 62, 35, '2013-07-17 13:27:36', '2013-07-17 13:27:36'),
(4993, 62, 35, '2013-07-17 13:27:37', '2013-07-17 13:27:37'),
(4994, 62, 35, '2013-07-17 13:27:37', '2013-07-17 13:27:37'),
(4995, 62, 35, '2013-07-17 13:27:37', '2013-07-17 13:27:37'),
(4996, 62, 35, '2013-07-17 13:27:37', '2013-07-17 13:27:37'),
(4997, 62, 35, '2013-07-17 13:27:37', '2013-07-17 13:27:37'),
(4998, 62, 35, '2013-07-17 13:27:37', '2013-07-17 13:27:37'),
(4999, 62, 35, '2013-07-17 13:27:37', '2013-07-17 13:27:37'),
(5000, 62, 35, '2013-07-17 13:27:37', '2013-07-17 13:27:37'),
(5001, 62, 35, '2013-07-17 13:27:37', '2013-07-17 13:27:37'),
(5002, 62, 35, '2013-07-17 13:27:37', '2013-07-17 13:27:37'),
(5003, 62, 35, '2013-07-17 13:27:37', '2013-07-17 13:27:37'),
(5004, 62, 35, '2013-07-17 13:27:37', '2013-07-17 13:27:37'),
(5005, 62, 35, '2013-07-17 13:27:37', '2013-07-17 13:27:37'),
(5006, 62, 35, '2013-07-17 13:27:37', '2013-07-17 13:27:37'),
(5007, 62, 35, '2013-07-17 13:27:37', '2013-07-17 13:27:37'),
(5008, 62, 35, '2013-07-17 13:27:37', '2013-07-17 13:27:37'),
(5009, 62, 35, '2013-07-17 13:27:37', '2013-07-17 13:27:37'),
(5010, 62, 35, '2013-07-17 13:27:37', '2013-07-17 13:27:37'),
(5011, 62, 35, '2013-07-17 13:27:37', '2013-07-17 13:27:37'),
(5012, 62, 35, '2013-07-17 13:27:37', '2013-07-17 13:27:37'),
(5013, 62, 35, '2013-07-17 13:27:37', '2013-07-17 13:27:37'),
(5014, 62, 35, '2013-07-17 13:27:37', '2013-07-17 13:27:37'),
(5015, 62, 35, '2013-07-17 13:27:37', '2013-07-17 13:27:37'),
(5016, 62, 35, '2013-07-17 13:27:37', '2013-07-17 13:27:37'),
(5017, 62, 35, '2013-07-17 13:27:37', '2013-07-17 13:27:37'),
(5018, 62, 35, '2013-07-17 13:27:37', '2013-07-17 13:27:37'),
(5019, 62, 35, '2013-07-17 13:27:37', '2013-07-17 13:27:37'),
(5020, 62, 35, '2013-07-17 13:27:37', '2013-07-17 13:27:37'),
(5021, 62, 35, '2013-07-17 13:27:37', '2013-07-17 13:27:37'),
(5022, 62, 35, '2013-07-17 13:27:37', '2013-07-17 13:27:37'),
(5023, 62, 35, '2013-07-17 13:27:37', '2013-07-17 13:27:37'),
(5024, 62, 35, '2013-07-17 13:27:37', '2013-07-17 13:27:37'),
(5025, 62, 35, '2013-07-17 13:27:37', '2013-07-17 13:27:37'),
(5026, 62, 35, '2013-07-17 13:27:37', '2013-07-17 13:27:37'),
(5027, 62, 35, '2013-07-17 13:27:37', '2013-07-17 13:27:37'),
(5028, 62, 35, '2013-07-17 13:27:37', '2013-07-17 13:27:37'),
(5029, 62, 35, '2013-07-17 13:27:37', '2013-07-17 13:27:37'),
(5030, 62, 35, '2013-07-17 13:27:37', '2013-07-17 13:27:37'),
(5031, 62, 35, '2013-07-17 13:27:37', '2013-07-17 13:27:37'),
(5032, 62, 35, '2013-07-17 13:27:37', '2013-07-17 13:27:37'),
(5033, 62, 35, '2013-07-17 13:27:37', '2013-07-17 13:27:37'),
(5034, 62, 35, '2013-07-17 13:27:37', '2013-07-17 13:27:37'),
(5035, 62, 35, '2013-07-17 13:27:37', '2013-07-17 13:27:37'),
(5036, 62, 35, '2013-07-17 13:27:37', '2013-07-17 13:27:37'),
(5037, 62, 35, '2013-07-17 13:27:37', '2013-07-17 13:27:37'),
(5038, 62, 35, '2013-07-17 13:27:37', '2013-07-17 13:27:37'),
(5039, 62, 35, '2013-07-17 13:27:37', '2013-07-17 13:27:37'),
(5040, 62, 35, '2013-07-17 13:27:37', '2013-07-17 13:27:37'),
(5041, 62, 35, '2013-07-17 13:27:37', '2013-07-17 13:27:37'),
(5042, 62, 35, '2013-07-17 13:27:37', '2013-07-17 13:27:37'),
(5043, 62, 35, '2013-07-17 13:27:37', '2013-07-17 13:27:37'),
(5044, 62, 35, '2013-07-17 13:27:37', '2013-07-17 13:27:37'),
(5045, 62, 35, '2013-07-17 13:27:37', '2013-07-17 13:27:37'),
(5046, 62, 35, '2013-07-17 13:27:37', '2013-07-17 13:27:37'),
(5047, 62, 35, '2013-07-17 13:27:37', '2013-07-17 13:27:37'),
(5048, 62, 35, '2013-07-17 13:27:37', '2013-07-17 13:27:37'),
(5049, 62, 35, '2013-07-17 13:27:37', '2013-07-17 13:27:37'),
(5050, 62, 35, '2013-07-17 13:27:37', '2013-07-17 13:27:37'),
(5051, 62, 35, '2013-07-17 13:27:37', '2013-07-17 13:27:37'),
(5052, 62, 35, '2013-07-17 13:27:37', '2013-07-17 13:27:37'),
(5053, 62, 35, '2013-07-17 13:27:37', '2013-07-17 13:27:37'),
(5054, 62, 35, '2013-07-17 13:27:37', '2013-07-17 13:27:37'),
(5055, 62, 35, '2013-07-17 13:27:37', '2013-07-17 13:27:37'),
(5056, 62, 35, '2013-07-17 13:27:37', '2013-07-17 13:27:37'),
(5057, 62, 35, '2013-07-17 13:27:37', '2013-07-17 13:27:37'),
(5058, 62, 35, '2013-07-17 13:27:37', '2013-07-17 13:27:37'),
(5059, 62, 35, '2013-07-17 13:27:37', '2013-07-17 13:27:37'),
(5060, 62, 35, '2013-07-17 13:27:37', '2013-07-17 13:27:37'),
(5061, 62, 35, '2013-07-17 13:27:37', '2013-07-17 13:27:37'),
(5062, 62, 35, '2013-07-17 13:27:37', '2013-07-17 13:27:37'),
(5063, 62, 35, '2013-07-17 13:27:37', '2013-07-17 13:27:37'),
(5064, 62, 35, '2013-07-17 13:27:37', '2013-07-17 13:27:37'),
(5065, 62, 35, '2013-07-17 13:27:37', '2013-07-17 13:27:37'),
(5066, 62, 35, '2013-07-17 13:27:37', '2013-07-17 13:27:37'),
(5067, 62, 35, '2013-07-17 13:27:37', '2013-07-17 13:27:37'),
(5068, 62, 35, '2013-07-17 13:27:37', '2013-07-17 13:27:37'),
(5069, 62, 35, '2013-07-17 13:27:37', '2013-07-17 13:27:37'),
(5070, 62, 35, '2013-07-17 13:27:37', '2013-07-17 13:27:37'),
(5071, 62, 35, '2013-07-17 13:27:37', '2013-07-17 13:27:37'),
(5072, 62, 35, '2013-07-17 13:27:37', '2013-07-17 13:27:37'),
(5073, 62, 35, '2013-07-17 13:27:37', '2013-07-17 13:27:37'),
(5074, 62, 35, '2013-07-17 13:27:37', '2013-07-17 13:27:37'),
(5075, 62, 35, '2013-07-17 13:27:37', '2013-07-17 13:27:37'),
(5076, 62, 35, '2013-07-17 13:27:37', '2013-07-17 13:27:37'),
(5077, 62, 35, '2013-07-17 13:27:37', '2013-07-17 13:27:37'),
(5078, 62, 35, '2013-07-17 13:27:37', '2013-07-17 13:27:37'),
(5079, 62, 35, '2013-07-17 13:27:37', '2013-07-17 13:27:37'),
(5080, 62, 35, '2013-07-17 13:27:37', '2013-07-17 13:27:37'),
(5081, 62, 35, '2013-07-17 13:27:37', '2013-07-17 13:27:37'),
(5082, 62, 35, '2013-07-17 13:27:37', '2013-07-17 13:27:37'),
(5083, 62, 35, '2013-07-17 13:27:37', '2013-07-17 13:27:37'),
(5084, 62, 35, '2013-07-17 13:27:37', '2013-07-17 13:27:37'),
(5085, 62, 35, '2013-07-17 13:27:37', '2013-07-17 13:27:37'),
(5086, 62, 35, '2013-07-17 13:27:37', '2013-07-17 13:27:37'),
(5087, 62, 35, '2013-07-17 13:27:37', '2013-07-17 13:27:37'),
(5088, 62, 35, '2013-07-17 13:27:37', '2013-07-17 13:27:37'),
(5089, 62, 35, '2013-07-17 13:27:37', '2013-07-17 13:27:37'),
(5090, 62, 35, '2013-07-17 13:27:37', '2013-07-17 13:27:37'),
(5091, 62, 35, '2013-07-17 13:27:37', '2013-07-17 13:27:37'),
(5092, 62, 35, '2013-07-17 13:27:37', '2013-07-17 13:27:37'),
(5093, 62, 35, '2013-07-17 13:27:37', '2013-07-17 13:27:37'),
(5094, 62, 35, '2013-07-17 13:27:37', '2013-07-17 13:27:37'),
(5095, 62, 35, '2013-07-17 13:27:37', '2013-07-17 13:27:37'),
(5096, 62, 35, '2013-07-17 13:27:37', '2013-07-17 13:27:37'),
(5097, 62, 35, '2013-07-17 13:27:37', '2013-07-17 13:27:37'),
(5098, 62, 35, '2013-07-17 13:27:37', '2013-07-17 13:27:37'),
(5099, 62, 35, '2013-07-17 13:27:37', '2013-07-17 13:27:37'),
(5100, 62, 35, '2013-07-17 13:27:37', '2013-07-17 13:27:37'),
(5101, 62, 35, '2013-07-17 13:27:37', '2013-07-17 13:27:37'),
(5102, 62, 35, '2013-07-17 13:27:37', '2013-07-17 13:27:37'),
(5103, 62, 35, '2013-07-17 13:27:37', '2013-07-17 13:27:37'),
(5104, 62, 35, '2013-07-17 13:27:37', '2013-07-17 13:27:37'),
(5105, 62, 35, '2013-07-17 13:27:37', '2013-07-17 13:27:37'),
(5106, 62, 35, '2013-07-17 13:27:37', '2013-07-17 13:27:37'),
(5107, 62, 35, '2013-07-17 13:27:37', '2013-07-17 13:27:37'),
(5108, 62, 35, '2013-07-17 13:27:37', '2013-07-17 13:27:37'),
(5109, 62, 35, '2013-07-17 13:27:37', '2013-07-17 13:27:37'),
(5110, 62, 35, '2013-07-17 13:27:37', '2013-07-17 13:27:37'),
(5111, 62, 35, '2013-07-17 13:27:37', '2013-07-17 13:27:37'),
(5112, 62, 35, '2013-07-17 13:27:37', '2013-07-17 13:27:37'),
(5113, 62, 35, '2013-07-17 13:27:37', '2013-07-17 13:27:37'),
(5114, 62, 35, '2013-07-17 13:27:37', '2013-07-17 13:27:37'),
(5115, 62, 35, '2013-07-17 13:27:37', '2013-07-17 13:27:37'),
(5116, 62, 35, '2013-07-17 13:27:37', '2013-07-17 13:27:37'),
(5117, 62, 35, '2013-07-17 13:27:37', '2013-07-17 13:27:37'),
(5118, 62, 35, '2013-07-17 13:27:37', '2013-07-17 13:27:37'),
(5119, 62, 35, '2013-07-17 13:27:37', '2013-07-17 13:27:37'),
(5120, 62, 35, '2013-07-17 13:27:37', '2013-07-17 13:27:37'),
(5121, 62, 35, '2013-07-17 13:27:37', '2013-07-17 13:27:37'),
(5122, 62, 35, '2013-07-17 13:27:37', '2013-07-17 13:27:37'),
(5123, 62, 35, '2013-07-17 13:27:37', '2013-07-17 13:27:37'),
(5124, 62, 35, '2013-07-17 13:27:37', '2013-07-17 13:27:37'),
(5125, 62, 35, '2013-07-17 13:27:37', '2013-07-17 13:27:37'),
(5126, 62, 35, '2013-07-17 13:27:37', '2013-07-17 13:27:37'),
(5127, 62, 35, '2013-07-17 13:27:37', '2013-07-17 13:27:37'),
(5128, 62, 35, '2013-07-17 13:27:37', '2013-07-17 13:27:37'),
(5129, 62, 35, '2013-07-17 13:27:37', '2013-07-17 13:27:37'),
(5130, 62, 35, '2013-07-17 13:27:37', '2013-07-17 13:27:37'),
(5131, 62, 35, '2013-07-17 13:27:37', '2013-07-17 13:27:37'),
(5132, 62, 35, '2013-07-17 13:27:37', '2013-07-17 13:27:37'),
(5133, 62, 35, '2013-07-17 13:27:37', '2013-07-17 13:27:37'),
(5134, 62, 35, '2013-07-17 13:27:37', '2013-07-17 13:27:37'),
(5135, 62, 35, '2013-07-17 13:27:37', '2013-07-17 13:27:37'),
(5136, 62, 35, '2013-07-17 13:27:37', '2013-07-17 13:27:37'),
(5137, 62, 35, '2013-07-17 13:27:37', '2013-07-17 13:27:37'),
(5138, 62, 35, '2013-07-17 13:27:37', '2013-07-17 13:27:37'),
(5139, 62, 35, '2013-07-17 13:27:37', '2013-07-17 13:27:37'),
(5140, 62, 35, '2013-07-17 13:27:37', '2013-07-17 13:27:37'),
(5141, 62, 35, '2013-07-17 13:27:37', '2013-07-17 13:27:37'),
(5142, 62, 35, '2013-07-17 13:27:37', '2013-07-17 13:27:37'),
(5143, 62, 35, '2013-07-17 13:27:37', '2013-07-17 13:27:37'),
(5144, 62, 35, '2013-07-17 13:27:37', '2013-07-17 13:27:37'),
(5145, 62, 35, '2013-07-17 13:27:37', '2013-07-17 13:27:37'),
(5146, 62, 35, '2013-07-17 13:27:37', '2013-07-17 13:27:37'),
(5147, 62, 35, '2013-07-17 13:27:37', '2013-07-17 13:27:37'),
(5148, 62, 35, '2013-07-17 13:27:37', '2013-07-17 13:27:37'),
(5149, 62, 35, '2013-07-17 13:27:37', '2013-07-17 13:27:37'),
(5150, 62, 35, '2013-07-17 13:27:37', '2013-07-17 13:27:37'),
(5151, 62, 35, '2013-07-17 13:27:37', '2013-07-17 13:27:37'),
(5152, 62, 35, '2013-07-17 13:27:37', '2013-07-17 13:27:37'),
(5153, 62, 35, '2013-07-17 13:27:37', '2013-07-17 13:27:37'),
(5154, 62, 35, '2013-07-17 13:27:37', '2013-07-17 13:27:37'),
(5155, 62, 35, '2013-07-17 13:27:37', '2013-07-17 13:27:37'),
(5156, 62, 35, '2013-07-17 13:27:37', '2013-07-17 13:27:37'),
(5157, 62, 35, '2013-07-17 13:27:37', '2013-07-17 13:27:37'),
(5158, 62, 35, '2013-07-17 13:27:37', '2013-07-17 13:27:37'),
(5159, 62, 35, '2013-07-17 13:27:37', '2013-07-17 13:27:37'),
(5160, 62, 35, '2013-07-17 13:27:37', '2013-07-17 13:27:37'),
(5161, 62, 35, '2013-07-17 13:27:37', '2013-07-17 13:27:37'),
(5162, 62, 35, '2013-07-17 13:27:37', '2013-07-17 13:27:37'),
(5163, 62, 35, '2013-07-17 13:27:37', '2013-07-17 13:27:37'),
(5164, 62, 35, '2013-07-17 13:27:37', '2013-07-17 13:27:37'),
(5165, 62, 35, '2013-07-17 13:27:37', '2013-07-17 13:27:37'),
(5166, 62, 35, '2013-07-17 13:27:37', '2013-07-17 13:27:37'),
(5167, 62, 35, '2013-07-17 13:27:37', '2013-07-17 13:27:37'),
(5168, 62, 35, '2013-07-17 13:27:37', '2013-07-17 13:27:37'),
(5169, 62, 35, '2013-07-17 13:27:37', '2013-07-17 13:27:37'),
(5170, 62, 35, '2013-07-17 13:27:37', '2013-07-17 13:27:37'),
(5171, 62, 35, '2013-07-17 13:27:37', '2013-07-17 13:27:37'),
(5172, 62, 35, '2013-07-17 13:27:37', '2013-07-17 13:27:37'),
(5173, 62, 35, '2013-07-17 13:27:37', '2013-07-17 13:27:37'),
(5174, 62, 35, '2013-07-17 13:27:37', '2013-07-17 13:27:37'),
(5175, 62, 35, '2013-07-17 13:27:37', '2013-07-17 13:27:37'),
(5176, 62, 35, '2013-07-17 13:27:37', '2013-07-17 13:27:37'),
(5177, 62, 35, '2013-07-17 13:27:37', '2013-07-17 13:27:37'),
(5178, 62, 35, '2013-07-17 13:27:37', '2013-07-17 13:27:37'),
(5179, 62, 35, '2013-07-17 13:27:37', '2013-07-17 13:27:37'),
(5180, 62, 35, '2013-07-17 13:27:37', '2013-07-17 13:27:37'),
(5181, 62, 35, '2013-07-17 13:27:37', '2013-07-17 13:27:37'),
(5182, 62, 35, '2013-07-17 13:27:37', '2013-07-17 13:27:37'),
(5183, 62, 35, '2013-07-17 13:27:37', '2013-07-17 13:27:37'),
(5184, 62, 35, '2013-07-17 13:27:37', '2013-07-17 13:27:37'),
(5185, 62, 35, '2013-07-17 13:27:37', '2013-07-17 13:27:37'),
(5186, 62, 35, '2013-07-17 13:27:37', '2013-07-17 13:27:37'),
(5187, 62, 35, '2013-07-17 13:27:37', '2013-07-17 13:27:37'),
(5188, 62, 35, '2013-07-17 13:27:37', '2013-07-17 13:27:37'),
(5189, 62, 35, '2013-07-17 13:27:37', '2013-07-17 13:27:37'),
(5190, 62, 35, '2013-07-17 13:27:37', '2013-07-17 13:27:37'),
(5191, 62, 35, '2013-07-17 13:27:37', '2013-07-17 13:27:37'),
(5192, 62, 35, '2013-07-17 13:27:37', '2013-07-17 13:27:37'),
(5193, 62, 35, '2013-07-17 13:27:37', '2013-07-17 13:27:37'),
(5194, 62, 35, '2013-07-17 13:27:37', '2013-07-17 13:27:37'),
(5195, 62, 35, '2013-07-17 13:27:37', '2013-07-17 13:27:37'),
(5196, 62, 35, '2013-07-17 13:27:37', '2013-07-17 13:27:37'),
(5197, 62, 35, '2013-07-17 13:27:37', '2013-07-17 13:27:37'),
(5198, 62, 35, '2013-07-17 13:27:37', '2013-07-17 13:27:37'),
(5199, 62, 35, '2013-07-17 13:27:37', '2013-07-17 13:27:37'),
(5200, 62, 35, '2013-07-17 13:27:37', '2013-07-17 13:27:37'),
(5201, 62, 35, '2013-07-17 13:27:37', '2013-07-17 13:27:37'),
(5202, 62, 35, '2013-07-17 13:27:37', '2013-07-17 13:27:37'),
(5203, 62, 35, '2013-07-17 13:27:37', '2013-07-17 13:27:37'),
(5204, 62, 35, '2013-07-17 13:27:37', '2013-07-17 13:27:37'),
(5205, 62, 35, '2013-07-17 13:27:37', '2013-07-17 13:27:37'),
(5206, 62, 35, '2013-07-17 13:27:37', '2013-07-17 13:27:37'),
(5207, 62, 35, '2013-07-17 13:27:37', '2013-07-17 13:27:37'),
(5208, 62, 35, '2013-07-17 13:27:37', '2013-07-17 13:27:37'),
(5209, 62, 35, '2013-07-17 13:27:37', '2013-07-17 13:27:37'),
(5210, 62, 35, '2013-07-17 13:27:37', '2013-07-17 13:27:37'),
(5211, 62, 35, '2013-07-17 13:27:37', '2013-07-17 13:27:37'),
(5212, 62, 35, '2013-07-17 13:27:37', '2013-07-17 13:27:37'),
(5213, 62, 35, '2013-07-17 13:27:37', '2013-07-17 13:27:37'),
(5214, 62, 35, '2013-07-17 13:27:37', '2013-07-17 13:27:37'),
(5215, 62, 35, '2013-07-17 13:27:37', '2013-07-17 13:27:37'),
(5216, 62, 35, '2013-07-17 13:27:37', '2013-07-17 13:27:37'),
(5217, 62, 35, '2013-07-17 13:27:37', '2013-07-17 13:27:37'),
(5218, 62, 35, '2013-07-17 13:27:37', '2013-07-17 13:27:37'),
(5219, 62, 35, '2013-07-17 13:27:37', '2013-07-17 13:27:37'),
(5220, 62, 35, '2013-07-17 13:27:37', '2013-07-17 13:27:37'),
(5221, 62, 35, '2013-07-17 13:27:37', '2013-07-17 13:27:37'),
(5222, 62, 35, '2013-07-17 13:27:37', '2013-07-17 13:27:37'),
(5223, 62, 35, '2013-07-17 13:27:37', '2013-07-17 13:27:37'),
(5224, 62, 35, '2013-07-17 13:27:37', '2013-07-17 13:27:37'),
(5225, 62, 35, '2013-07-17 13:27:37', '2013-07-17 13:27:37'),
(5226, 62, 35, '2013-07-17 13:27:37', '2013-07-17 13:27:37'),
(5227, 62, 35, '2013-07-17 13:27:37', '2013-07-17 13:27:37'),
(5228, 62, 35, '2013-07-17 13:27:37', '2013-07-17 13:27:37'),
(5229, 62, 35, '2013-07-17 13:27:37', '2013-07-17 13:27:37'),
(5230, 62, 35, '2013-07-17 13:27:37', '2013-07-17 13:27:37'),
(5231, 62, 35, '2013-07-17 13:27:37', '2013-07-17 13:27:37'),
(5232, 62, 35, '2013-07-17 13:27:37', '2013-07-17 13:27:37'),
(5233, 62, 35, '2013-07-17 13:27:37', '2013-07-17 13:27:37'),
(5234, 62, 35, '2013-07-17 13:27:37', '2013-07-17 13:27:37'),
(5235, 62, 35, '2013-07-17 13:27:37', '2013-07-17 13:27:37'),
(5236, 62, 35, '2013-07-17 13:27:37', '2013-07-17 13:27:37'),
(5237, 62, 35, '2013-07-17 13:27:38', '2013-07-17 13:27:38'),
(5238, 62, 35, '2013-07-17 13:27:38', '2013-07-17 13:27:38'),
(5239, 62, 35, '2013-07-17 13:27:38', '2013-07-17 13:27:38'),
(5240, 62, 35, '2013-07-17 13:27:38', '2013-07-17 13:27:38'),
(5241, 62, 35, '2013-07-17 13:27:38', '2013-07-17 13:27:38'),
(5242, 62, 35, '2013-07-17 13:27:38', '2013-07-17 13:27:38'),
(5243, 62, 35, '2013-07-17 13:27:38', '2013-07-17 13:27:38'),
(5244, 62, 35, '2013-07-17 13:27:38', '2013-07-17 13:27:38'),
(5245, 62, 35, '2013-07-17 13:27:38', '2013-07-17 13:27:38'),
(5246, 62, 35, '2013-07-17 13:27:38', '2013-07-17 13:27:38'),
(5247, 62, 35, '2013-07-17 13:27:38', '2013-07-17 13:27:38'),
(5248, 62, 35, '2013-07-17 13:27:38', '2013-07-17 13:27:38'),
(5249, 62, 35, '2013-07-17 13:27:38', '2013-07-17 13:27:38'),
(5250, 62, 35, '2013-07-17 13:27:38', '2013-07-17 13:27:38'),
(5251, 62, 35, '2013-07-17 13:27:38', '2013-07-17 13:27:38'),
(5252, 62, 35, '2013-07-17 13:27:38', '2013-07-17 13:27:38'),
(5253, 62, 35, '2013-07-17 13:27:38', '2013-07-17 13:27:38'),
(5254, 62, 35, '2013-07-17 13:27:38', '2013-07-17 13:27:38'),
(5255, 62, 35, '2013-07-17 13:27:38', '2013-07-17 13:27:38'),
(5256, 62, 35, '2013-07-17 13:27:38', '2013-07-17 13:27:38'),
(5257, 62, 35, '2013-07-17 13:27:38', '2013-07-17 13:27:38'),
(5258, 62, 35, '2013-07-17 13:27:38', '2013-07-17 13:27:38'),
(5259, 62, 35, '2013-07-17 13:27:38', '2013-07-17 13:27:38'),
(5260, 62, 35, '2013-07-17 13:27:38', '2013-07-17 13:27:38'),
(5261, 62, 35, '2013-07-17 13:27:38', '2013-07-17 13:27:38'),
(5262, 62, 35, '2013-07-17 13:27:38', '2013-07-17 13:27:38'),
(5263, 62, 35, '2013-07-17 13:27:38', '2013-07-17 13:27:38'),
(5264, 62, 35, '2013-07-17 13:27:38', '2013-07-17 13:27:38'),
(5265, 62, 35, '2013-07-17 13:27:38', '2013-07-17 13:27:38'),
(5266, 62, 35, '2013-07-17 13:27:38', '2013-07-17 13:27:38'),
(5267, 62, 35, '2013-07-17 13:27:38', '2013-07-17 13:27:38'),
(5268, 62, 35, '2013-07-17 13:27:38', '2013-07-17 13:27:38'),
(5269, 62, 35, '2013-07-17 13:27:38', '2013-07-17 13:27:38'),
(5270, 62, 35, '2013-07-17 13:27:38', '2013-07-17 13:27:38'),
(5271, 62, 35, '2013-07-17 13:27:38', '2013-07-17 13:27:38'),
(5272, 62, 35, '2013-07-17 13:27:38', '2013-07-17 13:27:38'),
(5273, 62, 35, '2013-07-17 13:27:38', '2013-07-17 13:27:38'),
(5274, 62, 35, '2013-07-17 13:27:38', '2013-07-17 13:27:38'),
(5275, 62, 35, '2013-07-17 13:27:38', '2013-07-17 13:27:38'),
(5276, 62, 35, '2013-07-17 13:27:38', '2013-07-17 13:27:38'),
(5277, 62, 35, '2013-07-17 13:27:38', '2013-07-17 13:27:38'),
(5278, 62, 35, '2013-07-17 13:27:38', '2013-07-17 13:27:38'),
(5279, 62, 35, '2013-07-17 13:27:38', '2013-07-17 13:27:38'),
(5280, 62, 35, '2013-07-17 13:27:38', '2013-07-17 13:27:38'),
(5281, 62, 35, '2013-07-17 13:27:38', '2013-07-17 13:27:38'),
(5282, 62, 35, '2013-07-17 13:27:38', '2013-07-17 13:27:38'),
(5283, 62, 35, '2013-07-17 13:27:38', '2013-07-17 13:27:38'),
(5284, 62, 35, '2013-07-17 13:27:38', '2013-07-17 13:27:38'),
(5285, 62, 35, '2013-07-17 13:27:38', '2013-07-17 13:27:38'),
(5286, 62, 35, '2013-07-17 13:27:38', '2013-07-17 13:27:38'),
(5287, 62, 35, '2013-07-17 13:27:38', '2013-07-17 13:27:38'),
(5288, 62, 35, '2013-07-17 13:27:38', '2013-07-17 13:27:38'),
(5289, 62, 35, '2013-07-17 13:27:38', '2013-07-17 13:27:38'),
(5290, 62, 35, '2013-07-17 13:27:38', '2013-07-17 13:27:38'),
(5291, 62, 35, '2013-07-17 13:27:38', '2013-07-17 13:27:38'),
(5292, 62, 35, '2013-07-17 13:27:38', '2013-07-17 13:27:38'),
(5293, 62, 35, '2013-07-17 13:27:38', '2013-07-17 13:27:38'),
(5294, 62, 35, '2013-07-17 13:27:38', '2013-07-17 13:27:38'),
(5295, 62, 35, '2013-07-17 13:27:38', '2013-07-17 13:27:38'),
(5296, 62, 35, '2013-07-17 13:27:38', '2013-07-17 13:27:38'),
(5297, 62, 35, '2013-07-17 13:27:38', '2013-07-17 13:27:38'),
(5298, 62, 35, '2013-07-17 13:27:38', '2013-07-17 13:27:38'),
(5299, 62, 35, '2013-07-17 13:27:38', '2013-07-17 13:27:38'),
(5300, 62, 35, '2013-07-17 13:27:38', '2013-07-17 13:27:38'),
(5301, 62, 35, '2013-07-17 13:27:38', '2013-07-17 13:27:38'),
(5302, 62, 35, '2013-07-17 13:27:38', '2013-07-17 13:27:38'),
(5303, 62, 35, '2013-07-17 13:27:38', '2013-07-17 13:27:38'),
(5304, 62, 35, '2013-07-17 13:27:38', '2013-07-17 13:27:38'),
(5305, 62, 35, '2013-07-17 13:27:38', '2013-07-17 13:27:38'),
(5306, 62, 35, '2013-07-17 13:27:38', '2013-07-17 13:27:38'),
(5307, 62, 35, '2013-07-17 13:27:38', '2013-07-17 13:27:38'),
(5308, 62, 35, '2013-07-17 13:27:38', '2013-07-17 13:27:38'),
(5309, 62, 35, '2013-07-17 13:27:38', '2013-07-17 13:27:38'),
(5310, 62, 35, '2013-07-17 13:27:38', '2013-07-17 13:27:38'),
(5311, 62, 35, '2013-07-17 13:27:38', '2013-07-17 13:27:38'),
(5312, 62, 35, '2013-07-17 13:27:38', '2013-07-17 13:27:38'),
(5313, 62, 35, '2013-07-17 13:27:38', '2013-07-17 13:27:38'),
(5314, 62, 35, '2013-07-17 13:27:38', '2013-07-17 13:27:38'),
(5315, 62, 35, '2013-07-17 13:27:38', '2013-07-17 13:27:38'),
(5316, 62, 35, '2013-07-17 13:27:38', '2013-07-17 13:27:38'),
(5317, 62, 35, '2013-07-17 13:27:38', '2013-07-17 13:27:38'),
(5318, 62, 35, '2013-07-17 13:27:38', '2013-07-17 13:27:38'),
(5319, 62, 35, '2013-07-17 13:27:38', '2013-07-17 13:27:38'),
(5320, 62, 35, '2013-07-17 13:27:38', '2013-07-17 13:27:38'),
(5321, 62, 35, '2013-07-17 13:27:38', '2013-07-17 13:27:38'),
(5322, 62, 35, '2013-07-17 13:27:38', '2013-07-17 13:27:38'),
(5323, 62, 35, '2013-07-17 13:27:38', '2013-07-17 13:27:38'),
(5324, 62, 35, '2013-07-17 13:27:38', '2013-07-17 13:27:38'),
(5325, 62, 35, '2013-07-17 13:27:38', '2013-07-17 13:27:38'),
(5326, 62, 35, '2013-07-17 13:27:38', '2013-07-17 13:27:38'),
(5327, 62, 35, '2013-07-17 13:27:38', '2013-07-17 13:27:38'),
(5328, 62, 35, '2013-07-17 13:27:38', '2013-07-17 13:27:38'),
(5329, 62, 35, '2013-07-17 13:27:38', '2013-07-17 13:27:38'),
(5330, 62, 35, '2013-07-17 13:27:38', '2013-07-17 13:27:38'),
(5331, 62, 35, '2013-07-17 13:27:38', '2013-07-17 13:27:38'),
(5332, 62, 35, '2013-07-17 13:27:38', '2013-07-17 13:27:38'),
(5333, 62, 35, '2013-07-17 13:27:38', '2013-07-17 13:27:38'),
(5334, 62, 35, '2013-07-17 13:27:38', '2013-07-17 13:27:38'),
(5335, 62, 35, '2013-07-17 13:27:38', '2013-07-17 13:27:38'),
(5336, 62, 35, '2013-07-17 13:27:38', '2013-07-17 13:27:38'),
(5337, 62, 35, '2013-07-17 13:27:38', '2013-07-17 13:27:38'),
(5338, 62, 35, '2013-07-17 13:27:38', '2013-07-17 13:27:38'),
(5339, 62, 35, '2013-07-17 13:27:38', '2013-07-17 13:27:38'),
(5340, 62, 35, '2013-07-17 13:27:38', '2013-07-17 13:27:38'),
(5341, 62, 35, '2013-07-17 13:27:38', '2013-07-17 13:27:38'),
(5342, 62, 35, '2013-07-17 13:27:38', '2013-07-17 13:27:38'),
(5343, 62, 35, '2013-07-17 13:27:38', '2013-07-17 13:27:38'),
(5344, 62, 35, '2013-07-17 13:27:38', '2013-07-17 13:27:38'),
(5345, 62, 35, '2013-07-17 13:27:38', '2013-07-17 13:27:38'),
(5346, 62, 35, '2013-07-17 13:27:38', '2013-07-17 13:27:38'),
(5347, 62, 35, '2013-07-17 13:27:38', '2013-07-17 13:27:38'),
(5348, 62, 35, '2013-07-17 13:27:38', '2013-07-17 13:27:38'),
(5349, 62, 35, '2013-07-17 13:27:38', '2013-07-17 13:27:38'),
(5350, 62, 35, '2013-07-17 13:27:38', '2013-07-17 13:27:38'),
(5351, 62, 35, '2013-07-17 13:27:38', '2013-07-17 13:27:38'),
(5352, 62, 35, '2013-07-17 13:27:38', '2013-07-17 13:27:38'),
(5353, 62, 35, '2013-07-17 13:27:38', '2013-07-17 13:27:38'),
(5354, 62, 35, '2013-07-17 13:27:38', '2013-07-17 13:27:38'),
(5355, 62, 35, '2013-07-17 13:27:38', '2013-07-17 13:27:38'),
(5356, 62, 35, '2013-07-17 13:27:38', '2013-07-17 13:27:38'),
(5357, 62, 35, '2013-07-17 13:27:38', '2013-07-17 13:27:38'),
(5358, 62, 35, '2013-07-17 13:27:38', '2013-07-17 13:27:38'),
(5359, 62, 35, '2013-07-17 13:27:38', '2013-07-17 13:27:38'),
(5360, 62, 35, '2013-07-17 13:27:38', '2013-07-17 13:27:38'),
(5361, 62, 35, '2013-07-17 13:27:38', '2013-07-17 13:27:38'),
(5362, 62, 35, '2013-07-17 13:27:38', '2013-07-17 13:27:38'),
(5363, 62, 35, '2013-07-17 13:27:38', '2013-07-17 13:27:38'),
(5364, 62, 35, '2013-07-17 13:27:38', '2013-07-17 13:27:38'),
(5365, 62, 35, '2013-07-17 13:27:38', '2013-07-17 13:27:38'),
(5366, 62, 35, '2013-07-17 13:27:38', '2013-07-17 13:27:38'),
(5367, 62, 35, '2013-07-17 13:27:38', '2013-07-17 13:27:38'),
(5368, 62, 35, '2013-07-17 13:27:38', '2013-07-17 13:27:38'),
(5369, 62, 35, '2013-07-17 13:27:38', '2013-07-17 13:27:38'),
(5370, 62, 35, '2013-07-17 13:27:38', '2013-07-17 13:27:38'),
(5371, 62, 35, '2013-07-17 13:27:38', '2013-07-17 13:27:38'),
(5372, 62, 35, '2013-07-17 13:27:38', '2013-07-17 13:27:38'),
(5373, 62, 35, '2013-07-17 13:27:38', '2013-07-17 13:27:38'),
(5374, 62, 35, '2013-07-17 13:27:38', '2013-07-17 13:27:38'),
(5375, 62, 35, '2013-07-17 13:27:38', '2013-07-17 13:27:38'),
(5376, 62, 35, '2013-07-17 13:27:38', '2013-07-17 13:27:38'),
(5377, 62, 35, '2013-07-17 13:27:38', '2013-07-17 13:27:38'),
(5378, 62, 35, '2013-07-17 13:27:38', '2013-07-17 13:27:38'),
(5379, 62, 35, '2013-07-17 13:27:38', '2013-07-17 13:27:38'),
(5380, 62, 35, '2013-07-17 13:27:38', '2013-07-17 13:27:38'),
(5381, 62, 35, '2013-07-17 13:27:38', '2013-07-17 13:27:38'),
(5382, 62, 35, '2013-07-17 13:27:38', '2013-07-17 13:27:38'),
(5383, 62, 35, '2013-07-17 13:27:38', '2013-07-17 13:27:38'),
(5384, 62, 35, '2013-07-17 13:27:38', '2013-07-17 13:27:38'),
(5385, 62, 35, '2013-07-17 13:27:38', '2013-07-17 13:27:38'),
(5386, 62, 35, '2013-07-17 13:27:38', '2013-07-17 13:27:38'),
(5387, 62, 35, '2013-07-17 13:27:38', '2013-07-17 13:27:38'),
(5388, 62, 35, '2013-07-17 13:27:38', '2013-07-17 13:27:38'),
(5389, 62, 35, '2013-07-17 13:27:38', '2013-07-17 13:27:38'),
(5390, 62, 35, '2013-07-17 13:27:38', '2013-07-17 13:27:38'),
(5391, 62, 35, '2013-07-17 13:27:38', '2013-07-17 13:27:38'),
(5392, 62, 35, '2013-07-17 13:27:38', '2013-07-17 13:27:38'),
(5393, 62, 35, '2013-07-17 13:27:38', '2013-07-17 13:27:38'),
(5394, 62, 35, '2013-07-17 13:27:38', '2013-07-17 13:27:38'),
(5395, 62, 35, '2013-07-17 13:27:38', '2013-07-17 13:27:38'),
(5396, 62, 35, '2013-07-17 13:27:38', '2013-07-17 13:27:38'),
(5397, 62, 35, '2013-07-17 13:27:38', '2013-07-17 13:27:38'),
(5398, 62, 35, '2013-07-17 13:27:38', '2013-07-17 13:27:38'),
(5399, 62, 35, '2013-07-17 13:27:38', '2013-07-17 13:27:38'),
(5400, 62, 35, '2013-07-17 13:27:38', '2013-07-17 13:27:38'),
(5401, 62, 35, '2013-07-17 13:27:38', '2013-07-17 13:27:38'),
(5402, 62, 35, '2013-07-17 13:27:38', '2013-07-17 13:27:38'),
(5403, 62, 35, '2013-07-17 13:27:38', '2013-07-17 13:27:38'),
(5404, 62, 35, '2013-07-17 13:27:38', '2013-07-17 13:27:38'),
(5405, 62, 35, '2013-07-17 13:27:38', '2013-07-17 13:27:38'),
(5406, 62, 35, '2013-07-17 13:27:38', '2013-07-17 13:27:38'),
(5407, 62, 35, '2013-07-17 13:27:38', '2013-07-17 13:27:38'),
(5408, 62, 35, '2013-07-17 13:27:38', '2013-07-17 13:27:38'),
(5409, 62, 35, '2013-07-17 13:27:38', '2013-07-17 13:27:38'),
(5410, 62, 35, '2013-07-17 13:27:38', '2013-07-17 13:27:38'),
(5411, 62, 35, '2013-07-17 13:27:38', '2013-07-17 13:27:38'),
(5412, 62, 35, '2013-07-17 13:27:38', '2013-07-17 13:27:38'),
(5413, 62, 35, '2013-07-17 13:27:38', '2013-07-17 13:27:38'),
(5414, 62, 35, '2013-07-17 13:27:38', '2013-07-17 13:27:38'),
(5415, 62, 35, '2013-07-17 13:27:38', '2013-07-17 13:27:38'),
(5416, 62, 35, '2013-07-17 13:27:38', '2013-07-17 13:27:38'),
(5417, 62, 35, '2013-07-17 13:27:38', '2013-07-17 13:27:38'),
(5418, 62, 35, '2013-07-17 13:27:38', '2013-07-17 13:27:38'),
(5419, 62, 35, '2013-07-17 13:27:38', '2013-07-17 13:27:38'),
(5420, 62, 35, '2013-07-17 13:27:38', '2013-07-17 13:27:38'),
(5421, 62, 35, '2013-07-17 13:27:38', '2013-07-17 13:27:38'),
(5422, 62, 35, '2013-07-17 13:27:38', '2013-07-17 13:27:38'),
(5423, 62, 35, '2013-07-17 13:27:38', '2013-07-17 13:27:38'),
(5424, 62, 35, '2013-07-17 13:27:38', '2013-07-17 13:27:38'),
(5425, 62, 35, '2013-07-17 13:27:38', '2013-07-17 13:27:38'),
(5426, 62, 35, '2013-07-17 13:27:38', '2013-07-17 13:27:38'),
(5427, 62, 35, '2013-07-17 13:27:38', '2013-07-17 13:27:38'),
(5428, 62, 35, '2013-07-17 13:27:38', '2013-07-17 13:27:38'),
(5429, 62, 35, '2013-07-17 13:27:38', '2013-07-17 13:27:38'),
(5430, 62, 35, '2013-07-17 13:27:38', '2013-07-17 13:27:38'),
(5431, 62, 35, '2013-07-17 13:27:38', '2013-07-17 13:27:38'),
(5432, 62, 35, '2013-07-17 13:27:38', '2013-07-17 13:27:38'),
(5433, 62, 35, '2013-07-17 13:27:38', '2013-07-17 13:27:38'),
(5434, 62, 35, '2013-07-17 13:27:38', '2013-07-17 13:27:38'),
(5435, 62, 35, '2013-07-17 13:27:38', '2013-07-17 13:27:38'),
(5436, 62, 35, '2013-07-17 13:27:38', '2013-07-17 13:27:38'),
(5437, 62, 35, '2013-07-17 13:27:38', '2013-07-17 13:27:38'),
(5438, 62, 35, '2013-07-17 13:27:38', '2013-07-17 13:27:38'),
(5439, 62, 35, '2013-07-17 13:27:38', '2013-07-17 13:27:38'),
(5440, 62, 35, '2013-07-17 13:27:38', '2013-07-17 13:27:38'),
(5441, 62, 35, '2013-07-17 13:27:38', '2013-07-17 13:27:38'),
(5442, 62, 35, '2013-07-17 13:27:38', '2013-07-17 13:27:38'),
(5443, 62, 35, '2013-07-17 13:27:38', '2013-07-17 13:27:38'),
(5444, 62, 35, '2013-07-17 13:27:38', '2013-07-17 13:27:38'),
(5445, 62, 35, '2013-07-17 13:27:38', '2013-07-17 13:27:38'),
(5446, 62, 35, '2013-07-17 13:27:38', '2013-07-17 13:27:38'),
(5447, 62, 35, '2013-07-17 13:27:38', '2013-07-17 13:27:38'),
(5448, 62, 35, '2013-07-17 13:27:38', '2013-07-17 13:27:38'),
(5449, 62, 35, '2013-07-17 13:27:38', '2013-07-17 13:27:38'),
(5450, 62, 35, '2013-07-17 13:27:38', '2013-07-17 13:27:38'),
(5451, 62, 35, '2013-07-17 13:27:38', '2013-07-17 13:27:38'),
(5452, 62, 35, '2013-07-17 13:27:38', '2013-07-17 13:27:38'),
(5453, 62, 35, '2013-07-17 13:27:38', '2013-07-17 13:27:38'),
(5454, 62, 35, '2013-07-17 13:27:38', '2013-07-17 13:27:38'),
(5455, 62, 35, '2013-07-17 13:27:38', '2013-07-17 13:27:38'),
(5456, 62, 35, '2013-07-17 13:27:38', '2013-07-17 13:27:38'),
(5457, 62, 35, '2013-07-17 13:27:38', '2013-07-17 13:27:38'),
(5458, 62, 35, '2013-07-17 13:27:38', '2013-07-17 13:27:38'),
(5459, 62, 35, '2013-07-17 13:27:38', '2013-07-17 13:27:38'),
(5460, 62, 35, '2013-07-17 13:27:38', '2013-07-17 13:27:38'),
(5461, 62, 35, '2013-07-17 13:27:38', '2013-07-17 13:27:38'),
(5462, 62, 35, '2013-07-17 13:27:38', '2013-07-17 13:27:38'),
(5463, 62, 35, '2013-07-17 13:27:38', '2013-07-17 13:27:38'),
(5464, 62, 35, '2013-07-17 13:27:38', '2013-07-17 13:27:38'),
(5465, 62, 35, '2013-07-17 13:27:38', '2013-07-17 13:27:38'),
(5466, 62, 35, '2013-07-17 13:27:38', '2013-07-17 13:27:38'),
(5467, 62, 35, '2013-07-17 13:27:38', '2013-07-17 13:27:38'),
(5468, 62, 35, '2013-07-17 13:27:38', '2013-07-17 13:27:38'),
(5469, 62, 35, '2013-07-17 13:27:38', '2013-07-17 13:27:38'),
(5470, 62, 35, '2013-07-17 13:27:38', '2013-07-17 13:27:38'),
(5471, 62, 35, '2013-07-17 13:27:38', '2013-07-17 13:27:38'),
(5472, 62, 35, '2013-07-17 13:27:38', '2013-07-17 13:27:38'),
(5473, 62, 35, '2013-07-17 13:27:38', '2013-07-17 13:27:38'),
(5474, 62, 35, '2013-07-17 13:27:38', '2013-07-17 13:27:38'),
(5475, 62, 35, '2013-07-17 13:27:38', '2013-07-17 13:27:38'),
(5476, 62, 35, '2013-07-17 13:27:38', '2013-07-17 13:27:38'),
(5477, 62, 35, '2013-07-17 13:27:38', '2013-07-17 13:27:38'),
(5478, 62, 35, '2013-07-17 13:27:38', '2013-07-17 13:27:38'),
(5479, 62, 35, '2013-07-17 13:27:38', '2013-07-17 13:27:38'),
(5480, 62, 35, '2013-07-17 13:27:38', '2013-07-17 13:27:38'),
(5481, 62, 35, '2013-07-17 13:27:38', '2013-07-17 13:27:38'),
(5482, 62, 35, '2013-07-17 13:27:38', '2013-07-17 13:27:38'),
(5483, 62, 35, '2013-07-17 13:27:38', '2013-07-17 13:27:38'),
(5484, 62, 35, '2013-07-17 13:27:38', '2013-07-17 13:27:38'),
(5485, 62, 35, '2013-07-17 13:27:38', '2013-07-17 13:27:38'),
(5486, 62, 35, '2013-07-17 13:27:38', '2013-07-17 13:27:38'),
(5487, 62, 35, '2013-07-17 13:27:39', '2013-07-17 13:27:39'),
(5488, 62, 35, '2013-07-17 13:27:39', '2013-07-17 13:27:39'),
(5489, 62, 35, '2013-07-17 13:27:39', '2013-07-17 13:27:39'),
(5490, 62, 35, '2013-07-17 13:27:39', '2013-07-17 13:27:39'),
(5491, 62, 35, '2013-07-17 13:27:39', '2013-07-17 13:27:39'),
(5492, 62, 35, '2013-07-17 13:27:39', '2013-07-17 13:27:39'),
(5493, 62, 35, '2013-07-17 13:27:39', '2013-07-17 13:27:39'),
(5494, 62, 35, '2013-07-17 13:27:39', '2013-07-17 13:27:39'),
(5495, 62, 35, '2013-07-17 13:27:39', '2013-07-17 13:27:39'),
(5496, 62, 35, '2013-07-17 13:27:39', '2013-07-17 13:27:39'),
(5497, 62, 35, '2013-07-17 13:27:39', '2013-07-17 13:27:39'),
(5498, 62, 35, '2013-07-17 13:27:39', '2013-07-17 13:27:39'),
(5499, 62, 35, '2013-07-17 13:27:39', '2013-07-17 13:27:39'),
(5500, 62, 35, '2013-07-17 13:27:39', '2013-07-17 13:27:39'),
(5501, 62, 35, '2013-07-17 13:27:39', '2013-07-17 13:27:39'),
(5502, 62, 35, '2013-07-17 13:27:39', '2013-07-17 13:27:39'),
(5503, 62, 35, '2013-07-17 13:27:39', '2013-07-17 13:27:39'),
(5504, 62, 35, '2013-07-17 13:27:39', '2013-07-17 13:27:39'),
(5505, 62, 35, '2013-07-17 13:27:39', '2013-07-17 13:27:39'),
(5506, 62, 35, '2013-07-17 13:27:39', '2013-07-17 13:27:39'),
(5507, 62, 35, '2013-07-17 13:27:39', '2013-07-17 13:27:39'),
(5508, 62, 35, '2013-07-17 13:27:39', '2013-07-17 13:27:39'),
(5509, 62, 35, '2013-07-17 13:27:39', '2013-07-17 13:27:39'),
(5510, 62, 35, '2013-07-17 13:27:39', '2013-07-17 13:27:39'),
(5511, 62, 35, '2013-07-17 13:27:39', '2013-07-17 13:27:39'),
(5512, 62, 35, '2013-07-17 13:27:39', '2013-07-17 13:27:39'),
(5513, 62, 35, '2013-07-17 13:27:39', '2013-07-17 13:27:39'),
(5514, 62, 35, '2013-07-17 13:27:39', '2013-07-17 13:27:39'),
(5515, 62, 35, '2013-07-17 13:27:39', '2013-07-17 13:27:39'),
(5516, 62, 35, '2013-07-17 13:27:39', '2013-07-17 13:27:39'),
(5517, 62, 35, '2013-07-17 13:27:39', '2013-07-17 13:27:39'),
(5518, 62, 35, '2013-07-17 13:27:39', '2013-07-17 13:27:39'),
(5519, 62, 35, '2013-07-17 13:27:39', '2013-07-17 13:27:39'),
(5520, 62, 35, '2013-07-17 13:27:39', '2013-07-17 13:27:39'),
(5521, 62, 35, '2013-07-17 13:27:39', '2013-07-17 13:27:39'),
(5522, 62, 35, '2013-07-17 13:27:39', '2013-07-17 13:27:39'),
(5523, 62, 35, '2013-07-17 13:27:39', '2013-07-17 13:27:39'),
(5524, 62, 35, '2013-07-17 13:27:39', '2013-07-17 13:27:39'),
(5525, 62, 35, '2013-07-17 13:27:39', '2013-07-17 13:27:39'),
(5526, 62, 35, '2013-07-17 13:27:39', '2013-07-17 13:27:39'),
(5527, 62, 35, '2013-07-17 13:27:39', '2013-07-17 13:27:39'),
(5528, 62, 35, '2013-07-17 13:27:39', '2013-07-17 13:27:39'),
(5529, 62, 35, '2013-07-17 13:27:39', '2013-07-17 13:27:39'),
(5530, 62, 35, '2013-07-17 13:27:39', '2013-07-17 13:27:39'),
(5531, 62, 35, '2013-07-17 13:27:39', '2013-07-17 13:27:39'),
(5532, 62, 35, '2013-07-17 13:27:39', '2013-07-17 13:27:39'),
(5533, 62, 35, '2013-07-17 13:27:39', '2013-07-17 13:27:39'),
(5534, 62, 35, '2013-07-17 13:27:39', '2013-07-17 13:27:39'),
(5535, 62, 35, '2013-07-17 13:27:39', '2013-07-17 13:27:39'),
(5536, 62, 35, '2013-07-17 13:27:39', '2013-07-17 13:27:39'),
(5537, 62, 35, '2013-07-17 13:27:39', '2013-07-17 13:27:39'),
(5538, 62, 35, '2013-07-17 13:27:39', '2013-07-17 13:27:39'),
(5539, 62, 35, '2013-07-17 13:27:39', '2013-07-17 13:27:39'),
(5540, 62, 35, '2013-07-17 13:27:39', '2013-07-17 13:27:39'),
(5541, 62, 35, '2013-07-17 13:27:39', '2013-07-17 13:27:39'),
(5542, 62, 35, '2013-07-17 13:27:39', '2013-07-17 13:27:39'),
(5543, 62, 35, '2013-07-17 13:27:39', '2013-07-17 13:27:39'),
(5544, 62, 35, '2013-07-17 13:27:39', '2013-07-17 13:27:39'),
(5545, 62, 35, '2013-07-17 13:27:39', '2013-07-17 13:27:39'),
(5546, 62, 35, '2013-07-17 13:27:39', '2013-07-17 13:27:39'),
(5547, 62, 35, '2013-07-17 13:27:39', '2013-07-17 13:27:39'),
(5548, 62, 35, '2013-07-17 13:27:39', '2013-07-17 13:27:39'),
(5549, 62, 35, '2013-07-17 13:27:39', '2013-07-17 13:27:39'),
(5550, 62, 35, '2013-07-17 13:27:39', '2013-07-17 13:27:39'),
(5551, 62, 35, '2013-07-17 13:27:39', '2013-07-17 13:27:39'),
(5552, 62, 35, '2013-07-17 13:27:39', '2013-07-17 13:27:39'),
(5553, 62, 35, '2013-07-17 13:27:39', '2013-07-17 13:27:39'),
(5554, 62, 35, '2013-07-17 13:27:39', '2013-07-17 13:27:39'),
(5555, 62, 35, '2013-07-17 13:27:39', '2013-07-17 13:27:39'),
(5556, 62, 35, '2013-07-17 13:27:39', '2013-07-17 13:27:39'),
(5557, 62, 35, '2013-07-17 13:27:39', '2013-07-17 13:27:39'),
(5558, 62, 35, '2013-07-17 13:27:39', '2013-07-17 13:27:39'),
(5559, 62, 35, '2013-07-17 13:27:39', '2013-07-17 13:27:39'),
(5560, 62, 35, '2013-07-17 13:27:39', '2013-07-17 13:27:39'),
(5561, 62, 35, '2013-07-17 13:27:39', '2013-07-17 13:27:39'),
(5562, 62, 35, '2013-07-17 13:27:39', '2013-07-17 13:27:39'),
(5563, 62, 35, '2013-07-17 13:27:39', '2013-07-17 13:27:39'),
(5564, 62, 35, '2013-07-17 13:27:39', '2013-07-17 13:27:39'),
(5565, 62, 35, '2013-07-17 13:27:39', '2013-07-17 13:27:39'),
(5566, 62, 35, '2013-07-17 13:27:39', '2013-07-17 13:27:39'),
(5567, 62, 35, '2013-07-17 13:27:39', '2013-07-17 13:27:39'),
(5568, 62, 35, '2013-07-17 13:27:39', '2013-07-17 13:27:39'),
(5569, 62, 35, '2013-07-17 13:27:39', '2013-07-17 13:27:39'),
(5570, 62, 35, '2013-07-17 13:27:39', '2013-07-17 13:27:39'),
(5571, 62, 35, '2013-07-17 13:27:39', '2013-07-17 13:27:39'),
(5572, 62, 35, '2013-07-17 13:27:39', '2013-07-17 13:27:39'),
(5573, 62, 35, '2013-07-17 13:27:39', '2013-07-17 13:27:39'),
(5574, 62, 35, '2013-07-17 13:27:39', '2013-07-17 13:27:39'),
(5575, 62, 35, '2013-07-17 13:27:39', '2013-07-17 13:27:39'),
(5576, 62, 35, '2013-07-17 13:27:39', '2013-07-17 13:27:39'),
(5577, 62, 35, '2013-07-17 13:27:39', '2013-07-17 13:27:39'),
(5578, 62, 35, '2013-07-17 13:27:39', '2013-07-17 13:27:39'),
(5579, 62, 35, '2013-07-17 13:27:39', '2013-07-17 13:27:39'),
(5580, 62, 35, '2013-07-17 13:27:39', '2013-07-17 13:27:39'),
(5581, 62, 35, '2013-07-17 13:27:39', '2013-07-17 13:27:39'),
(5582, 62, 35, '2013-07-17 13:27:39', '2013-07-17 13:27:39'),
(5583, 62, 35, '2013-07-17 13:27:39', '2013-07-17 13:27:39'),
(5584, 62, 35, '2013-07-17 13:27:39', '2013-07-17 13:27:39'),
(5585, 62, 35, '2013-07-17 13:27:39', '2013-07-17 13:27:39'),
(5586, 62, 35, '2013-07-17 13:27:39', '2013-07-17 13:27:39'),
(5587, 62, 35, '2013-07-17 13:27:39', '2013-07-17 13:27:39'),
(5588, 62, 35, '2013-07-17 13:27:39', '2013-07-17 13:27:39'),
(5589, 62, 35, '2013-07-17 13:27:39', '2013-07-17 13:27:39'),
(5590, 62, 35, '2013-07-17 13:27:39', '2013-07-17 13:27:39'),
(5591, 62, 35, '2013-07-17 13:27:39', '2013-07-17 13:27:39'),
(5592, 62, 35, '2013-07-17 13:27:39', '2013-07-17 13:27:39'),
(5593, 62, 35, '2013-07-17 13:27:39', '2013-07-17 13:27:39'),
(5594, 62, 35, '2013-07-17 13:27:39', '2013-07-17 13:27:39'),
(5595, 62, 35, '2013-07-17 13:27:39', '2013-07-17 13:27:39'),
(5596, 62, 35, '2013-07-17 13:27:39', '2013-07-17 13:27:39'),
(5597, 62, 35, '2013-07-17 13:27:39', '2013-07-17 13:27:39'),
(5598, 62, 35, '2013-07-17 13:27:39', '2013-07-17 13:27:39'),
(5599, 62, 35, '2013-07-17 13:27:39', '2013-07-17 13:27:39'),
(5600, 62, 35, '2013-07-17 13:27:39', '2013-07-17 13:27:39'),
(5601, 62, 35, '2013-07-17 13:27:39', '2013-07-17 13:27:39'),
(5602, 62, 35, '2013-07-17 13:27:39', '2013-07-17 13:27:39'),
(5603, 62, 35, '2013-07-17 13:27:39', '2013-07-17 13:27:39'),
(5604, 62, 35, '2013-07-17 13:27:39', '2013-07-17 13:27:39'),
(5605, 62, 35, '2013-07-17 13:27:39', '2013-07-17 13:27:39'),
(5606, 62, 35, '2013-07-17 13:27:39', '2013-07-17 13:27:39'),
(5607, 62, 35, '2013-07-17 13:27:39', '2013-07-17 13:27:39'),
(5608, 62, 35, '2013-07-17 13:27:39', '2013-07-17 13:27:39'),
(5609, 62, 35, '2013-07-17 13:27:39', '2013-07-17 13:27:39'),
(5610, 62, 35, '2013-07-17 13:27:39', '2013-07-17 13:27:39'),
(5611, 62, 35, '2013-07-17 13:27:39', '2013-07-17 13:27:39'),
(5612, 62, 35, '2013-07-17 13:27:39', '2013-07-17 13:27:39'),
(5613, 62, 35, '2013-07-17 13:27:39', '2013-07-17 13:27:39'),
(5614, 62, 35, '2013-07-17 13:27:39', '2013-07-17 13:27:39'),
(5615, 62, 35, '2013-07-17 13:27:39', '2013-07-17 13:27:39'),
(5616, 62, 35, '2013-07-17 13:27:39', '2013-07-17 13:27:39'),
(5617, 62, 35, '2013-07-17 13:27:39', '2013-07-17 13:27:39'),
(5618, 62, 35, '2013-07-17 13:27:39', '2013-07-17 13:27:39'),
(5619, 62, 35, '2013-07-17 13:27:39', '2013-07-17 13:27:39'),
(5620, 62, 35, '2013-07-17 13:27:39', '2013-07-17 13:27:39'),
(5621, 62, 35, '2013-07-17 13:27:39', '2013-07-17 13:27:39'),
(5622, 62, 35, '2013-07-17 13:27:39', '2013-07-17 13:27:39'),
(5623, 62, 35, '2013-07-17 13:27:39', '2013-07-17 13:27:39'),
(5624, 62, 35, '2013-07-17 13:27:39', '2013-07-17 13:27:39'),
(5625, 62, 35, '2013-07-17 13:27:39', '2013-07-17 13:27:39'),
(5626, 62, 35, '2013-07-17 13:27:39', '2013-07-17 13:27:39'),
(5627, 62, 35, '2013-07-17 13:27:39', '2013-07-17 13:27:39'),
(5628, 62, 35, '2013-07-17 13:27:39', '2013-07-17 13:27:39'),
(5629, 62, 35, '2013-07-17 13:27:39', '2013-07-17 13:27:39'),
(5630, 62, 35, '2013-07-17 13:27:39', '2013-07-17 13:27:39'),
(5631, 62, 35, '2013-07-17 13:27:39', '2013-07-17 13:27:39'),
(5632, 62, 35, '2013-07-17 13:27:39', '2013-07-17 13:27:39'),
(5633, 62, 35, '2013-07-17 13:27:39', '2013-07-17 13:27:39'),
(5634, 62, 35, '2013-07-17 13:27:39', '2013-07-17 13:27:39'),
(5635, 62, 35, '2013-07-17 13:27:39', '2013-07-17 13:27:39'),
(5636, 62, 35, '2013-07-17 13:27:39', '2013-07-17 13:27:39'),
(5637, 62, 35, '2013-07-17 13:27:39', '2013-07-17 13:27:39'),
(5638, 62, 35, '2013-07-17 13:27:39', '2013-07-17 13:27:39'),
(5639, 62, 35, '2013-07-17 13:27:39', '2013-07-17 13:27:39'),
(5640, 62, 35, '2013-07-17 13:27:39', '2013-07-17 13:27:39'),
(5641, 62, 35, '2013-07-17 13:27:39', '2013-07-17 13:27:39'),
(5642, 62, 35, '2013-07-17 13:27:39', '2013-07-17 13:27:39'),
(5643, 62, 35, '2013-07-17 13:27:39', '2013-07-17 13:27:39'),
(5644, 62, 35, '2013-07-17 13:27:39', '2013-07-17 13:27:39'),
(5645, 62, 35, '2013-07-17 13:27:39', '2013-07-17 13:27:39'),
(5646, 62, 35, '2013-07-17 13:27:39', '2013-07-17 13:27:39'),
(5647, 62, 35, '2013-07-17 13:27:39', '2013-07-17 13:27:39'),
(5648, 62, 35, '2013-07-17 13:27:39', '2013-07-17 13:27:39'),
(5649, 62, 35, '2013-07-17 13:27:39', '2013-07-17 13:27:39'),
(5650, 62, 35, '2013-07-17 13:27:39', '2013-07-17 13:27:39'),
(5651, 62, 35, '2013-07-17 13:27:39', '2013-07-17 13:27:39'),
(5652, 62, 35, '2013-07-17 13:27:39', '2013-07-17 13:27:39'),
(5653, 62, 35, '2013-07-17 13:27:39', '2013-07-17 13:27:39'),
(5654, 62, 35, '2013-07-17 13:27:39', '2013-07-17 13:27:39'),
(5655, 62, 35, '2013-07-17 13:27:39', '2013-07-17 13:27:39'),
(5656, 62, 35, '2013-07-17 13:27:39', '2013-07-17 13:27:39'),
(5657, 62, 35, '2013-07-17 13:27:39', '2013-07-17 13:27:39'),
(5658, 62, 35, '2013-07-17 13:27:39', '2013-07-17 13:27:39'),
(5659, 62, 35, '2013-07-17 13:27:39', '2013-07-17 13:27:39'),
(5660, 62, 35, '2013-07-17 13:27:39', '2013-07-17 13:27:39'),
(5661, 62, 35, '2013-07-17 13:27:39', '2013-07-17 13:27:39'),
(5662, 62, 35, '2013-07-17 13:27:39', '2013-07-17 13:27:39'),
(5663, 62, 35, '2013-07-17 13:27:39', '2013-07-17 13:27:39'),
(5664, 62, 35, '2013-07-17 13:27:39', '2013-07-17 13:27:39'),
(5665, 62, 35, '2013-07-17 13:27:39', '2013-07-17 13:27:39'),
(5666, 62, 35, '2013-07-17 13:27:39', '2013-07-17 13:27:39'),
(5667, 62, 35, '2013-07-17 13:27:39', '2013-07-17 13:27:39'),
(5668, 62, 35, '2013-07-17 13:27:39', '2013-07-17 13:27:39'),
(5669, 62, 35, '2013-07-17 13:27:39', '2013-07-17 13:27:39'),
(5670, 62, 35, '2013-07-17 13:27:39', '2013-07-17 13:27:39'),
(5671, 62, 35, '2013-07-17 13:27:39', '2013-07-17 13:27:39'),
(5672, 62, 35, '2013-07-17 13:27:39', '2013-07-17 13:27:39'),
(5673, 62, 35, '2013-07-17 13:27:39', '2013-07-17 13:27:39'),
(5674, 62, 35, '2013-07-17 13:27:39', '2013-07-17 13:27:39'),
(5675, 62, 35, '2013-07-17 13:27:39', '2013-07-17 13:27:39'),
(5676, 62, 35, '2013-07-17 13:27:39', '2013-07-17 13:27:39'),
(5677, 62, 35, '2013-07-17 13:27:39', '2013-07-17 13:27:39'),
(5678, 62, 35, '2013-07-17 13:27:39', '2013-07-17 13:27:39'),
(5679, 62, 35, '2013-07-17 13:27:39', '2013-07-17 13:27:39'),
(5680, 62, 35, '2013-07-17 13:27:39', '2013-07-17 13:27:39'),
(5681, 62, 35, '2013-07-17 13:27:39', '2013-07-17 13:27:39'),
(5682, 62, 35, '2013-07-17 13:27:39', '2013-07-17 13:27:39'),
(5683, 62, 35, '2013-07-17 13:27:39', '2013-07-17 13:27:39'),
(5684, 62, 35, '2013-07-17 13:27:39', '2013-07-17 13:27:39'),
(5685, 62, 35, '2013-07-17 13:27:39', '2013-07-17 13:27:39'),
(5686, 62, 35, '2013-07-17 13:27:39', '2013-07-17 13:27:39'),
(5687, 62, 35, '2013-07-17 13:27:39', '2013-07-17 13:27:39'),
(5688, 62, 35, '2013-07-17 13:27:39', '2013-07-17 13:27:39'),
(5689, 62, 35, '2013-07-17 13:27:39', '2013-07-17 13:27:39'),
(5690, 62, 35, '2013-07-17 13:27:39', '2013-07-17 13:27:39'),
(5691, 62, 35, '2013-07-17 13:27:39', '2013-07-17 13:27:39'),
(5692, 62, 35, '2013-07-17 13:27:39', '2013-07-17 13:27:39'),
(5693, 62, 35, '2013-07-17 13:27:39', '2013-07-17 13:27:39'),
(5694, 62, 35, '2013-07-17 13:27:39', '2013-07-17 13:27:39'),
(5695, 62, 35, '2013-07-17 13:27:39', '2013-07-17 13:27:39'),
(5696, 62, 35, '2013-07-17 13:27:39', '2013-07-17 13:27:39'),
(5697, 62, 35, '2013-07-17 13:27:39', '2013-07-17 13:27:39'),
(5698, 62, 35, '2013-07-17 13:27:39', '2013-07-17 13:27:39'),
(5699, 62, 35, '2013-07-17 13:27:39', '2013-07-17 13:27:39'),
(5700, 62, 35, '2013-07-17 13:27:39', '2013-07-17 13:27:39'),
(5701, 62, 35, '2013-07-17 13:27:39', '2013-07-17 13:27:39'),
(5702, 62, 35, '2013-07-17 13:27:39', '2013-07-17 13:27:39'),
(5703, 62, 35, '2013-07-17 13:27:39', '2013-07-17 13:27:39'),
(5704, 62, 35, '2013-07-17 13:27:39', '2013-07-17 13:27:39'),
(5705, 62, 35, '2013-07-17 13:27:39', '2013-07-17 13:27:39'),
(5706, 62, 35, '2013-07-17 13:27:39', '2013-07-17 13:27:39'),
(5707, 62, 35, '2013-07-17 13:27:39', '2013-07-17 13:27:39'),
(5708, 62, 35, '2013-07-17 13:27:39', '2013-07-17 13:27:39'),
(5709, 62, 35, '2013-07-17 13:27:39', '2013-07-17 13:27:39'),
(5710, 62, 35, '2013-07-17 13:27:39', '2013-07-17 13:27:39'),
(5711, 62, 35, '2013-07-17 13:27:39', '2013-07-17 13:27:39'),
(5712, 62, 35, '2013-07-17 13:27:39', '2013-07-17 13:27:39'),
(5713, 62, 35, '2013-07-17 13:27:39', '2013-07-17 13:27:39'),
(5714, 62, 35, '2013-07-17 13:27:39', '2013-07-17 13:27:39'),
(5715, 62, 35, '2013-07-17 13:27:39', '2013-07-17 13:27:39'),
(5716, 62, 35, '2013-07-17 13:27:39', '2013-07-17 13:27:39'),
(5717, 62, 35, '2013-07-17 13:27:39', '2013-07-17 13:27:39'),
(5718, 62, 35, '2013-07-17 13:27:39', '2013-07-17 13:27:39'),
(5719, 62, 35, '2013-07-17 13:27:39', '2013-07-17 13:27:39'),
(5720, 62, 35, '2013-07-17 13:27:39', '2013-07-17 13:27:39'),
(5721, 62, 35, '2013-07-17 13:27:39', '2013-07-17 13:27:39'),
(5722, 62, 35, '2013-07-17 13:27:39', '2013-07-17 13:27:39'),
(5723, 62, 35, '2013-07-17 13:27:39', '2013-07-17 13:27:39'),
(5724, 62, 35, '2013-07-17 13:27:39', '2013-07-17 13:27:39'),
(5725, 62, 35, '2013-07-17 13:27:39', '2013-07-17 13:27:39'),
(5726, 62, 35, '2013-07-17 13:27:39', '2013-07-17 13:27:39'),
(5727, 62, 35, '2013-07-17 13:27:39', '2013-07-17 13:27:39'),
(5728, 62, 35, '2013-07-17 13:27:39', '2013-07-17 13:27:39'),
(5729, 62, 35, '2013-07-17 13:27:39', '2013-07-17 13:27:39'),
(5730, 62, 35, '2013-07-17 13:27:39', '2013-07-17 13:27:39'),
(5731, 62, 35, '2013-07-17 13:27:39', '2013-07-17 13:27:39'),
(5732, 62, 35, '2013-07-17 13:27:39', '2013-07-17 13:27:39'),
(5733, 62, 35, '2013-07-17 13:27:39', '2013-07-17 13:27:39'),
(5734, 62, 35, '2013-07-17 13:27:39', '2013-07-17 13:27:39'),
(5735, 62, 35, '2013-07-17 13:27:39', '2013-07-17 13:27:39'),
(5736, 62, 35, '2013-07-17 13:27:39', '2013-07-17 13:27:39'),
(5737, 62, 35, '2013-07-17 13:27:39', '2013-07-17 13:27:39'),
(5738, 62, 35, '2013-07-17 13:27:40', '2013-07-17 13:27:40'),
(5739, 62, 35, '2013-07-17 13:27:40', '2013-07-17 13:27:40'),
(5740, 62, 35, '2013-07-17 13:27:40', '2013-07-17 13:27:40'),
(5741, 62, 35, '2013-07-17 13:27:40', '2013-07-17 13:27:40'),
(5742, 62, 35, '2013-07-17 13:27:40', '2013-07-17 13:27:40'),
(5743, 62, 35, '2013-07-17 13:27:40', '2013-07-17 13:27:40'),
(5744, 62, 35, '2013-07-17 13:27:40', '2013-07-17 13:27:40'),
(5745, 62, 35, '2013-07-17 13:27:40', '2013-07-17 13:27:40'),
(5746, 62, 35, '2013-07-17 13:27:40', '2013-07-17 13:27:40'),
(5747, 62, 35, '2013-07-17 13:27:40', '2013-07-17 13:27:40'),
(5748, 62, 35, '2013-07-17 13:27:40', '2013-07-17 13:27:40'),
(5749, 62, 35, '2013-07-17 13:27:40', '2013-07-17 13:27:40'),
(5750, 62, 35, '2013-07-17 13:27:40', '2013-07-17 13:27:40'),
(5751, 62, 35, '2013-07-17 13:27:40', '2013-07-17 13:27:40'),
(5752, 62, 35, '2013-07-17 13:27:40', '2013-07-17 13:27:40'),
(5753, 62, 35, '2013-07-17 13:27:40', '2013-07-17 13:27:40'),
(5754, 62, 35, '2013-07-17 13:27:40', '2013-07-17 13:27:40'),
(5755, 62, 35, '2013-07-17 13:27:40', '2013-07-17 13:27:40'),
(5756, 62, 35, '2013-07-17 13:27:40', '2013-07-17 13:27:40'),
(5757, 62, 35, '2013-07-17 13:27:40', '2013-07-17 13:27:40'),
(5758, 62, 35, '2013-07-17 13:27:40', '2013-07-17 13:27:40'),
(5759, 62, 35, '2013-07-17 13:27:40', '2013-07-17 13:27:40'),
(5760, 62, 35, '2013-07-17 13:27:40', '2013-07-17 13:27:40'),
(5761, 62, 35, '2013-07-17 13:27:40', '2013-07-17 13:27:40'),
(5762, 62, 35, '2013-07-17 13:27:40', '2013-07-17 13:27:40'),
(5763, 62, 35, '2013-07-17 13:27:40', '2013-07-17 13:27:40'),
(5764, 62, 35, '2013-07-17 13:27:40', '2013-07-17 13:27:40'),
(5765, 62, 35, '2013-07-17 13:27:40', '2013-07-17 13:27:40'),
(5766, 62, 35, '2013-07-17 13:27:40', '2013-07-17 13:27:40'),
(5767, 62, 35, '2013-07-17 13:27:40', '2013-07-17 13:27:40'),
(5768, 62, 35, '2013-07-17 13:27:40', '2013-07-17 13:27:40'),
(5769, 62, 35, '2013-07-17 13:27:40', '2013-07-17 13:27:40'),
(5770, 62, 35, '2013-07-17 13:27:40', '2013-07-17 13:27:40'),
(5771, 62, 35, '2013-07-17 13:27:40', '2013-07-17 13:27:40'),
(5772, 62, 35, '2013-07-17 13:27:40', '2013-07-17 13:27:40'),
(5773, 62, 35, '2013-07-17 13:27:40', '2013-07-17 13:27:40'),
(5774, 62, 35, '2013-07-17 13:27:40', '2013-07-17 13:27:40'),
(5775, 62, 35, '2013-07-17 13:27:40', '2013-07-17 13:27:40'),
(5776, 62, 35, '2013-07-17 13:27:40', '2013-07-17 13:27:40'),
(5777, 62, 35, '2013-07-17 13:27:40', '2013-07-17 13:27:40'),
(5778, 62, 35, '2013-07-17 13:27:40', '2013-07-17 13:27:40'),
(5779, 62, 35, '2013-07-17 13:27:40', '2013-07-17 13:27:40'),
(5780, 62, 35, '2013-07-17 13:27:40', '2013-07-17 13:27:40'),
(5781, 62, 35, '2013-07-17 13:27:40', '2013-07-17 13:27:40'),
(5782, 62, 35, '2013-07-17 13:27:40', '2013-07-17 13:27:40'),
(5783, 62, 35, '2013-07-17 13:27:40', '2013-07-17 13:27:40'),
(5784, 62, 35, '2013-07-17 13:27:40', '2013-07-17 13:27:40'),
(5785, 62, 35, '2013-07-17 13:27:40', '2013-07-17 13:27:40'),
(5786, 62, 35, '2013-07-17 13:27:40', '2013-07-17 13:27:40'),
(5787, 62, 35, '2013-07-17 13:27:40', '2013-07-17 13:27:40'),
(5788, 62, 35, '2013-07-17 13:27:40', '2013-07-17 13:27:40'),
(5789, 62, 35, '2013-07-17 13:27:40', '2013-07-17 13:27:40'),
(5790, 62, 35, '2013-07-17 13:27:40', '2013-07-17 13:27:40'),
(5791, 62, 35, '2013-07-17 13:27:40', '2013-07-17 13:27:40'),
(5792, 62, 35, '2013-07-17 13:27:40', '2013-07-17 13:27:40'),
(5793, 62, 35, '2013-07-17 13:27:40', '2013-07-17 13:27:40'),
(5794, 62, 35, '2013-07-17 13:27:40', '2013-07-17 13:27:40'),
(5795, 62, 35, '2013-07-17 13:27:40', '2013-07-17 13:27:40'),
(5796, 62, 35, '2013-07-17 13:27:40', '2013-07-17 13:27:40'),
(5797, 62, 35, '2013-07-17 13:27:40', '2013-07-17 13:27:40'),
(5798, 62, 35, '2013-07-17 13:27:40', '2013-07-17 13:27:40'),
(5799, 62, 35, '2013-07-17 13:27:40', '2013-07-17 13:27:40'),
(5800, 62, 35, '2013-07-17 13:27:40', '2013-07-17 13:27:40'),
(5801, 62, 35, '2013-07-17 13:27:40', '2013-07-17 13:27:40'),
(5802, 62, 35, '2013-07-17 13:27:40', '2013-07-17 13:27:40'),
(5803, 62, 35, '2013-07-17 13:27:40', '2013-07-17 13:27:40'),
(5804, 62, 35, '2013-07-17 13:27:40', '2013-07-17 13:27:40'),
(5805, 62, 35, '2013-07-17 13:27:40', '2013-07-17 13:27:40'),
(5806, 62, 35, '2013-07-17 13:27:40', '2013-07-17 13:27:40'),
(5807, 62, 35, '2013-07-17 13:27:40', '2013-07-17 13:27:40'),
(5808, 62, 35, '2013-07-17 13:27:40', '2013-07-17 13:27:40'),
(5809, 62, 35, '2013-07-17 13:27:40', '2013-07-17 13:27:40'),
(5810, 62, 35, '2013-07-17 13:27:40', '2013-07-17 13:27:40'),
(5811, 62, 35, '2013-07-17 13:27:40', '2013-07-17 13:27:40'),
(5812, 62, 35, '2013-07-17 13:27:40', '2013-07-17 13:27:40'),
(5813, 62, 35, '2013-07-17 13:27:40', '2013-07-17 13:27:40'),
(5814, 62, 35, '2013-07-17 13:27:40', '2013-07-17 13:27:40'),
(5815, 62, 35, '2013-07-17 13:27:40', '2013-07-17 13:27:40'),
(5816, 62, 35, '2013-07-17 13:27:40', '2013-07-17 13:27:40'),
(5817, 62, 35, '2013-07-17 13:27:40', '2013-07-17 13:27:40'),
(5818, 62, 35, '2013-07-17 13:27:40', '2013-07-17 13:27:40');
INSERT INTO `items_collections` (`id`, `item_id`, `collection_id`, `created`, `modified`) VALUES
(5819, 62, 35, '2013-07-17 13:27:40', '2013-07-17 13:27:40'),
(5820, 62, 35, '2013-07-17 13:27:40', '2013-07-17 13:27:40'),
(5821, 62, 35, '2013-07-17 13:27:40', '2013-07-17 13:27:40'),
(5822, 62, 35, '2013-07-17 13:27:40', '2013-07-17 13:27:40'),
(5823, 62, 35, '2013-07-17 13:27:40', '2013-07-17 13:27:40'),
(5824, 62, 35, '2013-07-17 13:27:40', '2013-07-17 13:27:40'),
(5825, 62, 35, '2013-07-17 13:27:40', '2013-07-17 13:27:40'),
(5826, 62, 35, '2013-07-17 13:27:40', '2013-07-17 13:27:40'),
(5827, 62, 35, '2013-07-17 13:27:40', '2013-07-17 13:27:40'),
(5828, 62, 35, '2013-07-17 13:27:40', '2013-07-17 13:27:40'),
(5829, 62, 35, '2013-07-17 13:27:40', '2013-07-17 13:27:40'),
(5830, 62, 35, '2013-07-17 13:27:40', '2013-07-17 13:27:40'),
(5831, 62, 35, '2013-07-17 13:27:40', '2013-07-17 13:27:40'),
(5832, 62, 35, '2013-07-17 13:27:40', '2013-07-17 13:27:40'),
(5833, 62, 35, '2013-07-17 13:27:40', '2013-07-17 13:27:40'),
(5834, 62, 35, '2013-07-17 13:27:40', '2013-07-17 13:27:40'),
(5835, 62, 35, '2013-07-17 13:27:40', '2013-07-17 13:27:40'),
(5836, 62, 35, '2013-07-17 13:27:40', '2013-07-17 13:27:40'),
(5837, 62, 35, '2013-07-17 13:27:40', '2013-07-17 13:27:40'),
(5838, 62, 35, '2013-07-17 13:27:40', '2013-07-17 13:27:40'),
(5839, 62, 35, '2013-07-17 13:27:40', '2013-07-17 13:27:40'),
(5840, 62, 35, '2013-07-17 13:27:40', '2013-07-17 13:27:40'),
(5841, 62, 35, '2013-07-17 13:27:40', '2013-07-17 13:27:40'),
(5842, 62, 35, '2013-07-17 13:27:40', '2013-07-17 13:27:40'),
(5843, 62, 35, '2013-07-17 13:27:40', '2013-07-17 13:27:40'),
(5844, 62, 35, '2013-07-17 13:27:40', '2013-07-17 13:27:40'),
(5845, 62, 35, '2013-07-17 13:27:40', '2013-07-17 13:27:40'),
(5846, 62, 35, '2013-07-17 13:27:40', '2013-07-17 13:27:40'),
(5847, 62, 35, '2013-07-17 13:27:40', '2013-07-17 13:27:40'),
(5848, 62, 35, '2013-07-17 13:27:40', '2013-07-17 13:27:40'),
(5849, 62, 35, '2013-07-17 13:27:40', '2013-07-17 13:27:40'),
(5850, 62, 35, '2013-07-17 13:27:40', '2013-07-17 13:27:40'),
(5851, 62, 35, '2013-07-17 13:27:40', '2013-07-17 13:27:40'),
(5852, 62, 35, '2013-07-17 13:27:40', '2013-07-17 13:27:40'),
(5853, 62, 35, '2013-07-17 13:27:40', '2013-07-17 13:27:40'),
(5854, 62, 35, '2013-07-17 13:27:40', '2013-07-17 13:27:40'),
(5855, 62, 35, '2013-07-17 13:27:40', '2013-07-17 13:27:40'),
(5856, 62, 35, '2013-07-17 13:27:40', '2013-07-17 13:27:40'),
(5857, 62, 35, '2013-07-17 13:27:40', '2013-07-17 13:27:40'),
(5858, 62, 35, '2013-07-17 13:27:40', '2013-07-17 13:27:40'),
(5859, 62, 35, '2013-07-17 13:27:40', '2013-07-17 13:27:40'),
(5860, 62, 35, '2013-07-17 13:27:40', '2013-07-17 13:27:40'),
(5861, 62, 35, '2013-07-17 13:27:40', '2013-07-17 13:27:40'),
(5862, 62, 35, '2013-07-17 13:27:40', '2013-07-17 13:27:40'),
(5863, 62, 35, '2013-07-17 13:27:40', '2013-07-17 13:27:40'),
(5864, 62, 35, '2013-07-17 13:27:40', '2013-07-17 13:27:40'),
(5865, 62, 35, '2013-07-17 13:27:40', '2013-07-17 13:27:40'),
(5866, 62, 35, '2013-07-17 13:27:40', '2013-07-17 13:27:40'),
(5867, 62, 35, '2013-07-17 13:27:40', '2013-07-17 13:27:40'),
(5868, 62, 35, '2013-07-17 13:27:40', '2013-07-17 13:27:40'),
(5869, 62, 35, '2013-07-17 13:27:40', '2013-07-17 13:27:40'),
(5870, 62, 35, '2013-07-17 13:27:40', '2013-07-17 13:27:40'),
(5871, 62, 35, '2013-07-17 13:27:40', '2013-07-17 13:27:40'),
(5872, 62, 35, '2013-07-17 13:27:40', '2013-07-17 13:27:40'),
(5873, 62, 35, '2013-07-17 13:27:40', '2013-07-17 13:27:40'),
(5874, 62, 35, '2013-07-17 13:27:40', '2013-07-17 13:27:40'),
(5875, 62, 35, '2013-07-17 13:27:40', '2013-07-17 13:27:40'),
(5876, 62, 35, '2013-07-17 13:27:40', '2013-07-17 13:27:40'),
(5877, 62, 35, '2013-07-17 13:27:40', '2013-07-17 13:27:40'),
(5878, 62, 35, '2013-07-17 13:27:40', '2013-07-17 13:27:40'),
(5879, 62, 35, '2013-07-17 13:27:40', '2013-07-17 13:27:40'),
(5880, 62, 35, '2013-07-17 13:27:40', '2013-07-17 13:27:40'),
(5881, 62, 35, '2013-07-17 13:27:40', '2013-07-17 13:27:40'),
(5882, 62, 35, '2013-07-17 13:27:40', '2013-07-17 13:27:40'),
(5883, 62, 35, '2013-07-17 13:27:40', '2013-07-17 13:27:40'),
(5884, 62, 35, '2013-07-17 13:27:40', '2013-07-17 13:27:40'),
(5885, 62, 35, '2013-07-17 13:27:40', '2013-07-17 13:27:40'),
(5886, 62, 35, '2013-07-17 13:27:40', '2013-07-17 13:27:40'),
(5887, 62, 35, '2013-07-17 13:27:40', '2013-07-17 13:27:40'),
(5888, 62, 35, '2013-07-17 13:27:40', '2013-07-17 13:27:40'),
(5889, 62, 35, '2013-07-17 13:27:40', '2013-07-17 13:27:40'),
(5890, 62, 35, '2013-07-17 13:27:40', '2013-07-17 13:27:40'),
(5891, 62, 35, '2013-07-17 13:27:40', '2013-07-17 13:27:40'),
(5892, 62, 35, '2013-07-17 13:27:40', '2013-07-17 13:27:40'),
(5893, 62, 35, '2013-07-17 13:27:40', '2013-07-17 13:27:40'),
(5894, 62, 35, '2013-07-17 13:27:40', '2013-07-17 13:27:40'),
(5895, 62, 35, '2013-07-17 13:27:40', '2013-07-17 13:27:40'),
(5896, 62, 35, '2013-07-17 13:27:40', '2013-07-17 13:27:40'),
(5897, 62, 35, '2013-07-17 13:27:40', '2013-07-17 13:27:40'),
(5898, 62, 35, '2013-07-17 13:27:40', '2013-07-17 13:27:40'),
(5899, 62, 35, '2013-07-17 13:27:40', '2013-07-17 13:27:40'),
(5900, 62, 35, '2013-07-17 13:27:40', '2013-07-17 13:27:40'),
(5901, 62, 35, '2013-07-17 13:27:40', '2013-07-17 13:27:40'),
(5902, 62, 35, '2013-07-17 13:27:40', '2013-07-17 13:27:40'),
(5903, 62, 35, '2013-07-17 13:27:40', '2013-07-17 13:27:40'),
(5904, 62, 35, '2013-07-17 13:27:40', '2013-07-17 13:27:40'),
(5905, 62, 35, '2013-07-17 13:27:40', '2013-07-17 13:27:40'),
(5906, 62, 35, '2013-07-17 13:27:40', '2013-07-17 13:27:40'),
(5907, 62, 35, '2013-07-17 13:27:40', '2013-07-17 13:27:40'),
(5908, 62, 35, '2013-07-17 13:27:40', '2013-07-17 13:27:40'),
(5909, 62, 35, '2013-07-17 13:27:40', '2013-07-17 13:27:40'),
(5910, 62, 35, '2013-07-17 13:27:40', '2013-07-17 13:27:40'),
(5911, 62, 35, '2013-07-17 13:27:40', '2013-07-17 13:27:40'),
(5912, 62, 35, '2013-07-17 13:27:40', '2013-07-17 13:27:40'),
(5913, 62, 35, '2013-07-17 13:27:40', '2013-07-17 13:27:40'),
(5914, 62, 35, '2013-07-17 13:27:40', '2013-07-17 13:27:40'),
(5915, 62, 35, '2013-07-17 13:27:40', '2013-07-17 13:27:40'),
(5916, 62, 35, '2013-07-17 13:27:40', '2013-07-17 13:27:40'),
(5917, 62, 35, '2013-07-17 13:27:40', '2013-07-17 13:27:40'),
(5918, 62, 35, '2013-07-17 13:27:40', '2013-07-17 13:27:40'),
(5919, 62, 35, '2013-07-17 13:27:40', '2013-07-17 13:27:40'),
(5920, 62, 35, '2013-07-17 13:27:40', '2013-07-17 13:27:40'),
(5921, 62, 35, '2013-07-17 13:27:40', '2013-07-17 13:27:40'),
(5922, 62, 35, '2013-07-17 13:27:40', '2013-07-17 13:27:40'),
(5923, 62, 35, '2013-07-17 13:27:40', '2013-07-17 13:27:40'),
(5924, 62, 35, '2013-07-17 13:27:40', '2013-07-17 13:27:40'),
(5925, 62, 35, '2013-07-17 13:27:40', '2013-07-17 13:27:40'),
(5926, 62, 35, '2013-07-17 13:27:40', '2013-07-17 13:27:40'),
(5927, 62, 35, '2013-07-17 13:27:40', '2013-07-17 13:27:40'),
(5928, 62, 35, '2013-07-17 13:27:40', '2013-07-17 13:27:40'),
(5929, 62, 35, '2013-07-17 13:27:40', '2013-07-17 13:27:40'),
(5930, 62, 35, '2013-07-17 13:27:40', '2013-07-17 13:27:40'),
(5931, 62, 35, '2013-07-17 13:27:40', '2013-07-17 13:27:40'),
(5932, 62, 35, '2013-07-17 13:27:40', '2013-07-17 13:27:40'),
(5933, 62, 35, '2013-07-17 13:27:40', '2013-07-17 13:27:40'),
(5934, 62, 35, '2013-07-17 13:27:40', '2013-07-17 13:27:40'),
(5935, 62, 35, '2013-07-17 13:27:40', '2013-07-17 13:27:40'),
(5936, 62, 35, '2013-07-17 13:27:40', '2013-07-17 13:27:40'),
(5937, 62, 35, '2013-07-17 13:27:40', '2013-07-17 13:27:40'),
(5938, 62, 35, '2013-07-17 13:27:40', '2013-07-17 13:27:40'),
(5939, 62, 35, '2013-07-17 13:27:40', '2013-07-17 13:27:40'),
(5940, 62, 35, '2013-07-17 13:27:40', '2013-07-17 13:27:40'),
(5941, 62, 35, '2013-07-17 13:27:40', '2013-07-17 13:27:40'),
(5942, 62, 35, '2013-07-17 13:27:40', '2013-07-17 13:27:40'),
(5943, 62, 35, '2013-07-17 13:27:40', '2013-07-17 13:27:40'),
(5944, 62, 35, '2013-07-17 13:27:40', '2013-07-17 13:27:40'),
(5945, 62, 35, '2013-07-17 13:27:40', '2013-07-17 13:27:40'),
(5946, 62, 35, '2013-07-17 13:27:40', '2013-07-17 13:27:40'),
(5947, 62, 35, '2013-07-17 13:27:40', '2013-07-17 13:27:40'),
(5948, 62, 35, '2013-07-17 13:27:40', '2013-07-17 13:27:40'),
(5949, 62, 35, '2013-07-17 13:27:40', '2013-07-17 13:27:40'),
(5950, 62, 35, '2013-07-17 13:27:40', '2013-07-17 13:27:40'),
(5951, 62, 35, '2013-07-17 13:27:40', '2013-07-17 13:27:40'),
(5952, 62, 35, '2013-07-17 13:27:40', '2013-07-17 13:27:40'),
(5953, 62, 35, '2013-07-17 13:27:40', '2013-07-17 13:27:40'),
(5954, 62, 35, '2013-07-17 13:27:40', '2013-07-17 13:27:40'),
(5955, 62, 35, '2013-07-17 13:27:40', '2013-07-17 13:27:40'),
(5956, 62, 35, '2013-07-17 13:27:40', '2013-07-17 13:27:40'),
(5957, 62, 35, '2013-07-17 13:27:40', '2013-07-17 13:27:40'),
(5958, 62, 35, '2013-07-17 13:27:40', '2013-07-17 13:27:40'),
(5959, 62, 35, '2013-07-17 13:27:40', '2013-07-17 13:27:40'),
(5960, 62, 35, '2013-07-17 13:27:40', '2013-07-17 13:27:40'),
(5961, 62, 35, '2013-07-17 13:27:40', '2013-07-17 13:27:40'),
(5962, 62, 35, '2013-07-17 13:27:40', '2013-07-17 13:27:40'),
(5963, 62, 35, '2013-07-17 13:27:40', '2013-07-17 13:27:40'),
(5964, 62, 35, '2013-07-17 13:27:40', '2013-07-17 13:27:40'),
(5965, 62, 35, '2013-07-17 13:27:40', '2013-07-17 13:27:40'),
(5966, 62, 35, '2013-07-17 13:27:40', '2013-07-17 13:27:40'),
(5967, 62, 35, '2013-07-17 13:27:40', '2013-07-17 13:27:40'),
(5968, 62, 35, '2013-07-17 13:27:40', '2013-07-17 13:27:40'),
(5969, 62, 35, '2013-07-17 13:27:40', '2013-07-17 13:27:40'),
(5970, 62, 35, '2013-07-17 13:27:40', '2013-07-17 13:27:40'),
(5971, 62, 35, '2013-07-17 13:27:40', '2013-07-17 13:27:40'),
(5972, 62, 35, '2013-07-17 13:27:40', '2013-07-17 13:27:40'),
(5973, 62, 35, '2013-07-17 13:27:40', '2013-07-17 13:27:40'),
(5974, 62, 35, '2013-07-17 13:27:40', '2013-07-17 13:27:40'),
(5975, 62, 35, '2013-07-17 13:27:40', '2013-07-17 13:27:40'),
(5976, 62, 35, '2013-07-17 13:27:40', '2013-07-17 13:27:40'),
(5977, 62, 35, '2013-07-17 13:27:40', '2013-07-17 13:27:40'),
(5978, 62, 35, '2013-07-17 13:27:40', '2013-07-17 13:27:40'),
(5979, 62, 35, '2013-07-17 13:27:40', '2013-07-17 13:27:40'),
(5980, 62, 35, '2013-07-17 13:27:41', '2013-07-17 13:27:41'),
(5981, 62, 35, '2013-07-17 13:27:41', '2013-07-17 13:27:41'),
(5982, 62, 35, '2013-07-17 13:27:41', '2013-07-17 13:27:41'),
(5983, 62, 35, '2013-07-17 13:27:41', '2013-07-17 13:27:41'),
(5984, 62, 35, '2013-07-17 13:27:41', '2013-07-17 13:27:41'),
(5985, 62, 35, '2013-07-17 13:27:41', '2013-07-17 13:27:41'),
(5986, 62, 35, '2013-07-17 13:27:41', '2013-07-17 13:27:41'),
(5987, 62, 35, '2013-07-17 13:27:41', '2013-07-17 13:27:41'),
(5988, 62, 35, '2013-07-17 13:27:41', '2013-07-17 13:27:41'),
(5989, 62, 35, '2013-07-17 13:27:41', '2013-07-17 13:27:41'),
(5990, 62, 35, '2013-07-17 13:27:41', '2013-07-17 13:27:41'),
(5991, 62, 35, '2013-07-17 13:27:41', '2013-07-17 13:27:41'),
(5992, 62, 35, '2013-07-17 13:27:41', '2013-07-17 13:27:41'),
(5993, 62, 35, '2013-07-17 13:27:41', '2013-07-17 13:27:41'),
(5994, 62, 35, '2013-07-17 13:27:41', '2013-07-17 13:27:41'),
(5995, 62, 35, '2013-07-17 13:27:41', '2013-07-17 13:27:41'),
(5996, 62, 35, '2013-07-17 13:27:41', '2013-07-17 13:27:41'),
(5997, 62, 35, '2013-07-17 13:27:41', '2013-07-17 13:27:41'),
(5998, 62, 35, '2013-07-17 13:27:41', '2013-07-17 13:27:41'),
(5999, 62, 35, '2013-07-17 13:27:41', '2013-07-17 13:27:41'),
(6000, 62, 35, '2013-07-17 13:27:41', '2013-07-17 13:27:41'),
(6001, 62, 35, '2013-07-17 13:27:41', '2013-07-17 13:27:41'),
(6002, 62, 35, '2013-07-17 13:27:41', '2013-07-17 13:27:41'),
(6003, 62, 35, '2013-07-17 13:27:41', '2013-07-17 13:27:41'),
(6004, 62, 35, '2013-07-17 13:27:41', '2013-07-17 13:27:41'),
(6005, 62, 35, '2013-07-17 13:27:41', '2013-07-17 13:27:41'),
(6006, 62, 35, '2013-07-17 13:27:41', '2013-07-17 13:27:41'),
(6007, 62, 35, '2013-07-17 13:27:41', '2013-07-17 13:27:41'),
(6008, 62, 35, '2013-07-17 13:27:41', '2013-07-17 13:27:41'),
(6009, 62, 35, '2013-07-17 13:27:41', '2013-07-17 13:27:41'),
(6010, 62, 35, '2013-07-17 13:27:41', '2013-07-17 13:27:41'),
(6011, 62, 35, '2013-07-17 13:27:41', '2013-07-17 13:27:41'),
(6012, 62, 35, '2013-07-17 13:27:41', '2013-07-17 13:27:41'),
(6013, 62, 35, '2013-07-17 13:27:41', '2013-07-17 13:27:41'),
(6014, 62, 35, '2013-07-17 13:27:41', '2013-07-17 13:27:41'),
(6015, 62, 35, '2013-07-17 13:27:41', '2013-07-17 13:27:41'),
(6016, 62, 35, '2013-07-17 13:27:41', '2013-07-17 13:27:41'),
(6017, 62, 35, '2013-07-17 13:27:41', '2013-07-17 13:27:41'),
(6018, 62, 35, '2013-07-17 13:27:41', '2013-07-17 13:27:41'),
(6019, 62, 35, '2013-07-17 13:27:41', '2013-07-17 13:27:41'),
(6020, 62, 35, '2013-07-17 13:27:41', '2013-07-17 13:27:41'),
(6021, 62, 35, '2013-07-17 13:27:41', '2013-07-17 13:27:41'),
(6022, 62, 35, '2013-07-17 13:27:41', '2013-07-17 13:27:41'),
(6023, 62, 35, '2013-07-17 13:27:41', '2013-07-17 13:27:41'),
(6024, 62, 35, '2013-07-17 13:27:41', '2013-07-17 13:27:41'),
(6025, 62, 35, '2013-07-17 13:27:41', '2013-07-17 13:27:41'),
(6026, 62, 35, '2013-07-17 13:27:41', '2013-07-17 13:27:41'),
(6027, 62, 35, '2013-07-17 13:27:41', '2013-07-17 13:27:41'),
(6028, 62, 35, '2013-07-17 13:27:41', '2013-07-17 13:27:41'),
(6029, 62, 35, '2013-07-17 13:27:41', '2013-07-17 13:27:41'),
(6030, 62, 35, '2013-07-17 13:27:41', '2013-07-17 13:27:41'),
(6031, 62, 35, '2013-07-17 13:27:41', '2013-07-17 13:27:41'),
(6032, 62, 35, '2013-07-17 13:27:41', '2013-07-17 13:27:41'),
(6033, 62, 35, '2013-07-17 13:27:41', '2013-07-17 13:27:41'),
(6034, 62, 35, '2013-07-17 13:27:41', '2013-07-17 13:27:41'),
(6035, 62, 35, '2013-07-17 13:27:41', '2013-07-17 13:27:41'),
(6036, 62, 35, '2013-07-17 13:27:41', '2013-07-17 13:27:41'),
(6037, 62, 35, '2013-07-17 13:27:41', '2013-07-17 13:27:41'),
(6038, 62, 35, '2013-07-17 13:27:41', '2013-07-17 13:27:41'),
(6039, 62, 35, '2013-07-17 13:27:41', '2013-07-17 13:27:41'),
(6040, 62, 35, '2013-07-17 13:27:41', '2013-07-17 13:27:41'),
(6041, 62, 35, '2013-07-17 13:27:41', '2013-07-17 13:27:41'),
(6042, 62, 35, '2013-07-17 13:27:41', '2013-07-17 13:27:41'),
(6043, 62, 35, '2013-07-17 13:27:41', '2013-07-17 13:27:41'),
(6044, 62, 35, '2013-07-17 13:27:41', '2013-07-17 13:27:41'),
(6045, 62, 35, '2013-07-17 13:27:41', '2013-07-17 13:27:41'),
(6046, 62, 35, '2013-07-17 13:27:41', '2013-07-17 13:27:41'),
(6047, 62, 35, '2013-07-17 13:27:41', '2013-07-17 13:27:41'),
(6048, 62, 35, '2013-07-17 13:27:41', '2013-07-17 13:27:41'),
(6049, 62, 35, '2013-07-17 13:27:41', '2013-07-17 13:27:41'),
(6050, 62, 35, '2013-07-17 13:27:41', '2013-07-17 13:27:41'),
(6051, 62, 35, '2013-07-17 13:27:41', '2013-07-17 13:27:41'),
(6052, 62, 35, '2013-07-17 13:27:41', '2013-07-17 13:27:41'),
(6053, 62, 35, '2013-07-17 13:27:41', '2013-07-17 13:27:41'),
(6054, 62, 35, '2013-07-17 13:27:41', '2013-07-17 13:27:41'),
(6055, 62, 35, '2013-07-17 13:27:41', '2013-07-17 13:27:41'),
(6056, 62, 35, '2013-07-17 13:27:41', '2013-07-17 13:27:41'),
(6057, 62, 35, '2013-07-17 13:27:41', '2013-07-17 13:27:41'),
(6058, 62, 35, '2013-07-17 13:27:41', '2013-07-17 13:27:41'),
(6059, 62, 35, '2013-07-17 13:27:41', '2013-07-17 13:27:41'),
(6060, 62, 35, '2013-07-17 13:27:41', '2013-07-17 13:27:41'),
(6061, 62, 35, '2013-07-17 13:27:41', '2013-07-17 13:27:41'),
(6062, 62, 35, '2013-07-17 13:27:41', '2013-07-17 13:27:41'),
(6063, 62, 35, '2013-07-17 13:27:41', '2013-07-17 13:27:41'),
(6064, 62, 35, '2013-07-17 13:27:41', '2013-07-17 13:27:41'),
(6065, 62, 35, '2013-07-17 13:27:41', '2013-07-17 13:27:41'),
(6066, 62, 35, '2013-07-17 13:27:41', '2013-07-17 13:27:41'),
(6067, 62, 35, '2013-07-17 13:27:41', '2013-07-17 13:27:41'),
(6068, 62, 35, '2013-07-17 13:27:41', '2013-07-17 13:27:41'),
(6069, 62, 35, '2013-07-17 13:27:41', '2013-07-17 13:27:41'),
(6070, 62, 35, '2013-07-17 13:27:41', '2013-07-17 13:27:41'),
(6071, 62, 35, '2013-07-17 13:27:41', '2013-07-17 13:27:41'),
(6072, 62, 35, '2013-07-17 13:27:41', '2013-07-17 13:27:41'),
(6073, 62, 35, '2013-07-17 13:27:41', '2013-07-17 13:27:41'),
(6074, 62, 35, '2013-07-17 13:27:41', '2013-07-17 13:27:41'),
(6075, 62, 35, '2013-07-17 13:27:41', '2013-07-17 13:27:41'),
(6076, 62, 35, '2013-07-17 13:27:41', '2013-07-17 13:27:41'),
(6077, 62, 35, '2013-07-17 13:27:41', '2013-07-17 13:27:41'),
(6078, 62, 35, '2013-07-17 13:27:41', '2013-07-17 13:27:41'),
(6079, 62, 35, '2013-07-17 13:27:41', '2013-07-17 13:27:41'),
(6080, 62, 35, '2013-07-17 13:27:41', '2013-07-17 13:27:41'),
(6081, 62, 35, '2013-07-17 13:27:41', '2013-07-17 13:27:41'),
(6082, 62, 35, '2013-07-17 13:27:41', '2013-07-17 13:27:41'),
(6083, 62, 35, '2013-07-17 13:27:41', '2013-07-17 13:27:41'),
(6084, 62, 35, '2013-07-17 13:27:41', '2013-07-17 13:27:41'),
(6085, 62, 35, '2013-07-17 13:27:41', '2013-07-17 13:27:41'),
(6086, 62, 35, '2013-07-17 13:27:41', '2013-07-17 13:27:41'),
(6087, 62, 35, '2013-07-17 13:27:41', '2013-07-17 13:27:41'),
(6088, 62, 35, '2013-07-17 13:27:41', '2013-07-17 13:27:41'),
(6089, 62, 35, '2013-07-17 13:27:41', '2013-07-17 13:27:41'),
(6090, 62, 35, '2013-07-17 13:27:41', '2013-07-17 13:27:41'),
(6091, 62, 35, '2013-07-17 13:27:41', '2013-07-17 13:27:41'),
(6092, 62, 35, '2013-07-17 13:27:41', '2013-07-17 13:27:41'),
(6093, 62, 35, '2013-07-17 13:27:41', '2013-07-17 13:27:41'),
(6094, 62, 35, '2013-07-17 13:27:41', '2013-07-17 13:27:41'),
(6095, 62, 35, '2013-07-17 13:27:41', '2013-07-17 13:27:41'),
(6096, 62, 35, '2013-07-17 13:27:41', '2013-07-17 13:27:41'),
(6097, 62, 35, '2013-07-17 13:27:41', '2013-07-17 13:27:41'),
(6098, 62, 35, '2013-07-17 13:27:41', '2013-07-17 13:27:41'),
(6099, 62, 35, '2013-07-17 13:27:41', '2013-07-17 13:27:41'),
(6100, 62, 35, '2013-07-17 13:27:41', '2013-07-17 13:27:41'),
(6101, 62, 35, '2013-07-17 13:27:41', '2013-07-17 13:27:41'),
(6102, 62, 35, '2013-07-17 13:27:41', '2013-07-17 13:27:41'),
(6103, 62, 35, '2013-07-17 13:27:41', '2013-07-17 13:27:41'),
(6104, 62, 35, '2013-07-17 13:27:41', '2013-07-17 13:27:41'),
(6105, 62, 35, '2013-07-17 13:27:41', '2013-07-17 13:27:41'),
(6106, 62, 35, '2013-07-17 13:27:41', '2013-07-17 13:27:41'),
(6107, 62, 35, '2013-07-17 13:27:41', '2013-07-17 13:27:41'),
(6108, 62, 35, '2013-07-17 13:27:41', '2013-07-17 13:27:41'),
(6109, 62, 35, '2013-07-17 13:27:41', '2013-07-17 13:27:41'),
(6110, 62, 35, '2013-07-17 13:27:41', '2013-07-17 13:27:41'),
(6111, 62, 35, '2013-07-17 13:27:41', '2013-07-17 13:27:41'),
(6112, 62, 35, '2013-07-17 13:27:41', '2013-07-17 13:27:41'),
(6113, 62, 35, '2013-07-17 13:27:41', '2013-07-17 13:27:41'),
(6114, 62, 35, '2013-07-17 13:27:41', '2013-07-17 13:27:41'),
(6115, 62, 35, '2013-07-17 13:27:41', '2013-07-17 13:27:41'),
(6116, 62, 35, '2013-07-17 13:27:41', '2013-07-17 13:27:41'),
(6117, 62, 35, '2013-07-17 13:27:41', '2013-07-17 13:27:41'),
(6118, 62, 35, '2013-07-17 13:27:41', '2013-07-17 13:27:41'),
(6119, 62, 35, '2013-07-17 13:27:41', '2013-07-17 13:27:41'),
(6120, 62, 35, '2013-07-17 13:27:41', '2013-07-17 13:27:41'),
(6121, 62, 35, '2013-07-17 13:27:41', '2013-07-17 13:27:41'),
(6122, 62, 35, '2013-07-17 13:27:41', '2013-07-17 13:27:41'),
(6123, 62, 35, '2013-07-17 13:27:41', '2013-07-17 13:27:41'),
(6124, 62, 35, '2013-07-17 13:27:41', '2013-07-17 13:27:41'),
(6125, 62, 35, '2013-07-17 13:27:41', '2013-07-17 13:27:41'),
(6126, 62, 35, '2013-07-17 13:27:41', '2013-07-17 13:27:41'),
(6127, 62, 35, '2013-07-17 13:27:41', '2013-07-17 13:27:41'),
(6128, 62, 35, '2013-07-17 13:27:41', '2013-07-17 13:27:41'),
(6129, 62, 35, '2013-07-17 13:27:41', '2013-07-17 13:27:41'),
(6130, 62, 35, '2013-07-17 13:27:41', '2013-07-17 13:27:41'),
(6131, 62, 35, '2013-07-17 13:27:41', '2013-07-17 13:27:41'),
(6132, 62, 35, '2013-07-17 13:27:41', '2013-07-17 13:27:41'),
(6133, 62, 35, '2013-07-17 13:27:41', '2013-07-17 13:27:41'),
(6134, 62, 35, '2013-07-17 13:27:41', '2013-07-17 13:27:41'),
(6135, 62, 35, '2013-07-17 13:27:41', '2013-07-17 13:27:41'),
(6136, 62, 35, '2013-07-17 13:27:41', '2013-07-17 13:27:41'),
(6137, 62, 35, '2013-07-17 13:27:41', '2013-07-17 13:27:41'),
(6138, 62, 35, '2013-07-17 13:27:41', '2013-07-17 13:27:41'),
(6139, 62, 35, '2013-07-17 13:27:41', '2013-07-17 13:27:41'),
(6140, 62, 35, '2013-07-17 13:27:41', '2013-07-17 13:27:41'),
(6141, 62, 35, '2013-07-17 13:27:41', '2013-07-17 13:27:41'),
(6142, 62, 35, '2013-07-17 13:27:41', '2013-07-17 13:27:41'),
(6143, 62, 35, '2013-07-17 13:27:41', '2013-07-17 13:27:41'),
(6144, 62, 35, '2013-07-17 13:27:41', '2013-07-17 13:27:41'),
(6145, 62, 35, '2013-07-17 13:27:41', '2013-07-17 13:27:41'),
(6146, 62, 35, '2013-07-17 13:27:41', '2013-07-17 13:27:41'),
(6147, 62, 35, '2013-07-17 13:27:41', '2013-07-17 13:27:41'),
(6148, 62, 35, '2013-07-17 13:27:41', '2013-07-17 13:27:41'),
(6149, 62, 35, '2013-07-17 13:27:41', '2013-07-17 13:27:41'),
(6150, 62, 35, '2013-07-17 13:27:41', '2013-07-17 13:27:41'),
(6151, 62, 35, '2013-07-17 13:27:41', '2013-07-17 13:27:41'),
(6152, 62, 35, '2013-07-17 13:27:41', '2013-07-17 13:27:41'),
(6153, 62, 35, '2013-07-17 13:27:41', '2013-07-17 13:27:41'),
(6154, 62, 35, '2013-07-17 13:27:41', '2013-07-17 13:27:41'),
(6155, 62, 35, '2013-07-17 13:27:41', '2013-07-17 13:27:41'),
(6156, 62, 35, '2013-07-17 13:27:41', '2013-07-17 13:27:41'),
(6157, 62, 35, '2013-07-17 13:27:41', '2013-07-17 13:27:41'),
(6158, 62, 35, '2013-07-17 13:27:41', '2013-07-17 13:27:41'),
(6159, 62, 35, '2013-07-17 13:27:41', '2013-07-17 13:27:41'),
(6160, 62, 35, '2013-07-17 13:27:41', '2013-07-17 13:27:41'),
(6161, 62, 35, '2013-07-17 13:27:41', '2013-07-17 13:27:41'),
(6162, 62, 35, '2013-07-17 13:27:41', '2013-07-17 13:27:41'),
(6163, 62, 35, '2013-07-17 13:27:41', '2013-07-17 13:27:41'),
(6164, 62, 35, '2013-07-17 13:27:41', '2013-07-17 13:27:41'),
(6165, 62, 35, '2013-07-17 13:27:41', '2013-07-17 13:27:41'),
(6166, 62, 35, '2013-07-17 13:27:41', '2013-07-17 13:27:41'),
(6167, 62, 35, '2013-07-17 13:27:41', '2013-07-17 13:27:41'),
(6168, 62, 35, '2013-07-17 13:27:41', '2013-07-17 13:27:41'),
(6169, 62, 35, '2013-07-17 13:27:41', '2013-07-17 13:27:41'),
(6170, 62, 35, '2013-07-17 13:27:41', '2013-07-17 13:27:41'),
(6171, 62, 35, '2013-07-17 13:27:41', '2013-07-17 13:27:41'),
(6172, 62, 35, '2013-07-17 13:27:41', '2013-07-17 13:27:41'),
(6173, 62, 35, '2013-07-17 13:27:41', '2013-07-17 13:27:41'),
(6174, 62, 35, '2013-07-17 13:27:41', '2013-07-17 13:27:41'),
(6175, 62, 35, '2013-07-17 13:27:41', '2013-07-17 13:27:41'),
(6176, 62, 35, '2013-07-17 13:27:41', '2013-07-17 13:27:41'),
(6177, 62, 35, '2013-07-17 13:27:41', '2013-07-17 13:27:41'),
(6178, 62, 35, '2013-07-17 13:27:41', '2013-07-17 13:27:41'),
(6179, 62, 35, '2013-07-17 13:27:41', '2013-07-17 13:27:41'),
(6180, 62, 35, '2013-07-17 13:27:41', '2013-07-17 13:27:41'),
(6181, 62, 35, '2013-07-17 13:27:41', '2013-07-17 13:27:41'),
(6182, 62, 35, '2013-07-17 13:27:41', '2013-07-17 13:27:41'),
(6183, 62, 35, '2013-07-17 13:27:41', '2013-07-17 13:27:41'),
(6184, 62, 35, '2013-07-17 13:27:41', '2013-07-17 13:27:41'),
(6185, 62, 35, '2013-07-17 13:27:41', '2013-07-17 13:27:41'),
(6186, 62, 35, '2013-07-17 13:27:41', '2013-07-17 13:27:41'),
(6187, 62, 35, '2013-07-17 13:27:41', '2013-07-17 13:27:41'),
(6188, 62, 35, '2013-07-17 13:27:41', '2013-07-17 13:27:41'),
(6189, 62, 35, '2013-07-17 13:27:41', '2013-07-17 13:27:41'),
(6190, 62, 35, '2013-07-17 13:27:41', '2013-07-17 13:27:41'),
(6191, 62, 35, '2013-07-17 13:27:41', '2013-07-17 13:27:41'),
(6192, 62, 35, '2013-07-17 13:27:41', '2013-07-17 13:27:41'),
(6193, 62, 35, '2013-07-17 13:27:41', '2013-07-17 13:27:41'),
(6194, 62, 35, '2013-07-17 13:27:41', '2013-07-17 13:27:41'),
(6195, 62, 35, '2013-07-17 13:27:41', '2013-07-17 13:27:41'),
(6196, 62, 35, '2013-07-17 13:27:41', '2013-07-17 13:27:41'),
(6197, 62, 35, '2013-07-17 13:27:41', '2013-07-17 13:27:41'),
(6198, 62, 35, '2013-07-17 13:27:41', '2013-07-17 13:27:41'),
(6199, 62, 35, '2013-07-17 13:27:41', '2013-07-17 13:27:41'),
(6200, 62, 35, '2013-07-17 13:27:41', '2013-07-17 13:27:41'),
(6201, 62, 35, '2013-07-17 13:27:41', '2013-07-17 13:27:41'),
(6202, 62, 35, '2013-07-17 13:27:41', '2013-07-17 13:27:41'),
(6203, 62, 35, '2013-07-17 13:27:41', '2013-07-17 13:27:41'),
(6204, 62, 35, '2013-07-17 13:27:41', '2013-07-17 13:27:41'),
(6205, 62, 35, '2013-07-17 13:27:41', '2013-07-17 13:27:41'),
(6206, 62, 35, '2013-07-17 13:27:41', '2013-07-17 13:27:41'),
(6207, 62, 35, '2013-07-17 13:27:41', '2013-07-17 13:27:41'),
(6208, 62, 35, '2013-07-17 13:27:41', '2013-07-17 13:27:41'),
(6209, 62, 35, '2013-07-17 13:27:41', '2013-07-17 13:27:41'),
(6210, 62, 35, '2013-07-17 13:27:41', '2013-07-17 13:27:41'),
(6211, 62, 35, '2013-07-17 13:27:41', '2013-07-17 13:27:41'),
(6212, 62, 35, '2013-07-17 13:27:41', '2013-07-17 13:27:41'),
(6213, 62, 35, '2013-07-17 13:27:41', '2013-07-17 13:27:41'),
(6214, 62, 35, '2013-07-17 13:27:41', '2013-07-17 13:27:41'),
(6215, 62, 35, '2013-07-17 13:27:41', '2013-07-17 13:27:41'),
(6216, 62, 35, '2013-07-17 13:27:41', '2013-07-17 13:27:41'),
(6217, 62, 35, '2013-07-17 13:27:41', '2013-07-17 13:27:41'),
(6218, 62, 35, '2013-07-17 13:27:41', '2013-07-17 13:27:41'),
(6219, 62, 35, '2013-07-17 13:27:41', '2013-07-17 13:27:41'),
(6220, 62, 35, '2013-07-17 13:27:41', '2013-07-17 13:27:41'),
(6221, 62, 35, '2013-07-17 13:27:41', '2013-07-17 13:27:41'),
(6222, 62, 35, '2013-07-17 13:27:41', '2013-07-17 13:27:41'),
(6223, 62, 35, '2013-07-17 13:27:41', '2013-07-17 13:27:41'),
(6224, 62, 35, '2013-07-17 13:27:41', '2013-07-17 13:27:41'),
(6225, 62, 35, '2013-07-17 13:27:41', '2013-07-17 13:27:41'),
(6226, 62, 35, '2013-07-17 13:27:41', '2013-07-17 13:27:41'),
(6227, 62, 35, '2013-07-17 13:27:41', '2013-07-17 13:27:41'),
(6228, 62, 35, '2013-07-17 13:27:41', '2013-07-17 13:27:41'),
(6229, 62, 35, '2013-07-17 13:27:41', '2013-07-17 13:27:41'),
(6230, 62, 35, '2013-07-17 13:27:41', '2013-07-17 13:27:41'),
(6231, 62, 35, '2013-07-17 13:27:41', '2013-07-17 13:27:41'),
(6232, 62, 35, '2013-07-17 13:27:41', '2013-07-17 13:27:41'),
(6233, 62, 35, '2013-07-17 13:27:41', '2013-07-17 13:27:41'),
(6234, 62, 35, '2013-07-17 13:27:41', '2013-07-17 13:27:41'),
(6235, 62, 35, '2013-07-17 13:27:42', '2013-07-17 13:27:42'),
(6236, 62, 35, '2013-07-17 13:27:42', '2013-07-17 13:27:42'),
(6237, 62, 35, '2013-07-17 13:27:42', '2013-07-17 13:27:42'),
(6238, 62, 35, '2013-07-17 13:27:42', '2013-07-17 13:27:42'),
(6239, 62, 35, '2013-07-17 13:27:42', '2013-07-17 13:27:42'),
(6240, 62, 35, '2013-07-17 13:27:42', '2013-07-17 13:27:42'),
(6241, 62, 35, '2013-07-17 13:27:42', '2013-07-17 13:27:42'),
(6242, 62, 35, '2013-07-17 13:27:42', '2013-07-17 13:27:42'),
(6243, 62, 35, '2013-07-17 13:27:42', '2013-07-17 13:27:42'),
(6244, 62, 35, '2013-07-17 13:27:42', '2013-07-17 13:27:42'),
(6245, 62, 35, '2013-07-17 13:27:42', '2013-07-17 13:27:42'),
(6246, 62, 35, '2013-07-17 13:27:42', '2013-07-17 13:27:42'),
(6247, 62, 35, '2013-07-17 13:27:42', '2013-07-17 13:27:42'),
(6248, 62, 35, '2013-07-17 13:27:42', '2013-07-17 13:27:42'),
(6249, 62, 35, '2013-07-17 13:27:42', '2013-07-17 13:27:42'),
(6250, 62, 35, '2013-07-17 13:27:42', '2013-07-17 13:27:42'),
(6251, 62, 35, '2013-07-17 13:27:42', '2013-07-17 13:27:42'),
(6252, 62, 35, '2013-07-17 13:27:42', '2013-07-17 13:27:42'),
(6253, 62, 35, '2013-07-17 13:27:42', '2013-07-17 13:27:42'),
(6254, 62, 35, '2013-07-17 13:27:42', '2013-07-17 13:27:42'),
(6255, 62, 35, '2013-07-17 13:27:42', '2013-07-17 13:27:42'),
(6256, 62, 35, '2013-07-17 13:27:42', '2013-07-17 13:27:42'),
(6257, 62, 35, '2013-07-17 13:27:42', '2013-07-17 13:27:42'),
(6258, 62, 35, '2013-07-17 13:27:42', '2013-07-17 13:27:42'),
(6259, 62, 35, '2013-07-17 13:27:42', '2013-07-17 13:27:42'),
(6260, 62, 35, '2013-07-17 13:27:42', '2013-07-17 13:27:42'),
(6261, 62, 35, '2013-07-17 13:27:42', '2013-07-17 13:27:42'),
(6262, 62, 35, '2013-07-17 13:27:42', '2013-07-17 13:27:42'),
(6263, 62, 35, '2013-07-17 13:27:42', '2013-07-17 13:27:42'),
(6264, 62, 35, '2013-07-17 13:27:42', '2013-07-17 13:27:42'),
(6287, 64, 46, '2013-07-17 16:25:39', '2013-07-17 16:25:39'),
(6305, 65, 47, '2013-07-18 08:42:30', '2013-07-18 08:42:30'),
(6306, 65, 46, '2013-07-18 08:42:30', '2013-07-18 08:42:30'),
(6312, 61, 7, '2013-07-18 08:57:14', '2013-07-18 08:57:14'),
(6327, 75, 52, '2013-07-18 12:34:08', '2013-07-18 12:34:08'),
(6331, 78, 55, '2013-07-19 15:02:18', '2013-07-19 15:02:18'),
(6332, 79, 56, '2013-07-19 15:21:36', '2013-07-19 15:21:36'),
(6337, 80, 57, '2013-07-19 18:26:30', '2013-07-19 18:26:30'),
(6348, 81, 58, '2013-07-19 23:11:40', '2013-07-19 23:11:40'),
(6349, 81, 59, '2013-07-19 23:11:40', '2013-07-19 23:11:40'),
(6358, 67, 49, '2013-07-22 02:50:57', '2013-07-22 02:50:57'),
(6359, 84, 49, '2013-07-22 02:54:31', '2013-07-22 02:54:31'),
(6360, 84, 62, '2013-07-22 02:54:31', '2013-07-22 02:54:31'),
(6373, 58, 32, '2013-07-22 12:20:27', '2013-07-22 12:20:27'),
(6376, 54, 7, '2013-07-22 12:33:04', '2013-07-22 12:33:04'),
(6392, 77, 54, '2013-07-22 13:04:00', '2013-07-22 13:04:00'),
(6395, 89, 63, '2013-07-22 13:17:08', '2013-07-22 13:17:08'),
(6397, 91, 63, '2013-07-22 14:05:34', '2013-07-22 14:05:34'),
(6400, 90, 52, '2013-07-22 14:39:53', '2013-07-22 14:39:53'),
(6401, 92, 52, '2013-07-22 14:48:14', '2013-07-22 14:48:14'),
(6402, 94, 48, '2013-07-22 18:15:24', '2013-07-22 18:15:24'),
(6423, 95, 54, '2013-07-23 10:30:56', '2013-07-23 10:30:56'),
(6424, 97, 64, '2013-07-23 13:34:16', '2013-07-23 13:34:16'),
(6425, 97, 65, '2013-07-23 13:34:16', '2013-07-23 13:34:16'),
(6427, 99, 66, '2013-07-23 15:22:18', '2013-07-23 15:22:18'),
(6428, 100, 66, '2013-07-23 15:49:14', '2013-07-23 15:49:14'),
(6430, 102, 67, '2013-07-23 17:01:35', '2013-07-23 17:01:35'),
(6433, 101, 67, '2013-07-23 20:56:56', '2013-07-23 20:56:56'),
(6435, 93, 52, '2013-07-24 11:27:10', '2013-07-24 11:27:10'),
(6439, 104, 69, '2013-07-24 13:14:55', '2013-07-24 13:14:55'),
(6440, 104, 54, '2013-07-24 13:14:55', '2013-07-24 13:14:55'),
(6441, 98, 66, '2013-07-24 13:19:30', '2013-07-24 13:19:30'),
(6442, 98, 71, '2013-07-24 13:19:30', '2013-07-24 13:19:30'),
(6447, 69, 50, '2013-07-24 15:32:57', '2013-07-24 15:32:57'),
(6448, 69, 58, '2013-07-24 15:32:57', '2013-07-24 15:32:57'),
(6449, 69, 60, '2013-07-24 15:32:57', '2013-07-24 15:32:57'),
(6450, 83, 59, '2013-07-24 15:59:48', '2013-07-24 15:59:48'),
(6455, 107, 73, '2013-07-24 16:24:01', '2013-07-24 16:24:01'),
(6459, 108, 74, '2013-07-24 16:54:50', '2013-07-24 16:54:50'),
(6460, 109, 75, '2013-07-24 17:39:46', '2013-07-24 17:39:46'),
(6461, 103, 68, '2013-07-24 18:21:26', '2013-07-24 18:21:26'),
(6462, 110, 68, '2013-07-24 18:24:20', '2013-07-24 18:24:20'),
(6463, 111, 68, '2013-07-24 18:35:33', '2013-07-24 18:35:33'),
(6464, 112, 76, '2013-07-24 18:51:05', '2013-07-24 18:51:05'),
(6465, 112, 58, '2013-07-24 18:51:05', '2013-07-24 18:51:05'),
(6467, 114, 77, '2013-07-25 14:38:05', '2013-07-25 14:38:05'),
(6480, 113, 76, '2013-07-25 17:17:10', '2013-07-25 17:17:10'),
(6481, 115, 62, '2013-07-25 18:40:42', '2013-07-25 18:40:42'),
(6482, 115, 49, '2013-07-25 18:40:42', '2013-07-25 18:40:42'),
(6486, 117, 79, '2013-07-26 03:44:49', '2013-07-26 03:44:49'),
(6487, 118, 80, '2013-07-26 03:50:36', '2013-07-26 03:50:36'),
(6488, 105, 70, '2013-07-26 04:35:03', '2013-07-26 04:35:03'),
(6489, 105, 71, '2013-07-26 04:35:03', '2013-07-26 04:35:03'),
(6502, 96, 54, '2013-07-26 07:09:33', '2013-07-26 07:09:33'),
(6503, 127, 67, '2013-07-26 08:31:53', '2013-07-26 08:31:53'),
(6504, 128, 54, '2013-07-26 09:03:04', '2013-07-26 09:03:04'),
(6505, 129, 69, '2013-07-26 12:05:33', '2013-07-26 12:05:33'),
(6506, 130, 69, '2013-07-26 12:12:22', '2013-07-26 12:12:22'),
(6512, 136, 54, '2013-07-26 12:36:00', '2013-07-26 12:36:00'),
(6519, 138, 54, '2013-07-26 13:09:19', '2013-07-26 13:09:19'),
(6529, 140, 54, '2013-07-26 14:35:48', '2013-07-26 14:35:48'),
(6530, 141, 54, '2013-07-26 14:37:20', '2013-07-26 14:37:20'),
(6531, 141, 52, '2013-07-26 14:37:20', '2013-07-26 14:37:20'),
(6532, 142, 81, '2013-07-26 15:23:31', '2013-07-26 15:23:31'),
(6533, 142, 82, '2013-07-26 15:23:31', '2013-07-26 15:23:31'),
(6534, 143, 69, '2013-07-26 16:05:06', '2013-07-26 16:05:06'),
(6535, 144, 54, '2013-07-26 16:06:55', '2013-07-26 16:06:55'),
(6536, 145, 54, '2013-07-26 16:09:03', '2013-07-26 16:09:03'),
(6537, 139, 54, '2013-07-26 16:14:38', '2013-07-26 16:14:38'),
(6538, 139, 54, '2013-07-26 16:14:38', '2013-07-26 16:14:38'),
(6541, 116, 83, '2013-07-26 19:50:59', '2013-07-26 19:50:59'),
(6542, 116, 84, '2013-07-26 19:50:59', '2013-07-26 19:50:59'),
(6543, 106, 72, '2013-07-26 20:05:07', '2013-07-26 20:05:07'),
(6546, 68, 50, '2013-07-26 21:51:48', '2013-07-26 21:51:48'),
(6547, 68, 58, '2013-07-26 21:51:48', '2013-07-26 21:51:48'),
(6550, 147, 60, '2013-07-26 22:05:17', '2013-07-26 22:05:17'),
(6551, 147, 85, '2013-07-26 22:05:17', '2013-07-26 22:05:17'),
(6553, 137, 54, '2013-07-27 04:44:31', '2013-07-27 04:44:31'),
(6555, 133, 52, '2013-07-27 04:47:03', '2013-07-27 04:47:03'),
(6556, 148, 54, '2013-07-27 09:33:08', '2013-07-27 09:33:08'),
(6558, 149, 86, '2013-07-27 14:50:37', '2013-07-27 14:50:37'),
(6560, 82, 61, '2013-07-27 21:10:55', '2013-07-27 21:10:55');

-- --------------------------------------------------------

--
-- Table structure for table `items_tags`
--

CREATE TABLE IF NOT EXISTS `items_tags` (
  `id` int(11) NOT NULL AUTO_INCREMENT,
  `item_id` int(11) NOT NULL,
  `tag_id` int(11) NOT NULL,
  `created` datetime NOT NULL,
  `modified` datetime NOT NULL,
  PRIMARY KEY (`id`)
) ENGINE=InnoDB  DEFAULT CHARSET=latin1 AUTO_INCREMENT=601 ;

--
-- Dumping data for table `items_tags`
--

INSERT INTO `items_tags` (`id`, `item_id`, `tag_id`, `created`, `modified`) VALUES
(5, 3, 1, '2013-07-10 04:33:12', '2013-07-10 04:33:12'),
(6, 3, 4, '2013-07-10 04:33:12', '2013-07-10 04:33:12'),
(11, 8, 5, '2013-07-10 12:05:31', '2013-07-10 12:05:31'),
(12, 9, 5, '2013-07-10 12:05:52', '2013-07-10 12:05:52'),
(13, 10, 5, '2013-07-10 12:29:50', '2013-07-10 12:29:50'),
(14, 11, 5, '2013-07-10 12:31:24', '2013-07-10 12:31:24'),
(15, 12, 6, '2013-07-10 17:23:43', '2013-07-10 17:23:43'),
(16, 13, 1, '2013-07-11 10:33:53', '2013-07-11 10:33:53'),
(17, 13, 7, '2013-07-11 10:33:53', '2013-07-11 10:33:53'),
(19, 14, 2, '2013-07-11 11:25:23', '2013-07-11 11:25:23'),
(20, 14, 3, '2013-07-11 11:25:23', '2013-07-11 11:25:23'),
(21, 14, 9, '2013-07-11 11:25:23', '2013-07-11 11:25:23'),
(22, 15, 10, '2013-07-12 12:18:57', '2013-07-12 12:18:57'),
(23, 15, 11, '2013-07-12 12:18:57', '2013-07-12 12:18:57'),
(24, 16, 12, '2013-07-12 12:19:14', '2013-07-12 12:19:14'),
(25, 16, 13, '2013-07-12 12:19:14', '2013-07-12 12:19:14'),
(26, 17, 14, '2013-07-12 12:19:48', '2013-07-12 12:19:48'),
(27, 17, 15, '2013-07-12 12:19:48', '2013-07-12 12:19:48'),
(28, 18, 16, '2013-07-12 12:19:49', '2013-07-12 12:19:49'),
(29, 18, 17, '2013-07-12 12:19:49', '2013-07-12 12:19:49'),
(30, 19, 18, '2013-07-12 12:19:50', '2013-07-12 12:19:50'),
(31, 19, 19, '2013-07-12 12:19:50', '2013-07-12 12:19:50'),
(32, 20, 20, '2013-07-12 12:19:51', '2013-07-12 12:19:51'),
(33, 20, 21, '2013-07-12 12:19:51', '2013-07-12 12:19:51'),
(34, 21, 22, '2013-07-12 12:19:52', '2013-07-12 12:19:52'),
(35, 21, 23, '2013-07-12 12:19:52', '2013-07-12 12:19:52'),
(36, 22, 24, '2013-07-12 12:19:53', '2013-07-12 12:19:53'),
(37, 22, 25, '2013-07-12 12:19:53', '2013-07-12 12:19:53'),
(38, 23, 26, '2013-07-15 05:13:14', '2013-07-15 05:13:14'),
(39, 23, 27, '2013-07-15 05:13:14', '2013-07-15 05:13:14'),
(40, 24, 26, '2013-07-15 05:27:23', '2013-07-15 05:27:23'),
(41, 24, 26, '2013-07-15 05:27:23', '2013-07-15 05:27:23'),
(42, 24, 28, '2013-07-15 05:27:23', '2013-07-15 05:27:23'),
(43, 24, 29, '2013-07-15 05:27:23', '2013-07-15 05:27:23'),
(44, 24, 30, '2013-07-15 05:27:23', '2013-07-15 05:27:23'),
(45, 24, 31, '2013-07-15 05:27:23', '2013-07-15 05:27:23'),
(46, 24, 32, '2013-07-15 05:27:23', '2013-07-15 05:27:23'),
(47, 24, 33, '2013-07-15 05:27:23', '2013-07-15 05:27:23'),
(48, 24, 26, '2013-07-15 05:27:23', '2013-07-15 05:27:23'),
(49, 24, 34, '2013-07-15 05:27:23', '2013-07-15 05:27:23'),
(50, 25, 33, '2013-07-15 06:57:42', '2013-07-15 06:57:42'),
(51, 25, 35, '2013-07-15 06:57:42', '2013-07-15 06:57:42'),
(52, 25, 34, '2013-07-15 06:57:42', '2013-07-15 06:57:42'),
(53, 26, 33, '2013-07-15 06:57:47', '2013-07-15 06:57:47'),
(54, 26, 36, '2013-07-15 06:57:47', '2013-07-15 06:57:47'),
(55, 26, 34, '2013-07-15 06:57:47', '2013-07-15 06:57:47'),
(56, 27, 33, '2013-07-15 06:57:50', '2013-07-15 06:57:50'),
(57, 27, 37, '2013-07-15 06:57:50', '2013-07-15 06:57:50'),
(58, 27, 34, '2013-07-15 06:57:50', '2013-07-15 06:57:50'),
(59, 28, 33, '2013-07-15 06:57:52', '2013-07-15 06:57:52'),
(60, 28, 38, '2013-07-15 06:57:52', '2013-07-15 06:57:52'),
(61, 28, 34, '2013-07-15 06:57:52', '2013-07-15 06:57:52'),
(62, 29, 33, '2013-07-15 06:57:59', '2013-07-15 06:57:59'),
(63, 29, 39, '2013-07-15 06:57:59', '2013-07-15 06:57:59'),
(64, 29, 34, '2013-07-15 06:57:59', '2013-07-15 06:57:59'),
(65, 30, 33, '2013-07-15 06:58:00', '2013-07-15 06:58:00'),
(66, 30, 40, '2013-07-15 06:58:00', '2013-07-15 06:58:00'),
(67, 30, 34, '2013-07-15 06:58:00', '2013-07-15 06:58:00'),
(68, 31, 33, '2013-07-15 06:58:06', '2013-07-15 06:58:06'),
(69, 31, 41, '2013-07-15 06:58:06', '2013-07-15 06:58:06'),
(70, 31, 34, '2013-07-15 06:58:06', '2013-07-15 06:58:06'),
(71, 32, 33, '2013-07-15 06:58:08', '2013-07-15 06:58:08'),
(72, 32, 42, '2013-07-15 06:58:08', '2013-07-15 06:58:08'),
(73, 32, 34, '2013-07-15 06:58:08', '2013-07-15 06:58:08'),
(74, 33, 33, '2013-07-15 06:58:12', '2013-07-15 06:58:12'),
(75, 33, 43, '2013-07-15 06:58:12', '2013-07-15 06:58:12'),
(76, 33, 34, '2013-07-15 06:58:12', '2013-07-15 06:58:12'),
(77, 34, 33, '2013-07-15 06:58:16', '2013-07-15 06:58:16'),
(78, 34, 44, '2013-07-15 06:58:16', '2013-07-15 06:58:16'),
(79, 34, 34, '2013-07-15 06:58:16', '2013-07-15 06:58:16'),
(80, 35, 45, '2013-07-15 08:24:29', '2013-07-15 08:24:29'),
(81, 35, 46, '2013-07-15 08:24:29', '2013-07-15 08:24:29'),
(82, 35, 47, '2013-07-15 08:24:29', '2013-07-15 08:24:29'),
(83, 36, 48, '2013-07-15 08:24:32', '2013-07-15 08:24:32'),
(84, 36, 49, '2013-07-15 08:24:32', '2013-07-15 08:24:32'),
(85, 36, 50, '2013-07-15 08:24:32', '2013-07-15 08:24:32'),
(86, 37, 51, '2013-07-15 08:24:34', '2013-07-15 08:24:34'),
(87, 37, 52, '2013-07-15 08:24:34', '2013-07-15 08:24:34'),
(88, 37, 53, '2013-07-15 08:24:34', '2013-07-15 08:24:34'),
(89, 38, 9, '2013-07-15 12:34:56', '2013-07-15 12:34:56'),
(90, 38, 2, '2013-07-15 12:34:56', '2013-07-15 12:34:56'),
(91, 39, 7, '2013-07-15 12:40:26', '2013-07-15 12:40:26'),
(92, 39, 1, '2013-07-15 12:40:26', '2013-07-15 12:40:26'),
(93, 13, 3, '2013-07-16 07:03:02', '2013-07-16 07:03:02'),
(99, 51, 7, '2013-07-16 10:45:51', '2013-07-16 10:45:51'),
(100, 52, 3, '2013-07-16 10:49:08', '2013-07-16 10:49:08'),
(101, 52, 1, '2013-07-16 10:49:08', '2013-07-16 10:49:08'),
(102, 53, 9, '2013-07-16 10:56:44', '2013-07-16 10:56:44'),
(106, 57, 54, '2013-07-16 11:52:44', '2013-07-16 11:52:44'),
(108, 59, 55, '2013-07-16 13:55:01', '2013-07-16 13:55:01'),
(109, 59, 56, '2013-07-16 13:55:01', '2013-07-16 13:55:01'),
(110, 59, 57, '2013-07-16 13:55:01', '2013-07-16 13:55:01'),
(115, 63, 59, '2013-07-17 04:47:51', '2013-07-17 04:47:51'),
(116, 63, 60, '2013-07-17 04:47:51', '2013-07-17 04:47:51'),
(150, 62, 58, '2013-07-17 13:27:33', '2013-07-17 13:27:33'),
(151, 62, 61, '2013-07-17 13:27:33', '2013-07-17 13:27:33'),
(213, 64, 81, '2013-07-17 16:25:39', '2013-07-17 16:25:39'),
(214, 64, 79, '2013-07-17 16:25:39', '2013-07-17 16:25:39'),
(215, 64, 80, '2013-07-17 16:25:39', '2013-07-17 16:25:39'),
(237, 65, 81, '2013-07-18 08:42:30', '2013-07-18 08:42:30'),
(238, 65, 82, '2013-07-18 08:42:30', '2013-07-18 08:42:30'),
(244, 61, 9, '2013-07-18 08:57:14', '2013-07-18 08:57:14'),
(276, 75, 92, '2013-07-18 12:34:08', '2013-07-18 12:34:08'),
(280, 78, 95, '2013-07-19 15:02:18', '2013-07-19 15:02:18'),
(281, 79, 96, '2013-07-19 15:21:36', '2013-07-19 15:21:36'),
(282, 79, 97, '2013-07-19 15:21:36', '2013-07-19 15:21:36'),
(290, 80, 98, '2013-07-19 18:26:30', '2013-07-19 18:26:30'),
(291, 80, 99, '2013-07-19 18:26:30', '2013-07-19 18:26:30'),
(307, 81, 102, '2013-07-19 23:11:40', '2013-07-19 23:11:40'),
(308, 81, 103, '2013-07-19 23:11:40', '2013-07-19 23:11:40'),
(309, 81, 104, '2013-07-19 23:11:40', '2013-07-19 23:11:40'),
(324, 67, 85, '2013-07-22 02:50:57', '2013-07-22 02:50:57'),
(325, 84, 110, '2013-07-22 02:54:31', '2013-07-22 02:54:31'),
(326, 84, 111, '2013-07-22 02:54:31', '2013-07-22 02:54:31'),
(327, 84, 112, '2013-07-22 02:54:31', '2013-07-22 02:54:31'),
(328, 84, 113, '2013-07-22 02:54:31', '2013-07-22 02:54:31'),
(341, 58, 54, '2013-07-22 12:20:27', '2013-07-22 12:20:27'),
(344, 54, 9, '2013-07-22 12:33:04', '2013-07-22 12:33:04'),
(360, 77, 94, '2013-07-22 13:04:00', '2013-07-22 13:04:00'),
(363, 89, 117, '2013-07-22 13:17:08', '2013-07-22 13:17:08'),
(365, 91, 116, '2013-07-22 14:05:34', '2013-07-22 14:05:34'),
(366, 91, 117, '2013-07-22 14:05:34', '2013-07-22 14:05:34'),
(369, 90, 115, '2013-07-22 14:39:53', '2013-07-22 14:39:53'),
(370, 92, 114, '2013-07-22 14:48:14', '2013-07-22 14:48:14'),
(371, 94, 84, '2013-07-22 18:15:24', '2013-07-22 18:15:24'),
(392, 95, 114, '2013-07-23 10:30:56', '2013-07-23 10:30:56'),
(393, 97, 118, '2013-07-23 13:34:16', '2013-07-23 13:34:16'),
(394, 97, 119, '2013-07-23 13:34:16', '2013-07-23 13:34:16'),
(395, 97, 120, '2013-07-23 13:34:16', '2013-07-23 13:34:16'),
(397, 99, 121, '2013-07-23 15:22:18', '2013-07-23 15:22:18'),
(398, 100, 121, '2013-07-23 15:49:14', '2013-07-23 15:49:14'),
(402, 102, 124, '2013-07-23 17:01:35', '2013-07-23 17:01:35'),
(403, 102, 123, '2013-07-23 17:01:35', '2013-07-23 17:01:35'),
(404, 102, 122, '2013-07-23 17:01:35', '2013-07-23 17:01:35'),
(411, 101, 122, '2013-07-23 20:56:56', '2013-07-23 20:56:56'),
(412, 101, 123, '2013-07-23 20:56:56', '2013-07-23 20:56:56'),
(413, 101, 124, '2013-07-23 20:56:56', '2013-07-23 20:56:56'),
(415, 93, 114, '2013-07-24 11:27:10', '2013-07-24 11:27:10'),
(422, 104, 129, '2013-07-24 13:14:55', '2013-07-24 13:14:55'),
(423, 104, 130, '2013-07-24 13:14:55', '2013-07-24 13:14:55'),
(424, 104, 131, '2013-07-24 13:14:55', '2013-07-24 13:14:55'),
(425, 98, 121, '2013-07-24 13:19:30', '2013-07-24 13:19:30'),
(430, 69, 86, '2013-07-24 15:32:57', '2013-07-24 15:32:57'),
(431, 69, 88, '2013-07-24 15:32:57', '2013-07-24 15:32:57'),
(432, 69, 101, '2013-07-24 15:32:57', '2013-07-24 15:32:57'),
(433, 69, 105, '2013-07-24 15:32:57', '2013-07-24 15:32:57'),
(434, 83, 108, '2013-07-24 15:59:48', '2013-07-24 15:59:48'),
(435, 83, 109, '2013-07-24 15:59:48', '2013-07-24 15:59:48'),
(442, 107, 136, '2013-07-24 16:24:00', '2013-07-24 16:24:00'),
(448, 108, 137, '2013-07-24 16:54:50', '2013-07-24 16:54:50'),
(449, 108, 139, '2013-07-24 16:54:50', '2013-07-24 16:54:50'),
(450, 109, 140, '2013-07-24 17:39:46', '2013-07-24 17:39:46'),
(451, 109, 141, '2013-07-24 17:39:46', '2013-07-24 17:39:46'),
(452, 109, 142, '2013-07-24 17:39:46', '2013-07-24 17:39:46'),
(453, 103, 125, '2013-07-24 18:21:26', '2013-07-24 18:21:26'),
(454, 103, 126, '2013-07-24 18:21:26', '2013-07-24 18:21:26'),
(455, 103, 143, '2013-07-24 18:21:26', '2013-07-24 18:21:26'),
(456, 110, 140, '2013-07-24 18:24:20', '2013-07-24 18:24:20'),
(457, 110, 144, '2013-07-24 18:24:20', '2013-07-24 18:24:20'),
(458, 110, 145, '2013-07-24 18:24:20', '2013-07-24 18:24:20'),
(459, 111, 144, '2013-07-24 18:35:33', '2013-07-24 18:35:33'),
(460, 111, 146, '2013-07-24 18:35:33', '2013-07-24 18:35:33'),
(461, 112, 147, '2013-07-24 18:51:05', '2013-07-24 18:51:05'),
(462, 112, 148, '2013-07-24 18:51:05', '2013-07-24 18:51:05'),
(463, 112, 149, '2013-07-24 18:51:05', '2013-07-24 18:51:05'),
(469, 114, 154, '2013-07-25 14:38:05', '2013-07-25 14:38:05'),
(486, 113, 147, '2013-07-25 17:17:10', '2013-07-25 17:17:10'),
(487, 113, 150, '2013-07-25 17:17:10', '2013-07-25 17:17:10'),
(488, 113, 151, '2013-07-25 17:17:10', '2013-07-25 17:17:10'),
(489, 113, 152, '2013-07-25 17:17:10', '2013-07-25 17:17:10'),
(490, 113, 153, '2013-07-25 17:17:10', '2013-07-25 17:17:10'),
(491, 115, 112, '2013-07-25 18:40:42', '2013-07-25 18:40:42'),
(492, 115, 155, '2013-07-25 18:40:42', '2013-07-25 18:40:42'),
(493, 115, 156, '2013-07-25 18:40:42', '2013-07-25 18:40:42'),
(497, 117, 159, '2013-07-26 03:44:49', '2013-07-26 03:44:49'),
(498, 117, 160, '2013-07-26 03:44:49', '2013-07-26 03:44:49'),
(499, 118, 161, '2013-07-26 03:50:36', '2013-07-26 03:50:36'),
(500, 105, 132, '2013-07-26 04:35:03', '2013-07-26 04:35:03'),
(501, 105, 133, '2013-07-26 04:35:03', '2013-07-26 04:35:03'),
(502, 105, 134, '2013-07-26 04:35:03', '2013-07-26 04:35:03'),
(514, 96, 114, '2013-07-26 07:09:33', '2013-07-26 07:09:33'),
(515, 127, 162, '2013-07-26 08:31:53', '2013-07-26 08:31:53'),
(516, 127, 163, '2013-07-26 08:31:53', '2013-07-26 08:31:53'),
(517, 128, 130, '2013-07-26 09:03:04', '2013-07-26 09:03:04'),
(518, 129, 131, '2013-07-26 12:05:33', '2013-07-26 12:05:33'),
(519, 129, 129, '2013-07-26 12:05:33', '2013-07-26 12:05:33'),
(520, 130, 131, '2013-07-26 12:12:22', '2013-07-26 12:12:22'),
(526, 136, 130, '2013-07-26 12:36:00', '2013-07-26 12:36:00'),
(535, 138, 130, '2013-07-26 13:09:19', '2013-07-26 13:09:19'),
(542, 140, 130, '2013-07-26 14:35:48', '2013-07-26 14:35:48'),
(543, 140, 129, '2013-07-26 14:35:48', '2013-07-26 14:35:48'),
(544, 141, 130, '2013-07-26 14:37:20', '2013-07-26 14:37:20'),
(545, 142, 164, '2013-07-26 15:23:31', '2013-07-26 15:23:31'),
(546, 142, 165, '2013-07-26 15:23:31', '2013-07-26 15:23:31'),
(547, 142, 166, '2013-07-26 15:23:31', '2013-07-26 15:23:31'),
(548, 143, 130, '2013-07-26 16:05:06', '2013-07-26 16:05:06'),
(549, 143, 131, '2013-07-26 16:05:06', '2013-07-26 16:05:06'),
(550, 144, 114, '2013-07-26 16:06:55', '2013-07-26 16:06:55'),
(551, 144, 94, '2013-07-26 16:06:55', '2013-07-26 16:06:55'),
(552, 145, 94, '2013-07-26 16:09:03', '2013-07-26 16:09:03'),
(553, 139, 130, '2013-07-26 16:14:38', '2013-07-26 16:14:38'),
(556, 116, 158, '2013-07-26 19:50:59', '2013-07-26 19:50:59'),
(557, 116, 167, '2013-07-26 19:50:59', '2013-07-26 19:50:59'),
(558, 106, 135, '2013-07-26 20:05:07', '2013-07-26 20:05:07'),
(559, 106, 168, '2013-07-26 20:05:07', '2013-07-26 20:05:07'),
(560, 106, 169, '2013-07-26 20:05:07', '2013-07-26 20:05:07'),
(565, 68, 86, '2013-07-26 21:51:48', '2013-07-26 21:51:48'),
(566, 68, 87, '2013-07-26 21:51:48', '2013-07-26 21:51:48'),
(567, 68, 100, '2013-07-26 21:51:48', '2013-07-26 21:51:48'),
(568, 68, 170, '2013-07-26 21:51:48', '2013-07-26 21:51:48'),
(571, 147, 171, '2013-07-26 22:05:17', '2013-07-26 22:05:17'),
(572, 147, 172, '2013-07-26 22:05:17', '2013-07-26 22:05:17'),
(573, 147, 173, '2013-07-26 22:05:17', '2013-07-26 22:05:17'),
(574, 147, 174, '2013-07-26 22:05:17', '2013-07-26 22:05:17'),
(576, 137, 130, '2013-07-27 04:44:31', '2013-07-27 04:44:31'),
(578, 133, 129, '2013-07-27 04:47:03', '2013-07-27 04:47:03'),
(579, 148, 131, '2013-07-27 09:33:08', '2013-07-27 09:33:08'),
(582, 149, 175, '2013-07-27 14:50:37', '2013-07-27 14:50:37'),
(583, 149, 176, '2013-07-27 14:50:37', '2013-07-27 14:50:37'),
(586, 82, 106, '2013-07-27 21:10:55', '2013-07-27 21:10:55'),
(587, 82, 107, '2013-07-27 21:10:55', '2013-07-27 21:10:55');

-- --------------------------------------------------------

--
-- Table structure for table `status`
--

CREATE TABLE IF NOT EXISTS `status` (
  `id` int(11) NOT NULL AUTO_INCREMENT,
  `status` varchar(700) DEFAULT NULL,
  `created` datetime DEFAULT NULL,
  `modified` datetime DEFAULT NULL,
  PRIMARY KEY (`id`)
) ENGINE=MyISAM DEFAULT CHARSET=utf8 AUTO_INCREMENT=1 ;

-- --------------------------------------------------------

--
-- Table structure for table `tags`
--

CREATE TABLE IF NOT EXISTS `tags` (
  `id` int(11) NOT NULL AUTO_INCREMENT,
  `tag_title` varchar(500) NOT NULL,
  `tag_description` text NOT NULL,
  `parent_tag` int(11) DEFAULT '0',
  `created` datetime NOT NULL,
  `modified` datetime NOT NULL,
  `user_id` int(11) NOT NULL,
  PRIMARY KEY (`id`)
) ENGINE=InnoDB  DEFAULT CHARSET=latin1 AUTO_INCREMENT=180 ;

--
-- Dumping data for table `tags`
--

INSERT INTO `tags` (`id`, `tag_title`, `tag_description`, `parent_tag`, `created`, `modified`, `user_id`) VALUES
(1, 'Tag1', '', 0, '2013-06-26 05:13:27', '2013-06-26 05:13:27', 27),
(2, 'Tag2', '', 0, '2013-06-26 05:13:27', '2013-06-26 05:13:27', 27),
(3, 'Tag3', '', 0, '2013-06-26 05:22:19', '2013-06-26 05:22:19', 27),
(4, 'Tag3', '', 0, '2013-07-10 04:33:12', '2013-07-10 04:33:12', 7),
(5, 'abc', '', NULL, '2013-07-10 12:05:31', '2013-07-10 12:05:31', 61),
(6, 'fggv', '', NULL, '2013-07-10 17:23:43', '2013-07-10 17:23:43', 38),
(7, 'abc', '', NULL, '2013-07-11 10:33:53', '2013-07-11 10:33:53', 27),
(8, 'Tag3', '', 0, '2013-07-11 10:53:30', '2013-07-11 10:53:30', 7),
(9, 'fgfg', '', NULL, '2013-07-11 11:25:23', '2013-07-11 11:25:23', 27),
(10, 'pen', '', NULL, '2013-07-12 12:18:57', '2013-07-12 12:18:57', 39),
(11, 'luxar', '', NULL, '2013-07-12 12:18:57', '2013-07-12 12:18:57', 39),
(12, 'pen', '', NULL, '2013-07-12 12:19:14', '2013-07-12 12:19:14', 39),
(13, 'luxar', '', NULL, '2013-07-12 12:19:14', '2013-07-12 12:19:14', 39),
(14, 'pen', '', NULL, '2013-07-12 12:19:48', '2013-07-12 12:19:48', 39),
(15, 'luxar', '', NULL, '2013-07-12 12:19:48', '2013-07-12 12:19:48', 39),
(16, 'pen', '', NULL, '2013-07-12 12:19:49', '2013-07-12 12:19:49', 39),
(17, 'luxar', '', NULL, '2013-07-12 12:19:49', '2013-07-12 12:19:49', 39),
(18, 'pen', '', NULL, '2013-07-12 12:19:50', '2013-07-12 12:19:50', 39),
(19, 'luxar', '', NULL, '2013-07-12 12:19:50', '2013-07-12 12:19:50', 39),
(20, 'pen', '', NULL, '2013-07-12 12:19:51', '2013-07-12 12:19:51', 39),
(21, 'luxar', '', NULL, '2013-07-12 12:19:51', '2013-07-12 12:19:51', 39),
(22, 'pen', '', NULL, '2013-07-12 12:19:52', '2013-07-12 12:19:52', 39),
(23, 'luxar', '', NULL, '2013-07-12 12:19:52', '2013-07-12 12:19:52', 39),
(24, 'pen', '', NULL, '2013-07-12 12:19:53', '2013-07-12 12:19:53', 39),
(25, 'luxar', '', NULL, '2013-07-12 12:19:53', '2013-07-12 12:19:53', 39),
(26, 'tag2', '', NULL, '2013-07-15 05:13:14', '2013-07-15 05:13:14', 64),
(27, '1', '', NULL, '2013-07-15 05:13:14', '2013-07-15 05:13:14', 64),
(28, 'test', '', NULL, '2013-07-15 05:27:23', '2013-07-15 05:27:23', 64),
(29, 'test3', '', NULL, '2013-07-15 05:27:23', '2013-07-15 05:27:23', 64),
(30, 'test4', '', NULL, '2013-07-15 05:27:23', '2013-07-15 05:27:23', 64),
(31, 'test1', '', NULL, '2013-07-15 05:27:23', '2013-07-15 05:27:23', 64),
(32, 'tea6', '', NULL, '2013-07-15 05:27:23', '2013-07-15 05:27:23', 64),
(33, 'hfjf', '', NULL, '2013-07-15 05:27:23', '2013-07-15 05:27:23', 64),
(34, 'h1', '', NULL, '2013-07-15 05:27:23', '2013-07-15 05:27:23', 64),
(35, 'hello', '', NULL, '2013-07-15 06:57:42', '2013-07-15 06:57:42', 64),
(36, 'hello', '', NULL, '2013-07-15 06:57:47', '2013-07-15 06:57:47', 64),
(37, 'hello', '', NULL, '2013-07-15 06:57:50', '2013-07-15 06:57:50', 64),
(38, 'hello', '', NULL, '2013-07-15 06:57:52', '2013-07-15 06:57:52', 64),
(39, 'hello', '', NULL, '2013-07-15 06:57:59', '2013-07-15 06:57:59', 64),
(40, 'hello', '', NULL, '2013-07-15 06:58:00', '2013-07-15 06:58:00', 64),
(41, 'hello', '', NULL, '2013-07-15 06:58:06', '2013-07-15 06:58:06', 64),
(42, 'hello', '', NULL, '2013-07-15 06:58:08', '2013-07-15 06:58:08', 64),
(43, 'hello', '', NULL, '2013-07-15 06:58:12', '2013-07-15 06:58:12', 64),
(44, 'hello', '', NULL, '2013-07-15 06:58:16', '2013-07-15 06:58:16', 64),
(45, 'hello', '', NULL, '2013-07-15 08:24:29', '2013-07-15 08:24:29', 67),
(46, 'hi', '', NULL, '2013-07-15 08:24:29', '2013-07-15 08:24:29', 67),
(47, 'hi', '', NULL, '2013-07-15 08:24:29', '2013-07-15 08:24:29', 67),
(48, 'hello', '', NULL, '2013-07-15 08:24:32', '2013-07-15 08:24:32', 67),
(49, 'hi', '', NULL, '2013-07-15 08:24:32', '2013-07-15 08:24:32', 67),
(50, 'hi', '', NULL, '2013-07-15 08:24:32', '2013-07-15 08:24:32', 67),
(51, 'hello', '', NULL, '2013-07-15 08:24:34', '2013-07-15 08:24:34', 67),
(52, 'hi', '', NULL, '2013-07-15 08:24:34', '2013-07-15 08:24:34', 67),
(53, 'hi', '', NULL, '2013-07-15 08:24:34', '2013-07-15 08:24:34', 67),
(54, 'bdhdbx', '', NULL, '2013-07-16 11:52:44', '2013-07-16 11:52:44', 27),
(55, 'pen', '', NULL, '2013-07-16 13:55:01', '2013-07-16 13:55:01', 73),
(56, 'luxar', '', NULL, '2013-07-16 13:55:01', '2013-07-16 13:55:01', 73),
(57, 'ball pen', '', NULL, '2013-07-16 13:55:01', '2013-07-16 13:55:01', 73),
(62, 'Tag3', '', 0, '2013-07-17 12:54:55', '2013-07-17 12:54:55', 7),
(63, 'Tag3', '', 0, '2013-07-17 12:55:36', '2013-07-17 12:55:36', 7),
(64, 'Tag3', '', 0, '2013-07-17 12:56:49', '2013-07-17 12:56:49', 7),
(65, 'Tag3', '', 0, '2013-07-17 12:57:26', '2013-07-17 12:57:26', 7),
(66, 'Tag3', '', 0, '2013-07-17 12:58:07', '2013-07-17 12:58:07', 7),
(67, 'Tag3', '', 0, '2013-07-17 12:59:58', '2013-07-17 12:59:58', 7),
(68, 'Tag3', '', 0, '2013-07-17 13:00:00', '2013-07-17 13:00:00', 7),
(69, 'Tag3', '', 0, '2013-07-17 13:01:56', '2013-07-17 13:01:56', 7),
(70, 'Tag3', '', 0, '2013-07-17 13:02:08', '2013-07-17 13:02:08', 7),
(71, 'Tag3', '', 0, '2013-07-17 13:02:21', '2013-07-17 13:02:21', 7),
(72, 'Tag3', '', 0, '2013-07-17 13:03:18', '2013-07-17 13:03:18', 7),
(73, 'Tag3', '', 0, '2013-07-17 13:03:53', '2013-07-17 13:03:53', 7),
(74, 'Tag3', '', 0, '2013-07-17 13:04:51', '2013-07-17 13:04:51', 7),
(75, 'Tag3', '', 0, '2013-07-17 13:06:38', '2013-07-17 13:06:38', 7),
(76, 'Tag3', '', 0, '2013-07-17 13:06:40', '2013-07-17 13:06:40', 7),
(77, 'Tag3', '', 0, '2013-07-17 13:08:35', '2013-07-17 13:08:35', 7),
(78, 'html', '', NULL, '2013-07-17 14:04:06', '2013-07-17 14:04:06', 74),
(79, 'dhtml', '', NULL, '2013-07-17 14:04:06', '2013-07-17 14:04:06', 74),
(80, 'image', '', NULL, '2013-07-17 14:04:06', '2013-07-17 14:04:06', 74),
(81, 'Hypertwxt', '', NULL, '2013-07-17 14:04:06', '2013-07-17 14:04:06', 74),
(82, 'bga hwnpa', '', NULL, '2013-07-17 16:32:31', '2013-07-17 16:32:31', 74),
(83, 'water', '', NULL, '2013-07-17 18:47:11', '2013-07-17 18:47:11', 73),
(84, 'bottle', '', NULL, '2013-07-17 18:47:11', '2013-07-17 18:47:11', 73),
(85, 'Coach', '', NULL, '2013-07-17 18:48:52', '2013-07-17 18:48:52', 31),
(86, 'Guitar', '', NULL, '2013-07-17 18:50:06', '2013-07-17 18:50:06', 41),
(87, 'Acoustic', '', NULL, '2013-07-17 19:00:37', '2013-07-17 19:00:37', 41),
(88, 'Gibson', '', NULL, '2013-07-17 19:02:39', '2013-07-17 19:02:39', 41),
(89, 'dell laptop', '', NULL, '2013-07-18 09:02:53', '2013-07-18 09:02:53', 27),
(90, 'Dell tft', '', NULL, '2013-07-18 09:32:32', '2013-07-18 09:32:32', 27),
(91, 'hello', '', NULL, '2013-07-18 09:32:32', '2013-07-18 09:32:32', 27),
(92, 'hdhd', '', NULL, '2013-07-18 12:32:42', '2013-07-18 12:32:42', 27),
(93, 'keyboard', '', NULL, '2013-07-19 12:48:47', '2013-07-19 12:48:47', 113),
(94, 'test', '', NULL, '2013-07-19 13:04:37', '2013-07-19 13:04:37', 27),
(96, 'test', '', NULL, '2013-07-19 15:21:36', '2013-07-19 15:21:36', 114),
(97, 'testing', '', NULL, '2013-07-19 15:21:36', '2013-07-19 15:21:36', 114),
(98, 'Chair', '', NULL, '2013-07-19 18:24:16', '2013-07-19 18:24:16', 115),
(99, 'Chair1', '', NULL, '2013-07-19 18:25:10', '2013-07-19 18:25:10', 115),
(100, 'Martin', '', NULL, '2013-07-19 22:51:14', '2013-07-19 22:51:14', 41),
(101, 'Vintage', '', NULL, '2013-07-19 22:53:42', '2013-07-19 22:53:42', 41),
(102, 'Art', '', NULL, '2013-07-19 22:59:04', '2013-07-19 22:59:04', 41),
(103, 'Ceramic', '', NULL, '2013-07-19 22:59:04', '2013-07-19 22:59:04', 41),
(104, 'Vase', '', NULL, '2013-07-19 22:59:04', '2013-07-19 22:59:04', 41),
(105, 'Heritage', '', NULL, '2013-07-20 15:03:48', '2013-07-20 15:03:48', 41),
(106, 'Motorcycle', '', NULL, '2013-07-20 15:30:10', '2013-07-20 15:30:10', 41),
(107, 'Harley Davidson', '', NULL, '2013-07-20 15:30:10', '2013-07-20 15:30:10', 41),
(108, 'Art', '', NULL, '2013-07-22 01:08:15', '2013-07-22 01:08:15', 41),
(109, 'Asia', '', NULL, '2013-07-22 01:08:15', '2013-07-22 01:08:15', 41),
(110, 'Shoes', '', NULL, '2013-07-22 02:48:23', '2013-07-22 02:48:23', 31),
(111, 'Converse', '', NULL, '2013-07-22 02:48:23', '2013-07-22 02:48:23', 31),
(112, 'Sneakers', '', NULL, '2013-07-22 02:54:31', '2013-07-22 02:54:31', 31),
(113, 'Purple', '', NULL, '2013-07-22 02:54:31', '2013-07-22 02:54:31', 31),
(114, 'Hello test', '', NULL, '2013-07-22 12:45:09', '2013-07-22 12:45:09', 27),
(115, 'vinay tesy', '', NULL, '2013-07-22 12:46:27', '2013-07-22 12:46:27', 27),
(116, 'dell screen', '', NULL, '2013-07-22 13:14:14', '2013-07-22 13:14:14', 112),
(117, 'tft', '', NULL, '2013-07-22 13:16:48', '2013-07-22 13:16:48', 112),
(118, 'keyboard', '', NULL, '2013-07-23 13:34:16', '2013-07-23 13:34:16', 73),
(119, 'macbook', '', NULL, '2013-07-23 13:34:16', '2013-07-23 13:34:16', 73),
(120, 'apple keyboard', '', NULL, '2013-07-23 13:34:16', '2013-07-23 13:34:16', 73),
(121, 'bottle', '', NULL, '2013-07-23 14:26:04', '2013-07-23 14:26:04', 63),
(122, 'Elvis', '', NULL, '2013-07-23 16:58:47', '2013-07-23 16:58:47', 78),
(123, 'preslay', '', NULL, '2013-07-23 16:58:47', '2013-07-23 16:58:47', 78),
(124, 'U.S.', '', NULL, '2013-07-23 16:58:47', '2013-07-23 16:58:47', 78),
(125, 'Starbucks', '', NULL, '2013-07-23 17:38:24', '2013-07-23 17:38:24', 41),
(126, 'Card', '', NULL, '2013-07-23 17:38:24', '2013-07-23 17:38:24', 41),
(127, 'Green', '', NULL, '2013-07-23 20:24:09', '2013-07-23 20:24:09', 41),
(128, 'Coffee', '', NULL, '2013-07-23 20:24:09', '2013-07-23 20:24:09', 41),
(129, 'Micromax', '', NULL, '2013-07-24 11:46:26', '2013-07-24 11:46:26', 27),
(130, 'router', '', NULL, '2013-07-24 11:46:26', '2013-07-24 11:46:26', 27),
(131, 'wifi', '', NULL, '2013-07-24 11:46:26', '2013-07-24 11:46:26', 27),
(132, 'monitor', '', NULL, '2013-07-24 13:09:27', '2013-07-24 13:09:27', 63),
(133, 'lcd', '', NULL, '2013-07-24 13:09:27', '2013-07-24 13:09:27', 63),
(134, 'liquid cristal display', '', NULL, '2013-07-24 13:09:27', '2013-07-24 13:09:27', 63),
(135, 'lamp', '', NULL, '2013-07-24 15:12:56', '2013-07-24 15:12:56', 41),
(136, 'wire', '', NULL, '2013-07-24 15:29:11', '2013-07-24 15:29:11', 120),
(137, 'Wine', '', NULL, '2013-07-24 16:49:44', '2013-07-24 16:49:44', 41),
(138, 'Chardonnay', '', NULL, '2013-07-24 16:49:44', '2013-07-24 16:49:44', 41),
(139, 'Zinfandel', '', NULL, '2013-07-24 16:54:50', '2013-07-24 16:54:50', 41),
(140, 'Book', '', NULL, '2013-07-24 17:39:46', '2013-07-24 17:39:46', 41),
(141, 'Education', '', NULL, '2013-07-24 17:39:46', '2013-07-24 17:39:46', 41),
(142, 'Startups', '', NULL, '2013-07-24 17:39:46', '2013-07-24 17:39:46', 41),
(143, 'Los Angeles', '', NULL, '2013-07-24 18:21:26', '2013-07-24 18:21:26', 41),
(144, 'Starbucks', '', NULL, '2013-07-24 18:24:20', '2013-07-24 18:24:20', 41),
(145, 'Hawaii', '', NULL, '2013-07-24 18:24:20', '2013-07-24 18:24:20', 41),
(146, 'Canada', '', NULL, '2013-07-24 18:35:33', '2013-07-24 18:35:33', 41),
(147, 'Mercedes Benz', '', NULL, '2013-07-24 18:51:05', '2013-07-24 18:51:05', 41),
(148, 'Exotic car', '', NULL, '2013-07-24 18:51:05', '2013-07-24 18:51:05', 41),
(149, 'AMG', '', NULL, '2013-07-24 18:51:05', '2013-07-24 18:51:05', 41),
(150, 'Gullwing', '', NULL, '2013-07-24 18:59:09', '2013-07-24 18:59:09', 41),
(151, '300 SL', '', NULL, '2013-07-24 18:59:09', '2013-07-24 18:59:09', 41),
(152, 'Silver', '', NULL, '2013-07-24 18:59:09', '2013-07-24 18:59:09', 41),
(153, 'Barrett Jackson', '', NULL, '2013-07-24 18:59:09', '2013-07-24 18:59:09', 41),
(154, 'photos', '', NULL, '2013-07-25 14:38:05', '2013-07-25 14:38:05', 121),
(155, 'Puma', '', NULL, '2013-07-25 18:40:42', '2013-07-25 18:40:42', 31),
(156, 'electric blue', '', NULL, '2013-07-25 18:40:42', '2013-07-25 18:40:42', 31),
(157, 'human flesh', '', NULL, '2013-07-25 20:27:11', '2013-07-25 20:27:11', 41),
(158, 'ducks', '', NULL, '2013-07-25 20:33:34', '2013-07-25 20:33:34', 41),
(159, 'keyboard', '', NULL, '2013-07-26 03:44:49', '2013-07-26 03:44:49', 120),
(160, 'mac', '', NULL, '2013-07-26 03:44:49', '2013-07-26 03:44:49', 120),
(161, 'phone', '', NULL, '2013-07-26 03:50:36', '2013-07-26 03:50:36', 120),
(162, 'beatles', '', NULL, '2013-07-26 08:31:53', '2013-07-26 08:31:53', 78),
(163, 'rubber soul', '', NULL, '2013-07-26 08:31:53', '2013-07-26 08:31:53', 78),
(164, 'chair', '', NULL, '2013-07-26 15:23:31', '2013-07-26 15:23:31', 62),
(165, 'black', '', NULL, '2013-07-26 15:23:31', '2013-07-26 15:23:31', 62),
(166, 'arm rest', '', NULL, '2013-07-26 15:23:31', '2013-07-26 15:23:31', 62),
(167, 'rubber ducky', '', NULL, '2013-07-26 19:48:39', '2013-07-26 19:48:39', 41),
(168, 'decor', '', NULL, '2013-07-26 20:05:07', '2013-07-26 20:05:07', 41),
(169, 'elephant', '', NULL, '2013-07-26 20:05:07', '2013-07-26 20:05:07', 41),
(170, 'Black', '', NULL, '2013-07-26 21:49:58', '2013-07-26 21:49:58', 41),
(171, '1958', '', NULL, '2013-07-26 22:05:17', '2013-07-26 22:05:17', 41),
(172, 'Gibson', '', NULL, '2013-07-26 22:05:17', '2013-07-26 22:05:17', 41),
(173, 'Acoustic', '', NULL, '2013-07-26 22:05:17', '2013-07-26 22:05:17', 41),
(174, 'Sunburst', '', NULL, '2013-07-26 22:05:17', '2013-07-26 22:05:17', 41),
(175, 'bug', '', NULL, '2013-07-27 14:49:53', '2013-07-27 14:49:53', 129),
(176, 'creepy', '', NULL, '2013-07-27 14:49:53', '2013-07-27 14:49:53', 129),
(177, 'bike keys', '', NULL, '2013-07-29 09:50:22', '2013-07-29 09:50:22', 113),
(178, 'mobile phone', '', NULL, '2013-07-29 10:02:48', '2013-07-29 10:02:48', 113),
(179, 'Mobile phone', '', NULL, '2013-07-29 10:03:43', '2013-07-29 10:03:43', 113);

-- --------------------------------------------------------

--
-- Table structure for table `users`
--

CREATE TABLE IF NOT EXISTS `users` (
  `id` int(11) NOT NULL AUTO_INCREMENT,
  `user_name` varchar(500) DEFAULT NULL,
  `email` varchar(500) DEFAULT NULL,
  `gid` varchar(100) DEFAULT NULL,
  `fbid` varchar(100) DEFAULT NULL,
  `login_type` tinyint(4) DEFAULT '3' COMMENT '1: google+ reg, 2: facebook reg, 3: website reg',
  `password` varchar(500) DEFAULT NULL,
  `smuser` tinyint(4) DEFAULT '1' COMMENT '1: general user, 2: Social Medai User',
  `created` datetime DEFAULT NULL,
  `modified` datetime DEFAULT NULL,
  PRIMARY KEY (`id`)
) ENGINE=MyISAM  DEFAULT CHARSET=utf8 AUTO_INCREMENT=131 ;

--
-- Dumping data for table `users`
--

INSERT INTO `users` (`id`, `user_name`, `email`, `gid`, `fbid`, `login_type`, `password`, `smuser`, `created`, `modified`) VALUES
(1, 'munish.kumar', NULL, NULL, 'FBINT001', 1, NULL, 1, '2013-06-14 06:10:00', '2013-07-25 09:39:17'),
(45, 'rishabh.facebook', 'errishabhit@gmail.com', '', NULL, 3, 'e10adc3949ba59abbe56e057f20f883e', 1, '2013-07-01 11:44:52', '2013-07-01 11:44:52'),
(2, 'munish1.kumar', 'munish1.kumar@gamail.com', 'G+12312331231', 'fb123124234234', 1, NULL, 1, '2013-06-14 08:24:55', '2013-06-14 08:24:55'),
(3, NULL, NULL, NULL, NULL, NULL, NULL, 1, '2013-06-14 11:16:37', '2013-06-14 11:16:37'),
(4, 'andtest', 'manmeet.batra@sebiz.net', '', '', NULL, NULL, 1, '2013-06-14 13:45:08', '2013-06-14 13:45:08'),
(5, NULL, NULL, NULL, NULL, NULL, NULL, 1, '2013-06-17 04:02:32', '2013-06-17 04:02:32'),
(6, NULL, NULL, NULL, NULL, NULL, NULL, 1, '2013-06-17 04:09:55', '2013-06-17 04:09:55'),
(7, '1m1unish1.kumar', 'munish.kumar.mca@gmail.com', 'GPID12312331231', 'fbId123124234234', 1, '25f9e794323b453885f5181f1b624d0b', 1, '2013-06-17 04:37:22', '2013-06-20 06:59:21'),
(8, 'andtest1', 'munish.kumar@netsmartz.net', '', '', 3, '5e91a7c12828045f777ae0ae1bf6a0f4', 1, '2013-06-17 06:40:15', '2013-06-17 06:40:15'),
(27, 'andtest5', 'manmeet.batra@netsmartz.net', '117294079740052414237', 'null', 1, 'e10adc3949ba59abbe56e057f20f883e', 1, '2013-06-18 11:49:45', '2013-07-26 14:40:31'),
(26, 'andtest4', 'manmeet.batra@netsmartz.net', '', NULL, 3, '23551ce4abc7e2d5e73cf5bbc4fad285', 1, '2013-06-18 11:45:12', '2013-06-18 11:45:12'),
(76, 'b', 's@f.fg', '', NULL, 3, 'e10adc3949ba59abbe56e057f20f883e', 1, '2013-07-17 06:39:11', '2013-07-17 06:39:11'),
(24, NULL, 'muish11.kumar@gmail.com', 'G+123456789', 'f+123456789', 2, NULL, 1, '2013-06-18 06:19:08', '2013-06-18 06:22:53'),
(114, 'Neha', 'Neha@yopmail.com', '', 'null', 3, 'c33367701511b4f6020ec61ded352059', 1, '2013-07-19 14:49:53', '2013-07-19 15:03:05'),
(29, 'andtest7', 'as@df.net', '', NULL, 3, '6c610a1222222f047bf57c1b5c4eabe7', 1, '2013-06-18 12:14:42', '2013-06-18 12:14:42'),
(111, 'Nikola', 'pechokv@yahoo.com', '', NULL, 3, '5672e5cfbac73a84cd5c625542b55616', 1, '2013-06-18 15:46:19', '2013-07-25 05:26:59'),
(31, 'GotStuff', 'christineseagren@gmail.com', '116493744935934877951', 'null', 1, '048fc5fc3cf3b4fee4ac262041e7812d', 1, '2013-06-19 18:00:24', '2013-07-22 02:56:58'),
(32, 'amitsahni', 'sahni1987@gmail.com', '', NULL, 3, '81dc9bdb52d04dc20036dbd8313ed055', 1, '2013-06-22 17:45:24', '2013-06-22 17:45:24'),
(33, 'miglani.rahul', 'miglani.rahul@gmail.com', '', NULL, 3, 'e10adc3949ba59abbe56e057f20f883e', 1, '2013-06-26 14:08:54', '2013-06-26 14:08:54'),
(34, 'andtest10', 'andtest10@sebiz.net', '', NULL, 3, '4b2927bc36ac5c4f232e72da2f0eb8bf', 1, '2013-06-26 15:32:23', '2013-06-26 15:32:23'),
(35, 'andtest11', 'andtest11@sebiz.net', '', NULL, 3, 'e603a95e39a470ae516abd2b60e23b6c', 1, '2013-06-26 15:35:30', '2013-06-26 15:35:30'),
(36, 'andtest12', 'andtest12@sebiz.net', '', NULL, 3, '848d8c3d4cda041a647a75b2a0db3799', 1, '2013-06-26 15:52:05', '2013-06-26 15:52:05'),
(37, 'rmiglani', 'rahul.miglani@netsmartz.net', '', NULL, 3, 'e10adc3949ba59abbe56e057f20f883e', 1, '2013-06-26 16:32:11', '2013-06-26 16:32:11'),
(38, 'man.facebook', 'manmeet.batra@sebiz.net', '', 'null', 3, 'e10adc3949ba59abbe56e057f20f883e', 1, '2013-06-26 17:38:49', '2013-06-26 18:41:11'),
(39, 'mig27', 'rahul.miglani@netsmartz.net', '', NULL, 3, '2100413b456c1c46a75cbd5584ff01ef', 1, '2013-06-26 18:05:04', '2013-07-23 14:06:35'),
(40, 'mig28', 'miglani.rahul@gmail.com', '', NULL, 3, 'e10adc3949ba59abbe56e057f20f883e', 1, '2013-06-26 18:26:35', '2013-06-26 18:26:35'),
(41, 'Ward', 'wardchandler@gmail.com', '108743255537758713902', '781817165', 3, '6c433254a87ddd72a2fb7954dd4b0c23', 1, '2013-06-26 21:23:47', '2013-07-26 15:48:00'),
(42, 'munish1.kumar1', 'munish1.kumar1@gamail.com', 'G+12312331231', 'fb123124234234', 1, '25d55ad283aa400af464c76d713c07ad', 1, '2013-06-27 12:18:40', '2013-06-27 12:18:39'),
(43, 'munish2.kumar2', 'munish2.kumar2@gamail.com', 'G+12312331231', 'fb123124234234', 1, '25d55ad283aa400af464c76d713c07ad', 1, '2013-06-27 12:25:41', '2013-06-27 12:25:41'),
(44, 'pecho', 'pechokv@gmail.com', '', NULL, 3, 'f60c08ac6711c00a40cf694ddfd4a54b', 1, '2013-06-27 19:47:53', '2013-06-27 19:47:53'),
(46, 'harry1', 't@r.in', '', NULL, 3, 'e10adc3949ba59abbe56e057f20f883e', 1, '2013-07-02 08:53:55', '2013-07-02 08:53:55'),
(47, 'harry2', 'harry@yop', '', 'null', 3, '01cfcd4f6b8770febfb40cb906715822', 1, '2013-07-02 10:17:52', '2013-07-02 11:18:09'),
(48, 'harry3', 'harry3@yahoo.xo', '', NULL, 3, 'c4ca4238a0b923820dcc509a6f75849b', 1, '2013-07-02 11:41:04', '2013-07-02 11:41:04'),
(49, 'udisjs', 'a@co.in', '', NULL, 3, 'c4ca4238a0b923820dcc509a6f75849b', 1, '2013-07-02 11:42:16', '2013-07-02 11:42:16'),
(50, 'gugj', 'vhg@yopmail.com', '', NULL, 3, '0dc80b5da13e811cca28b4bfd3f89fa4', 1, '2013-07-02 11:45:35', '2013-07-02 11:45:35'),
(72, 'testing139.facebook', 'testing.testing139@gmail.com', NULL, '100004998610272', 2, 'e10adc3949ba59abbe56e057f20f883e', 1, '2013-07-16 13:51:11', '2013-07-16 13:51:11'),
(73, 'mig67', 'miglani.rahul@gmail.com', NULL, '1019835136', 2, 'e10adc3949ba59abbe56e057f20f883e', 1, '2013-07-16 13:51:33', '2013-07-16 13:51:33'),
(74, 'kate', 'your@f.nm', 'null', '100004996423925', 2, 'e10adc3949ba59abbe56e057f20f883e', 1, '2013-07-17 04:33:31', '2013-07-17 16:50:53'),
(75, 'fbuu', 'fbuu@mymail.net', 'ggiidd', NULL, 1, 'd0970714757783e6cf17b26fb8e2298f', 1, '2013-07-17 04:47:16', '2013-07-17 04:47:16'),
(55, 'dolly.facebook', 'dollygarg21@gmail.com', '', NULL, 3, 'e10adc3949ba59abbe56e057f20f883e', 1, '2013-07-05 13:50:55', '2013-07-05 13:50:55'),
(56, 'dolly.facebook1', 'dollygarg21@gmail.com', '', NULL, 3, 'e10adc3949ba59abbe56e057f20f883e', 1, '2013-07-05 13:56:31', '2013-07-05 13:56:31'),
(57, 'rahul.facebook', 'miglani.rahul@gmail.com', '', NULL, 3, 'e10adc3949ba59abbe56e057f20f883e', 1, '2013-07-08 05:25:47', '2013-07-08 05:25:47'),
(58, 'amit.facebook', 'sahni1987@gmail.com', '', NULL, 3, 'e10adc3949ba59abbe56e057f20f883e', 1, '2013-07-09 16:07:48', '2013-07-09 16:07:48'),
(59, 'amit.facebook1', 'sahni1987@gmail.com', '', NULL, 3, 'e10adc3949ba59abbe56e057f20f883e', 1, '2013-07-09 16:11:21', '2013-07-09 16:11:21'),
(60, 'doly1.facebpok', 'dollygarg21@gmail.com', '', NULL, 3, 'e10adc3949ba59abbe56e057f20f883e', 1, '2013-07-10 08:23:33', '2013-07-10 08:23:33'),
(61, 'dolly4.facebook', 'dollygarg21@gmail.com', NULL, '100000803795276', 2, 'e10adc3949ba59abbe56e057f20f883e', 1, '2013-07-10 08:58:31', '2013-07-10 08:58:31'),
(62, 'rahul.google', 'rahul.miglani@netsmartz.net', '116757258958576498247', 'null', 1, 'e10adc3949ba59abbe56e057f20f883e', 1, '2013-07-10 09:02:11', '2013-07-26 15:27:16'),
(63, 'rahul.google.gmail', 'rahul.miglani@netsmartz.net', '117751889509019394376', '100004973864454', 1, 'e10adc3949ba59abbe56e057f20f883e', 1, '2013-07-10 09:45:09', '2013-07-26 04:00:10'),
(113, 'sam1', 'sam@yopmail.com', 'null', '100006351398895', 2, 'e10adc3949ba59abbe56e057f20f883e', 1, '2013-07-19 12:07:19', '2013-07-29 12:06:53'),
(77, NULL, NULL, NULL, NULL, 3, '97453f131b4556bd2d4c4dd66e016a0d', 1, '2013-07-17 18:07:06', '2013-07-17 18:07:06'),
(78, 'nik', 'pechokv@yahoo.com', '100685757022453704923', NULL, 1, '49030225c21604dc50d04c2bb2e75bb8', 1, '2013-07-17 18:11:12', '2013-07-17 18:11:12'),
(112, 'harry6', 'deep00980@yahoo.com', 'null', '100001499224106', 2, '5ac977451980d86f9a1253abc878fdae', 1, '2013-07-18 10:18:53', '2013-07-22 13:18:10'),
(115, 'Ripu', 'ripu@yopmail.com', '', 'null', 3, 'e10adc3949ba59abbe56e057f20f883e', 1, '2013-07-19 18:11:44', '2013-07-19 18:28:28'),
(116, 'andtest15', 'and@test.com', '', NULL, 3, 'e10adc3949ba59abbe56e057f20f883e', 1, '2013-07-19 18:48:45', '2013-07-19 18:48:45'),
(117, 'deepak', 'deep00980@yahoo.com', NULL, '100001499224106', 2, 'e10adc3949ba59abbe56e057f20f883e', 1, '2013-07-22 11:49:02', '2013-07-22 11:49:02'),
(118, 'kevin', 'deep00980@yahoo.com', NULL, '100001499224106', 2, 'e10adc3949ba59abbe56e057f20f883e', 1, '2013-07-22 12:09:32', '2013-07-22 12:09:32'),
(119, 'mani', 'deep00980@yahoo.com', NULL, '100001499224106', 2, 'e10adc3949ba59abbe56e057f20f883e', 1, '2013-07-22 12:12:50', '2013-07-22 12:12:50'),
(120, 'gshs', 'miglani.rahul@gmail.com', '100457612855156160165', 'null', 1, 'e10adc3949ba59abbe56e057f20f883e', 1, '2013-07-22 12:56:01', '2013-07-24 13:59:12'),
(121, 'AntiquePerfection', 'aaron@wdscentral.org', '105666177420886666647', NULL, 1, 'e7384b70ca3d4e224587ba6ca7a09b97', 1, '2013-07-23 19:45:33', '2013-07-23 19:45:33'),
(122, 'johnmc', 'rahul.miglani@sebiz.net', '102276695163311282366', '100004995493613', 2, 'e10adc3949ba59abbe56e057f20f883e', 1, '2013-07-25 16:02:36', '2013-07-25 16:09:07'),
(123, 'fbuuaa', 'fbuus@mymail.net', '', NULL, 1, 'd0970714757783e6cf17b26fb8e2298f', 1, '2013-07-26 04:13:59', '2013-07-26 04:13:59'),
(124, 'fbusuaa', 'fbuus@mymail.net', '', NULL, 1, 'd0970714757783e6cf17b26fb8e2298f', 1, '2013-07-26 04:14:57', '2013-07-26 04:14:57'),
(125, 'mkumar', 'munish.kumar@netsmartz.net', '', NULL, 3, 'e10adc3949ba59abbe56e057f20f883e', 1, '2013-07-26 04:21:32', '2013-07-26 04:21:32'),
(126, 'andtest14', 'and.test@netsmartz.net', '', NULL, 3, 'e10adc3949ba59abbe56e057f20f883e', 1, '2013-07-26 16:54:09', '2013-07-26 16:54:09'),
(127, 'andtest16', 'and.test15@gmail.com', '', NULL, 3, 'e10adc3949ba59abbe56e057f20f883e', 1, '2013-07-26 17:23:21', '2013-07-26 17:23:21'),
(128, 'andtest17', 'and.test16@netsmartz.com', '', NULL, 3, 'e10adc3949ba59abbe56e057f20f883e', 1, '2013-07-26 18:31:44', '2013-07-26 18:31:44'),
(129, 'Kelly629', 'Kellynapurski@yahoo.com', '', '528413570', 3, 'b4cc8f768c91605e85b32dcaa45491a5', 1, '2013-07-26 20:49:53', '2013-07-26 21:14:06'),
(130, 'Alissam1', 'Alissamoore321@gmail.com', '', NULL, 3, 'ccb527b861de19c645e6715eaedcc93a', 1, '2013-07-26 20:53:49', '2013-07-26 20:53:49');

-- --------------------------------------------------------

--
-- Table structure for table `user_details`
--

CREATE TABLE IF NOT EXISTS `user_details` (
  `id` int(11) NOT NULL AUTO_INCREMENT,
  `user_id` int(11) DEFAULT NULL,
  `first_name` varchar(500) DEFAULT NULL,
  `last_name` varchar(500) DEFAULT NULL,
  `gender` varchar(10) DEFAULT NULL,
  `about` text,
  `created` datetime DEFAULT NULL,
  `modified` datetime DEFAULT NULL,
  `user_type` tinyint(4) DEFAULT '1' COMMENT '1: website user, 2 : Device Users',
  `profile_pic` varchar(1024) DEFAULT NULL,
  PRIMARY KEY (`id`)
) ENGINE=MyISAM  DEFAULT CHARSET=utf8 AUTO_INCREMENT=100 ;

--
-- Dumping data for table `user_details`
--

INSERT INTO `user_details` (`id`, `user_id`, `first_name`, `last_name`, `gender`, `about`, `created`, `modified`, `user_type`, `profile_pic`) VALUES
(1, 1, NULL, NULL, NULL, NULL, '2013-06-14 06:10:00', '2013-07-01 10:57:56', 2, 'userfile_51d1135baffeb.jpg'),
(48, 45, 'Er Rishabh', 'Bhardwaj', 'male', '', '2013-07-01 11:44:53', '2013-07-01 11:44:53', 2, 'userfile_51d11e5cbadf4.jpg'),
(2, 2, 'Munish', 'Kumar', 'Male', 'Salfjsdofgsd  ,ksfksd fd f,sd lahgdf,  hellob i am munish kumar', '2013-06-14 08:24:55', '2013-06-14 08:24:55', 2, 'munish1.kumar.jpg'),
(3, 3, NULL, NULL, NULL, NULL, '2013-06-14 11:16:37', '2013-06-14 11:16:37', NULL, NULL),
(4, 4, 'Android', 'Test', 'Male', '', '2013-06-14 13:45:08', '2013-06-14 13:45:08', NULL, NULL),
(5, 5, NULL, NULL, NULL, NULL, '2013-06-17 04:02:32', '2013-06-17 04:02:32', 2, ''),
(6, 6, NULL, NULL, NULL, NULL, '2013-06-17 04:09:55', '2013-06-17 04:09:55', 2, ''),
(7, 7, 'Munish ', 'Kumar', 'Male', 'This one is from update websservice.', '2013-06-17 04:37:22', '2013-06-20 05:56:19', 2, 'munish12.kumar.jpg'),
(8, 8, 'Android', 'Test', 'Others', '', '2013-06-17 06:40:15', '2013-06-17 06:40:15', 2, ''),
(38, 35, 'andtest11', 'test', 'others', 'nothing to say', '2013-06-26 15:35:30', '2013-06-26 15:35:30', 2, 'andtest11.jpg'),
(36, 33, 'Rahul', 'Miglani', 'male', '', '2013-06-26 14:08:54', '2013-06-26 14:08:54', 2, 'miglani.rahul.jpg'),
(37, 34, 'andtest10', 'test', 'others', 'nothing to say', '2013-06-26 15:32:23', '2013-06-26 15:32:23', 2, 'andtest10.jpg'),
(35, 32, 'amit', 'sahni', 'male', '', '2013-06-22 17:45:24', '2013-06-22 17:45:24', 2, 'amitsahni.jpg'),
(33, 30, 'nikola', 'pecencic', 'male', 'test description', '2013-06-18 15:46:19', '2013-06-18 15:46:19', 2, 'Nikola.jpg'),
(34, 31, 'Christine', 'Seagren', 'Female', 'I guess you could say I have a collection of bumper stickers.', '2013-06-19 18:00:24', '2013-07-22 02:56:58', 2, 'userfile_51ec52229ef4d.jpg'),
(31, 28, 'Tina', 'Client', 'male', 'test description', '2013-06-18 11:59:27', '2013-07-03 05:10:27', 2, 'userfile_51d364e647a0d.jpg'),
(32, 29, 'fhfv', 'ghfv', 'male', '', '2013-06-18 12:14:42', '2013-06-18 12:14:42', 2, 'andtest7.jpg'),
(28, 25, 'Tina', 'Client', 'male', '', '2013-06-18 11:22:51', '2013-06-18 11:22:51', 2, ''),
(29, 26, 'Manmeet', 'Batra', 'Male', '', '2013-06-18 11:45:12', '2013-06-18 11:45:12', 2, 'andtest4.jpg'),
(30, 27, 'Manmeet', 'Batra', 'Male', 'cool person hobbies playing criket nd footbal               travling nd maling friendsl', '2013-06-18 11:49:45', '2013-07-26 14:40:31', 2, 'userfile_51f23d075512f.jpg'),
(27, 24, 'muk1', 'Kum1', 'Male1', '1dsfsdf Is It Updating?', '2013-06-18 06:19:08', '2013-06-18 06:22:53', 2, ''),
(39, 36, 'andtest12', 'testing', 'male', '', '2013-06-26 15:52:05', '2013-06-26 15:52:05', 2, 'andtest12.jpg'),
(40, 37, 'Rahul', 'Miglani', 'Male', '', '2013-06-26 16:32:11', '2013-06-26 16:32:11', 2, 'rmiglani.jpg'),
(41, 38, 'Manmeet', 'Batra', 'male', 'test description', '2013-06-26 17:38:49', '2013-06-26 18:41:11', 2, 'man.facebook.jpg'),
(42, 39, 'Rahul', 'Miglani', 'Male', '', '2013-06-26 18:05:04', '2013-06-26 18:05:04', 2, 'mig27.jpg'),
(43, 40, 'Rahul', 'Miglani', 'male', '', '2013-06-26 18:26:35', '2013-06-26 18:26:35', 2, 'mig28.jpg'),
(44, 41, 'Ward', 'Chandler', 'male', 'I collect guitars', '2013-06-26 21:23:47', '2013-07-25 20:44:30', 2, 'userfile_51f140d6cfdb7.jpg'),
(45, 42, 'Munish', 'Kumar', 'Male', 'Testing with sstatus', '2013-06-27 12:18:41', '2013-06-27 12:18:41', 2, ''),
(46, 43, 'Munish', 'Kumar', 'Male', 'Testing with sstatus', '2013-06-27 12:25:42', '2013-06-27 12:25:42', 2, ''),
(47, 44, 'Nikola', 'Pecencic', 'Male', '', '2013-06-27 19:47:53', '2013-06-27 19:47:53', 2, 'pecho.jpg'),
(49, 46, 'Hardeep', '', 'male', '', '2013-07-02 08:53:55', '2013-07-02 08:53:55', 2, 'userfile_51d247cb2a4f3.jpg'),
(50, 47, 'harry hgjj', '', 'ggf', 'ggf', '2013-07-02 10:17:52', '2013-07-02 11:15:34', 2, 'userfile_51d268fe173ef.jpg'),
(51, 48, 'harry', '', 'gdjs', '', '2013-07-02 11:41:04', '2013-07-02 11:41:04', 2, 'userfile_51d26ef850bed.jpg'),
(52, 49, 'jdjd', 'jdis', 'jjd', '', '2013-07-02 11:42:16', '2013-07-02 11:42:16', 2, 'userfile_51d26f40a86a6.jpg'),
(53, 50, 'hjb', '', 'bdb', '', '2013-07-02 11:45:35', '2013-07-02 11:45:35', 2, 'userfile_51d27007cdff0.jpg'),
(54, 51, 'Tina', 'Client', 'male', '', '2013-07-03 04:09:51', '2013-07-03 04:09:51', 2, 'userfile_51d356b570fcd.jpg'),
(55, 52, 'Tina', 'Client', 'male', '', '2013-07-03 04:19:26', '2013-07-03 04:19:26', 2, 'userfile_51d358f612d40.jpg'),
(56, 53, 'Tina', 'Client', 'male', '', '2013-07-03 04:27:32', '2013-07-03 04:27:32', 2, 'userfile_51d35adbc9518.jpg'),
(57, 54, 'Tina', 'Client', 'male', 'test description', '2013-07-03 04:36:12', '2013-07-03 04:50:38', 2, 'userfile_51d3603edd5a0.jpg'),
(58, 55, 'Dolly', 'Singla', 'female', '', '2013-07-05 13:50:55', '2013-07-05 13:50:55', 2, 'userfile_51d681e75c2c9.jpg'),
(59, 56, 'Dolly', 'Singla', 'female', '', '2013-07-05 13:56:31', '2013-07-05 13:56:31', 2, 'userfile_51d68337aceb2.jpg'),
(60, 57, 'Rahul', 'Miglani', 'male', '', '2013-07-08 05:25:47', '2013-07-08 05:25:47', 2, 'userfile_51da0003c614c.jpg'),
(61, 58, 'Sahni', 'Amit', 'male', '', '2013-07-09 16:07:48', '2013-07-09 16:07:48', 2, 'userfile_51dbe7fc4d0dd.jpg'),
(62, 59, 'Sahni', 'Amit', 'male', '', '2013-07-09 16:11:21', '2013-07-09 16:11:21', 2, 'userfile_51dbe8d1c3f3c.jpg'),
(63, 60, 'Dolly', 'Singla', 'female', '', '2013-07-10 08:23:33', '2013-07-10 08:23:33', 2, 'userfile_51dcccadcd2e7.jpg'),
(64, 61, 'Dolly', 'Singla', 'female', '', '2013-07-10 08:58:31', '2013-07-10 08:58:31', 2, 'userfile_51dcd4df9445a.jpg'),
(65, 62, 'Rahul', 'Miglani', 'Male', '', '2013-07-10 09:02:11', '2013-07-10 09:02:11', 2, 'userfile_51dcd5bb66701.jpg'),
(66, 63, 'Rahul', 'Miglani', 'Male', '', '2013-07-10 09:45:09', '2013-07-24 13:43:54', 2, 'userfile_51ef8cc2e065a.jpg'),
(67, 64, 'sam', '', 'male', 'test description', '2013-07-15 04:59:26', '2013-07-15 06:07:58', 2, 'userfile_51e3446650b35.jpg'),
(68, 65, 'Puneet', 'Singh', 'male', 'test description', '2013-07-15 06:44:09', '2013-07-15 06:49:33', 2, 'userfile_51e34e24ec886.jpg'),
(69, 66, 'Puneet', 'Singh', 'male', '', '2013-07-15 06:50:34', '2013-07-15 06:50:34', 2, 'userfile_51e34e62d575a.jpg'),
(70, 67, 'Kate', '', 'female', 'test description', '2013-07-15 08:15:13', '2013-07-15 09:14:00', 2, 'userfile_51e370007e933.jpg'),
(71, 68, 'Puneet', 'Singh', 'male', '', '2013-07-15 09:29:18', '2013-07-15 09:29:18', 2, 'userfile_51e3739661bdd.jpg'),
(72, 69, 'Kate', 'Hale', 'female', 'test description', '2013-07-15 10:08:54', '2013-07-15 10:09:31', 2, 'userfile_51e37d039e9a0.jpg'),
(73, 70, 'guh', '', 'xhf', '', '2013-07-15 10:24:39', '2013-07-15 10:24:39', 2, 'userfile_51e3808f1b6cc.jpg'),
(74, 71, 'Hardeep', 'Singh', 'male', '', '2013-07-15 11:27:53', '2013-07-15 11:27:53', 2, 'userfile_51e38f61dfcd2.jpg'),
(75, 72, 'Tina', 'Client', 'male', '', '2013-07-16 13:51:11', '2013-07-16 13:51:11', 2, 'userfile_51e50277861bd.jpg'),
(76, 73, 'Rahul', 'Miglani', 'male', '', '2013-07-16 13:51:33', '2013-07-16 13:51:33', 2, 'userfile_51e5028d21da5.jpg'),
(77, 74, 'Kate', 'Hale', 'Male', 'this is my test account.', '2013-07-17 04:33:31', '2013-07-17 16:50:53', 2, 'userfile_51e67e1571d8b.jpg'),
(78, 75, 'first name', 'last name', 'male', 'huhahuha', '2013-07-17 04:47:16', '2013-07-17 04:47:16', 2, ''),
(79, 76, '5', '', '', '', '2013-07-17 06:39:11', '2013-07-17 06:39:11', 2, 'userfile_51e5eeb79163e.jpg'),
(80, 78, 'Nikola', 'Pecencic', 'Male', '', '2013-07-17 18:11:12', '2013-07-17 18:11:12', 2, 'userfile_51e690e844c77.jpg'),
(81, 112, 'Hardeep', 'Singh', 'male', '', '2013-07-18 10:18:53', '2013-07-22 13:18:10', 2, 'userfile_51ece3ba41b21.jpg'),
(82, 113, 'Harry', 'Singh', 'male', 'Cool person', '2013-07-19 12:07:19', '2013-07-29 12:06:53', 2, 'userfile_51f60d85a1c96.jpg'),
(83, 114, 'Neha Sharma', '', 'Female', '', '2013-07-19 14:49:53', '2013-07-19 15:03:05', 2, 'userfile_51e907d103a7d.jpg'),
(84, 115, 'ripjeet', '', 'Male', '', '2013-07-19 18:11:44', '2013-07-19 18:28:28', 2, 'userfile_51e937f4d3c51.jpg'),
(85, 116, 'andtest15', '', '', '', '2013-07-19 18:48:45', '2013-07-19 18:48:45', 2, 'userfile_51e93cb5a40a4.jpg'),
(86, 117, 'Hardeep', 'Singh', 'male', '', '2013-07-22 11:49:02', '2013-07-22 11:49:02', 2, 'userfile_51ecced6ceb70.jpg'),
(87, 118, 'Hardeep', 'Singh', 'male', '', '2013-07-22 12:09:32', '2013-07-22 12:09:32', 2, 'userfile_51ecd3a45945b.jpg'),
(88, 119, 'Hardeep', 'Singh', 'male', '', '2013-07-22 12:12:50', '2013-07-22 12:12:50', 2, 'userfile_51ecd46a8ee3b.jpg'),
(89, 120, 'Rahul', 'Miglani', 'Male', '', '2013-07-22 12:56:01', '2013-07-24 13:59:12', 2, 'userfile_51ef9058aa4b2.jpg'),
(90, 121, 'Aaron', 'Chandler', 'Male', '', '2013-07-23 19:45:33', '2013-07-23 19:45:33', 2, 'userfile_51ee90058e800.jpg'),
(91, 122, 'John', 'Maclane', 'male', '', '2013-07-25 16:02:36', '2013-07-25 16:02:36', 2, 'userfile_51f0fec4b4184.jpg'),
(92, 123, 't first name', 't last name', 'male', 'huhahuha', '2013-07-26 04:13:59', '2013-07-26 04:13:59', 2, ''),
(93, 124, 't first name', 't last name', 'male', 'huhahuha', '2013-07-26 04:14:57', '2013-07-26 04:14:57', 2, ''),
(94, 125, 'Munish', 'Kumar', 'male', '', '2013-07-26 04:21:32', '2013-07-26 04:21:32', 2, 'userfile_51f1abf423132.jpg'),
(95, 126, 'andtest14', 'android', '', '', '2013-07-26 16:54:09', '2013-07-26 16:54:09', 2, 'userfile_51f25c5920a77.jpg'),
(96, 127, 'andtest16', 'android', '', '', '2013-07-26 17:23:21', '2013-07-26 17:23:21', 2, 'userfile_51f26331db010.jpg'),
(97, 128, 'andtest17', 'android', '', '', '2013-07-26 18:31:44', '2013-07-26 18:31:44', 2, 'userfile_51f273389303f.jpg'),
(98, 129, 'Kelly', 'N', 'female', '', '2013-07-26 20:49:53', '2013-07-26 21:13:14', 2, 'userfile_51f29912c8f5b.jpg'),
(99, 130, 'Alissa', 'Moore', 'female', 'Stay at home mom. I run a page on Facebook.  Come follow me at https://m.facebook.com/WereHereToOffend', '2013-07-26 20:53:49', '2013-07-26 20:53:49', 2, 'userfile_51f2948552c06.jpg');

-- --------------------------------------------------------

--
-- Table structure for table `user_searchterms`
--

CREATE TABLE IF NOT EXISTS `user_searchterms` (
  `id` int(11) NOT NULL AUTO_INCREMENT,
  `user_id` int(11) DEFAULT NULL,
  `term` text,
  `type` varchar(500) DEFAULT NULL,
  `created` datetime DEFAULT NULL,
  `modified` datetime DEFAULT NULL,
  PRIMARY KEY (`id`)
) ENGINE=MyISAM  DEFAULT CHARSET=utf8 AUTO_INCREMENT=982 ;

--
-- Dumping data for table `user_searchterms`
--

INSERT INTO `user_searchterms` (`id`, `user_id`, `term`, `type`, `created`, `modified`) VALUES
(178, 73, 'pen', NULL, '2013-07-22 09:37:40', '2013-07-22 09:37:40'),
(915, 41, 'd', NULL, '2013-07-27 01:18:31', '2013-07-27 01:18:31'),
(916, 41, 'e', NULL, '2013-07-27 01:19:41', '2013-07-27 01:19:41'),
(277, 27, 'testing', NULL, '2013-07-24 09:41:40', '2013-07-24 09:41:40'),
(214, 27, 'munish1.kumar', NULL, '2013-07-22 12:38:48', '2013-07-22 12:38:48'),
(215, 27, 'munish1.kumar', NULL, '2013-07-22 12:38:51', '2013-07-22 12:38:51'),
(941, 41, 'toy', NULL, '2013-07-27 21:02:03', '2013-07-27 21:02:03'),
(942, 41, 'Shoes', NULL, '2013-07-27 21:03:02', '2013-07-27 21:03:02'),
(943, 41, 'Motorcycle', NULL, '2013-07-27 21:03:22', '2013-07-27 21:03:22'),
(944, 41, 'e', NULL, '2013-07-28 15:28:54', '2013-07-28 15:28:54'),
(945, 41, 'e', NULL, '2013-07-28 15:28:59', '2013-07-28 15:28:59'),
(946, 41, 'b', NULL, '2013-07-28 15:29:45', '2013-07-28 15:29:45'),
(874, 27, 'ugijh', NULL, '2013-07-26 16:50:02', '2013-07-26 16:50:02'),
(873, 27, 'ugijh', NULL, '2013-07-26 16:48:23', '2013-07-26 16:48:23'),
(872, 27, 'ugijh', NULL, '2013-07-26 16:47:10', '2013-07-26 16:47:10'),
(871, 27, 'ugijh', NULL, '2013-07-26 16:46:47', '2013-07-26 16:46:47'),
(870, 27, 'hhjjhjkj', NULL, '2013-07-26 16:45:19', '2013-07-26 16:45:19'),
(868, 62, 'avfg', NULL, '2013-07-26 16:40:49', '2013-07-26 16:40:49'),
(869, 27, 'hhjjhjkj', NULL, '2013-07-26 16:44:31', '2013-07-26 16:44:31'),
(33, 27, 'Collection1', NULL, '2013-07-18 05:05:37', '2013-07-18 05:05:37'),
(34, 27, 'Collection1', NULL, '2013-07-18 05:07:59', '2013-07-18 05:07:59'),
(891, 27, 'guitar', NULL, '2013-07-26 18:42:47', '2013-07-26 18:42:47'),
(36, 27, '', NULL, '2013-07-18 10:09:09', '2013-07-18 10:09:09'),
(37, 27, '', NULL, '2013-07-18 10:09:09', '2013-07-18 10:09:09'),
(38, 27, '', NULL, '2013-07-18 10:09:42', '2013-07-18 10:09:42'),
(39, 27, '', NULL, '2013-07-18 10:09:43', '2013-07-18 10:09:43'),
(40, 27, '', NULL, '2013-07-18 10:10:36', '2013-07-18 10:10:36'),
(41, 27, '', NULL, '2013-07-18 10:10:36', '2013-07-18 10:10:36'),
(42, 27, '', NULL, '2013-07-18 10:12:00', '2013-07-18 10:12:00'),
(43, 27, '', NULL, '2013-07-18 10:12:00', '2013-07-18 10:12:00'),
(44, 27, '', NULL, '2013-07-18 10:15:30', '2013-07-18 10:15:30'),
(45, 27, '', NULL, '2013-07-18 10:15:30', '2013-07-18 10:15:30'),
(890, 27, 'Cars', NULL, '2013-07-26 18:42:38', '2013-07-26 18:42:38'),
(216, 27, 'munish1.kumar', NULL, '2013-07-22 12:39:18', '2013-07-22 12:39:18'),
(877, 62, 'collection', NULL, '2013-07-26 16:52:10', '2013-07-26 16:52:10'),
(876, 27, 'ward', NULL, '2013-07-26 16:50:27', '2013-07-26 16:50:27'),
(52, 27, 'andtest', NULL, '2013-07-18 11:18:13', '2013-07-18 11:18:13'),
(53, 27, 'collectionTitle3', NULL, '2013-07-18 11:22:21', '2013-07-18 11:22:21'),
(54, 27, 'munish1.kumar', NULL, '2013-07-18 11:24:06', '2013-07-18 11:24:06'),
(55, 27, 'munish1.kumar', NULL, '2013-07-18 11:25:28', '2013-07-18 11:25:28'),
(875, 27, 'ugijh', NULL, '2013-07-26 16:50:12', '2013-07-26 16:50:12'),
(285, 63, 'bottle', NULL, '2013-07-24 13:41:29', '2013-07-24 13:41:29'),
(947, 41, 'toy', NULL, '2013-07-28 15:30:48', '2013-07-28 15:30:48'),
(935, 41, 'e', NULL, '2013-07-27 20:59:30', '2013-07-27 20:59:30'),
(936, 41, 'd', NULL, '2013-07-27 21:00:30', '2013-07-27 21:00:30'),
(937, 41, 'd', NULL, '2013-07-27 21:00:51', '2013-07-27 21:00:51'),
(938, 41, 'd', NULL, '2013-07-27 21:00:56', '2013-07-27 21:00:56'),
(213, 27, 'munish1.kumar', NULL, '2013-07-22 12:38:44', '2013-07-22 12:38:44'),
(917, 27, 'Collection1', NULL, '2013-07-27 04:47:31', '2013-07-27 04:47:31'),
(211, 27, 'Collection1', NULL, '2013-07-22 12:38:36', '2013-07-22 12:38:36'),
(210, 27, 'Collection1', NULL, '2013-07-22 12:38:32', '2013-07-22 12:38:32'),
(76, 113, '', NULL, '2013-07-19 12:11:59', '2013-07-19 12:11:59'),
(77, 113, '', NULL, '2013-07-19 12:12:01', '2013-07-19 12:12:01'),
(78, 113, '', NULL, '2013-07-19 12:12:01', '2013-07-19 12:12:01'),
(968, 113, 'test', NULL, '2013-07-29 11:04:08', '2013-07-29 11:04:08'),
(970, 113, 'test', NULL, '2013-07-29 11:05:11', '2013-07-29 11:05:11'),
(969, 113, 'test', NULL, '2013-07-29 11:04:54', '2013-07-29 11:04:54'),
(965, 113, 'mobile', NULL, '2013-07-29 10:11:07', '2013-07-29 10:11:07'),
(966, 113, 'mobile', NULL, '2013-07-29 10:11:49', '2013-07-29 10:11:49'),
(967, 113, 'test', NULL, '2013-07-29 11:04:00', '2013-07-29 11:04:00'),
(209, 27, 'Collection1', NULL, '2013-07-22 12:38:05', '2013-07-22 12:38:05'),
(208, 27, 'testing', NULL, '2013-07-22 12:38:00', '2013-07-22 12:38:00'),
(204, 27, 'guitar', NULL, '2013-07-22 12:37:11', '2013-07-22 12:37:11'),
(205, 27, 'guitar', NULL, '2013-07-22 12:37:15', '2013-07-22 12:37:15'),
(206, 27, 'testing', NULL, '2013-07-22 12:37:20', '2013-07-22 12:37:20'),
(973, 113, 'collection1', NULL, '2013-07-29 11:06:35', '2013-07-29 11:06:35'),
(971, 113, 'collection1', NULL, '2013-07-29 11:05:24', '2013-07-29 11:05:24'),
(972, 113, 'test', NULL, '2013-07-29 11:06:09', '2013-07-29 11:06:09'),
(97, 27, '', NULL, '2013-07-19 12:56:52', '2013-07-19 12:56:52'),
(200, 27, 'guitar', NULL, '2013-07-22 12:36:43', '2013-07-22 12:36:43'),
(975, 113, 'collection1', NULL, '2013-07-29 11:08:08', '2013-07-29 11:08:08'),
(974, 113, 'mobile', NULL, '2013-07-29 11:07:58', '2013-07-29 11:07:58'),
(199, 117, 'testing', NULL, '2013-07-22 11:49:23', '2013-07-22 11:49:23'),
(198, 27, 'guitar', NULL, '2013-07-22 11:21:04', '2013-07-22 11:21:04'),
(207, 27, 'testing', NULL, '2013-07-22 12:37:37', '2013-07-22 12:37:37'),
(196, 27, 'testing', NULL, '2013-07-22 10:27:31', '2013-07-22 10:27:31'),
(976, 113, 'mobile', NULL, '2013-07-29 11:38:50', '2013-07-29 11:38:50'),
(109, 114, 'testing', NULL, '2013-07-19 14:50:07', '2013-07-19 14:50:07'),
(110, 114, 'testing', NULL, '2013-07-19 15:14:09', '2013-07-19 15:14:09'),
(111, 114, 'hardeep', NULL, '2013-07-19 15:15:59', '2013-07-19 15:15:59'),
(112, 114, '', NULL, '2013-07-19 15:17:33', '2013-07-19 15:17:33'),
(113, 114, 'testing', NULL, '2013-07-19 15:21:59', '2013-07-19 15:21:59'),
(114, 114, 't', NULL, '2013-07-19 15:22:06', '2013-07-19 15:22:06'),
(115, 114, 'abc', NULL, '2013-07-19 15:22:20', '2013-07-19 15:22:20'),
(116, 114, 'Hardeep', NULL, '2013-07-19 15:22:41', '2013-07-19 15:22:41'),
(117, 114, 'testing', NULL, '2013-07-19 15:30:31', '2013-07-19 15:30:31'),
(118, 114, 'hardeep', NULL, '2013-07-19 15:30:44', '2013-07-19 15:30:44'),
(119, 114, 'testing', NULL, '2013-07-19 15:40:58', '2013-07-19 15:40:58'),
(120, 114, 'hardeep', NULL, '2013-07-19 15:41:15', '2013-07-19 15:41:15'),
(121, 114, 'raman', NULL, '2013-07-19 15:41:37', '2013-07-19 15:41:37'),
(122, 114, 'testing', NULL, '2013-07-19 15:41:51', '2013-07-19 15:41:51'),
(123, 114, 'user', NULL, '2013-07-19 15:42:01', '2013-07-19 15:42:01'),
(124, 114, '1+%=', NULL, '2013-07-19 15:42:11', '2013-07-19 15:42:11'),
(125, 114, '+==%', NULL, '2013-07-19 15:42:28', '2013-07-19 15:42:28'),
(126, 114, 'abc', NULL, '2013-07-19 17:19:12', '2013-07-19 17:19:12'),
(127, 114, 'jfjfjf', NULL, '2013-07-19 17:20:22', '2013-07-19 17:20:22'),
(128, 114, 'testing', NULL, '2013-07-19 17:37:19', '2013-07-19 17:37:19'),
(129, 114, 'testing', NULL, '2013-07-19 17:40:51', '2013-07-19 17:40:51'),
(130, 114, 'user', NULL, '2013-07-19 17:45:24', '2013-07-19 17:45:24'),
(131, 114, 'testing', NULL, '2013-07-19 17:48:22', '2013-07-19 17:48:22'),
(132, 114, 'testing', NULL, '2013-07-19 17:49:43', '2013-07-19 17:49:43'),
(133, 114, 'testing', NULL, '2013-07-19 17:50:36', '2013-07-19 17:50:36'),
(134, 114, 'testing', NULL, '2013-07-19 17:54:15', '2013-07-19 17:54:15'),
(135, 114, 'testing', NULL, '2013-07-19 17:54:19', '2013-07-19 17:54:19'),
(136, 114, 'testing', NULL, '2013-07-19 17:54:26', '2013-07-19 17:54:26'),
(137, 114, 'hardeep', NULL, '2013-07-19 17:54:36', '2013-07-19 17:54:36'),
(138, 114, 'testing', NULL, '2013-07-19 17:55:38', '2013-07-19 17:55:38'),
(139, 114, '', NULL, '2013-07-19 17:55:43', '2013-07-19 17:55:43'),
(140, 114, 'testing', NULL, '2013-07-19 18:08:36', '2013-07-19 18:08:36'),
(141, 114, 'testing', NULL, '2013-07-19 18:08:42', '2013-07-19 18:08:42'),
(142, 114, 'abc', NULL, '2013-07-19 18:08:46', '2013-07-19 18:08:46'),
(143, 114, '+==%', NULL, '2013-07-19 18:09:20', '2013-07-19 18:09:20'),
(144, 114, 'abc', NULL, '2013-07-19 18:10:10', '2013-07-19 18:10:10'),
(145, 114, '1+%=', NULL, '2013-07-19 18:10:18', '2013-07-19 18:10:18'),
(146, 114, 'raman', NULL, '2013-07-19 18:10:32', '2013-07-19 18:10:32'),
(147, 115, 'hello', NULL, '2013-07-19 18:11:54', '2013-07-19 18:11:54'),
(148, 115, 'hello', NULL, '2013-07-19 18:12:05', '2013-07-19 18:12:05'),
(149, 115, 'hello', NULL, '2013-07-19 18:12:16', '2013-07-19 18:12:16'),
(150, 115, 'testing', NULL, '2013-07-19 18:12:36', '2013-07-19 18:12:36'),
(151, 115, 'testing', NULL, '2013-07-19 18:14:41', '2013-07-19 18:14:41'),
(152, 115, 'chair', NULL, '2013-07-19 18:26:51', '2013-07-19 18:26:51'),
(153, 114, 'testing', NULL, '2013-07-19 18:31:27', '2013-07-19 18:31:27'),
(154, 112, 'team', NULL, '2013-07-19 18:50:34', '2013-07-19 18:50:34'),
(155, 112, 'testing', NULL, '2013-07-19 18:50:41', '2013-07-19 18:50:41'),
(156, 112, 'team', NULL, '2013-07-19 18:50:54', '2013-07-19 18:50:54'),
(157, 112, 'team', NULL, '2013-07-19 18:50:58', '2013-07-19 18:50:58'),
(158, 112, 'testing', NULL, '2013-07-19 18:51:02', '2013-07-19 18:51:02'),
(159, 112, 'testing', NULL, '2013-07-19 18:51:06', '2013-07-19 18:51:06'),
(160, 112, 'testin', NULL, '2013-07-19 18:51:12', '2013-07-19 18:51:12'),
(161, 116, 'testing', NULL, '2013-07-19 18:51:24', '2013-07-19 18:51:24'),
(162, 41, 'vase', NULL, '2013-07-19 23:00:12', '2013-07-19 23:00:12'),
(163, 41, 'Scottdale', NULL, '2013-07-19 23:00:38', '2013-07-19 23:00:38'),
(164, 41, 'Scottsdale', NULL, '2013-07-19 23:00:46', '2013-07-19 23:00:46'),
(165, 41, 'Scottsdale', NULL, '2013-07-19 23:01:15', '2013-07-19 23:01:15'),
(166, 41, 'Scottsdale', NULL, '2013-07-20 15:19:05', '2013-07-20 15:19:05'),
(167, 41, 'Scottsdale', NULL, '2013-07-20 15:19:17', '2013-07-20 15:19:17'),
(168, 41, 'vase', NULL, '2013-07-20 15:19:34', '2013-07-20 15:19:34'),
(169, 41, 'Guitar', NULL, '2013-07-20 15:20:10', '2013-07-20 15:20:10'),
(170, 41, 'Signature', NULL, '2013-07-20 15:21:06', '2013-07-20 15:21:06'),
(171, 41, 'Motorcycle', NULL, '2013-07-20 15:31:00', '2013-07-20 15:31:00'),
(172, 41, 'Motorcycle', NULL, '2013-07-20 15:31:10', '2013-07-20 15:31:10'),
(173, 41, 'Motorcycle', NULL, '2013-07-20 15:31:21', '2013-07-20 15:31:21'),
(174, 41, 'Motorcycle', NULL, '2013-07-22 00:55:30', '2013-07-22 00:55:30'),
(175, 41, 'Guitar', NULL, '2013-07-22 00:55:42', '2013-07-22 00:55:42'),
(176, 31, 'shoes', NULL, '2013-07-22 02:59:17', '2013-07-22 02:59:17'),
(177, 31, 'shoes', NULL, '2013-07-22 02:59:41', '2013-07-22 02:59:41'),
(179, 73, 'pen', NULL, '2013-07-22 09:40:28', '2013-07-22 09:40:28'),
(180, 73, 'pen', NULL, '2013-07-22 09:50:45', '2013-07-22 09:50:45'),
(181, 73, 'pen', NULL, '2013-07-22 09:50:50', '2013-07-22 09:50:50'),
(914, 41, 'a', NULL, '2013-07-27 01:18:17', '2013-07-27 01:18:17'),
(910, 41, 'car', NULL, '2013-07-27 01:16:44', '2013-07-27 01:16:44'),
(911, 41, 'toy', NULL, '2013-07-27 01:17:05', '2013-07-27 01:17:05'),
(909, 41, 'vintage', NULL, '2013-07-27 01:16:21', '2013-07-27 01:16:21'),
(223, 112, 'testing', NULL, '2013-07-22 13:13:10', '2013-07-22 13:13:10'),
(224, 112, 'dwll', NULL, '2013-07-22 13:14:38', '2013-07-22 13:14:38'),
(225, 112, 'dell', NULL, '2013-07-22 13:14:43', '2013-07-22 13:14:43'),
(226, 112, 'dell', NULL, '2013-07-22 13:14:44', '2013-07-22 13:14:44'),
(227, 112, 'screen', NULL, '2013-07-22 13:14:54', '2013-07-22 13:14:54'),
(228, 112, 'tft', NULL, '2013-07-22 13:15:06', '2013-07-22 13:15:06'),
(229, 112, 'tft', NULL, '2013-07-22 13:15:10', '2013-07-22 13:15:10'),
(230, 112, 'tft', NULL, '2013-07-22 13:15:13', '2013-07-22 13:15:13'),
(231, 112, 'tft', NULL, '2013-07-22 13:15:14', '2013-07-22 13:15:14'),
(232, 112, 'tft', NULL, '2013-07-22 13:15:29', '2013-07-22 13:15:29'),
(233, 112, 'tft', NULL, '2013-07-22 13:15:40', '2013-07-22 13:15:40'),
(234, 112, 'tft', NULL, '2013-07-22 13:15:41', '2013-07-22 13:15:41'),
(235, 112, 'tft', NULL, '2013-07-22 13:15:56', '2013-07-22 13:15:56'),
(236, 27, 'guitar', NULL, '2013-07-23 06:41:54', '2013-07-23 06:41:54'),
(237, 27, 'guitar', NULL, '2013-07-23 06:42:01', '2013-07-23 06:42:01'),
(238, 27, 'guitar', NULL, '2013-07-23 06:42:31', '2013-07-23 06:42:31'),
(239, 27, 'guitar', NULL, '2013-07-23 06:42:37', '2013-07-23 06:42:37'),
(240, 27, 'guitar', NULL, '2013-07-23 06:43:09', '2013-07-23 06:43:09'),
(241, 27, 'guitar', NULL, '2013-07-23 06:46:58', '2013-07-23 06:46:58'),
(242, 27, 'guitar', NULL, '2013-07-23 06:47:16', '2013-07-23 06:47:16'),
(243, 27, 'motorcycle', NULL, '2013-07-23 06:47:35', '2013-07-23 06:47:35'),
(244, 27, 'motorcycle', NULL, '2013-07-23 06:47:43', '2013-07-23 06:47:43'),
(245, 27, 'motorcycle', NULL, '2013-07-23 06:47:56', '2013-07-23 06:47:56'),
(246, 27, 'guitar', NULL, '2013-07-23 06:48:04', '2013-07-23 06:48:04'),
(276, 27, 'testing', NULL, '2013-07-24 09:40:55', '2013-07-24 09:40:55'),
(248, 63, 'bottle', NULL, '2013-07-23 16:05:50', '2013-07-23 16:05:50'),
(249, 63, 'bottle', NULL, '2013-07-23 16:07:12', '2013-07-23 16:07:12'),
(250, 63, 'bottle', NULL, '2013-07-23 16:07:16', '2013-07-23 16:07:16'),
(251, 63, 'bottle', NULL, '2013-07-23 16:07:29', '2013-07-23 16:07:29'),
(252, 63, 'bottle', NULL, '2013-07-23 16:07:46', '2013-07-23 16:07:46'),
(253, 63, 'bottle', NULL, '2013-07-23 16:08:34', '2013-07-23 16:08:34'),
(254, 63, 'bottle', NULL, '2013-07-23 16:09:49', '2013-07-23 16:09:49'),
(256, 41, 'Guitar', NULL, '2013-07-23 16:35:50', '2013-07-23 16:35:50'),
(257, 41, 'Guitar', NULL, '2013-07-23 16:36:46', '2013-07-23 16:36:46'),
(913, 41, 'cars', NULL, '2013-07-27 01:17:46', '2013-07-27 01:17:46'),
(912, 41, 'toy', NULL, '2013-07-27 01:17:24', '2013-07-27 01:17:24'),
(907, 41, 'a', NULL, '2013-07-27 00:56:11', '2013-07-27 00:56:11'),
(261, 41, 'elvis', NULL, '2013-07-23 17:45:29', '2013-07-23 17:45:29'),
(262, 41, 'elvis', NULL, '2013-07-23 19:41:22', '2013-07-23 19:41:22'),
(263, 41, 'Scottsdale', NULL, '2013-07-23 20:19:29', '2013-07-23 20:19:29'),
(264, 41, 'car', NULL, '2013-07-23 23:05:51', '2013-07-23 23:05:51'),
(265, 41, 'car', NULL, '2013-07-23 23:05:58', '2013-07-23 23:05:58'),
(266, 41, 'car', NULL, '2013-07-23 23:06:25', '2013-07-23 23:06:25'),
(267, 41, 'guitar', NULL, '2013-07-23 23:06:38', '2013-07-23 23:06:38'),
(268, 41, 'car', NULL, '2013-07-23 23:07:16', '2013-07-23 23:07:16'),
(269, 41, 'guitar', NULL, '2013-07-23 23:07:24', '2013-07-23 23:07:24'),
(270, 41, 'Motorcycle', NULL, '2013-07-23 23:07:41', '2013-07-23 23:07:41'),
(271, 41, 'a', NULL, '2013-07-23 23:07:51', '2013-07-23 23:07:51'),
(272, 41, 'a', NULL, '2013-07-23 23:08:55', '2013-07-23 23:08:55'),
(273, 41, 'Scottsdale', NULL, '2013-07-23 23:09:20', '2013-07-23 23:09:20'),
(274, 41, 'card', NULL, '2013-07-23 23:09:34', '2013-07-23 23:09:34'),
(275, 41, 'card', NULL, '2013-07-23 23:09:39', '2013-07-23 23:09:39'),
(278, 27, 'testing', NULL, '2013-07-24 09:42:14', '2013-07-24 09:42:14'),
(279, 27, 'testing', NULL, '2013-07-24 09:43:32', '2013-07-24 09:43:32'),
(280, 27, 'testing', NULL, '2013-07-24 09:54:03', '2013-07-24 09:54:03'),
(281, 27, 'testing', NULL, '2013-07-24 09:56:46', '2013-07-24 09:56:46'),
(282, 27, 'testing', NULL, '2013-07-24 09:57:13', '2013-07-24 09:57:13'),
(287, 41, 'lamp', NULL, '2013-07-24 15:15:27', '2013-07-24 15:15:27'),
(286, 41, 'lamp', NULL, '2013-07-24 15:15:20', '2013-07-24 15:15:20'),
(288, 41, 'lamp', NULL, '2013-07-24 15:17:19', '2013-07-24 15:17:19'),
(289, 41, 'lamp', NULL, '2013-07-24 15:28:19', '2013-07-24 15:28:19'),
(290, 41, 'lamp', NULL, '2013-07-24 15:29:31', '2013-07-24 15:29:31'),
(291, 120, 'wires', NULL, '2013-07-24 15:29:38', '2013-07-24 15:29:38'),
(292, 41, 'lamp', NULL, '2013-07-24 15:29:41', '2013-07-24 15:29:41'),
(293, 120, 'wires', NULL, '2013-07-24 15:29:44', '2013-07-24 15:29:44'),
(294, 41, 'lamp', NULL, '2013-07-24 15:29:48', '2013-07-24 15:29:48'),
(295, 120, 'wires', NULL, '2013-07-24 15:29:50', '2013-07-24 15:29:50'),
(296, 41, 'lamp', NULL, '2013-07-24 15:29:52', '2013-07-24 15:29:52'),
(908, 41, 'a', NULL, '2013-07-27 01:16:11', '2013-07-27 01:16:11'),
(898, 41, 'duckie', NULL, '2013-07-26 19:45:50', '2013-07-26 19:45:50'),
(897, 41, 'a', NULL, '2013-07-26 19:45:44', '2013-07-26 19:45:44'),
(896, 41, 'a', NULL, '2013-07-26 19:45:38', '2013-07-26 19:45:38'),
(302, 120, 'wires', NULL, '2013-07-24 15:33:16', '2013-07-24 15:33:16'),
(303, 41, 'lamp', NULL, '2013-07-24 15:49:26', '2013-07-24 15:49:26'),
(304, 41, 'lamp', NULL, '2013-07-24 15:52:53', '2013-07-24 15:52:53'),
(305, 41, 'lamp', NULL, '2013-07-24 15:56:02', '2013-07-24 15:56:02'),
(306, 41, 'lamp', NULL, '2013-07-24 15:57:43', '2013-07-24 15:57:43'),
(307, 41, 'Scottsdale', NULL, '2013-07-24 15:58:23', '2013-07-24 15:58:23'),
(308, 120, 'wires', NULL, '2013-07-24 16:21:14', '2013-07-24 16:21:14'),
(309, 120, 'wires', NULL, '2013-07-24 16:21:25', '2013-07-24 16:21:25'),
(310, 120, 'wires', NULL, '2013-07-24 16:21:34', '2013-07-24 16:21:34'),
(895, 41, 'vintage', NULL, '2013-07-26 19:45:25', '2013-07-26 19:45:25'),
(313, 27, 'testing', NULL, '2013-07-24 16:38:50', '2013-07-24 16:38:50'),
(894, 41, 'duck', NULL, '2013-07-26 19:45:17', '2013-07-26 19:45:17'),
(892, 41, 'Starbucks', NULL, '2013-07-26 19:45:01', '2013-07-26 19:45:01'),
(893, 41, 'Starbucks', NULL, '2013-07-26 19:45:11', '2013-07-26 19:45:11'),
(319, 120, 'wires', NULL, '2013-07-24 16:44:58', '2013-07-24 16:44:58'),
(320, 120, 'wires', NULL, '2013-07-24 16:45:04', '2013-07-24 16:45:04'),
(321, 120, 'wires', NULL, '2013-07-24 16:45:23', '2013-07-24 16:45:23'),
(322, 120, 'wires', NULL, '2013-07-24 16:46:03', '2013-07-24 16:46:03'),
(323, 120, 'wires', NULL, '2013-07-24 16:46:57', '2013-07-24 16:46:57'),
(324, 120, 'wires', NULL, '2013-07-24 16:48:28', '2013-07-24 16:48:28'),
(325, 41, 'Starbucks', NULL, '2013-07-24 18:36:43', '2013-07-24 18:36:43'),
(326, 41, 'Starbucks', NULL, '2013-07-24 18:37:11', '2013-07-24 18:37:11'),
(327, 41, 'lp', NULL, '2013-07-24 18:37:39', '2013-07-24 18:37:39'),
(328, 41, 'lp', NULL, '2013-07-24 18:37:51', '2013-07-24 18:37:51'),
(391, 41, 'lp', NULL, '2013-07-25 17:23:56', '2013-07-25 17:23:56'),
(330, 41, 'cars', NULL, '2013-07-24 18:51:22', '2013-07-24 18:51:22'),
(331, 41, 'cars', NULL, '2013-07-24 18:51:29', '2013-07-24 18:51:29'),
(332, 41, 'cars', NULL, '2013-07-24 19:06:49', '2013-07-24 19:06:49'),
(333, 41, 'Guitar', NULL, '2013-07-24 19:07:06', '2013-07-24 19:07:06'),
(334, 120, 'wires', NULL, '2013-07-25 03:59:01', '2013-07-25 03:59:01'),
(335, 27, 'testing', NULL, '2013-07-25 06:10:40', '2013-07-25 06:10:40'),
(336, 27, 'testing', NULL, '2013-07-25 06:14:42', '2013-07-25 06:14:42'),
(337, 27, 'guitar', NULL, '2013-07-25 06:19:41', '2013-07-25 06:19:41'),
(338, 27, 'testing', NULL, '2013-07-25 06:23:11', '2013-07-25 06:23:11'),
(339, 27, 'guitar', NULL, '2013-07-25 06:23:52', '2013-07-25 06:23:52'),
(340, 27, 'guitar', NULL, '2013-07-25 06:25:06', '2013-07-25 06:25:06'),
(341, 27, 'guitar', NULL, '2013-07-25 06:25:16', '2013-07-25 06:25:16'),
(342, 27, 'guitar', NULL, '2013-07-25 06:25:29', '2013-07-25 06:25:29'),
(343, 27, 'guitar', NULL, '2013-07-25 06:25:39', '2013-07-25 06:25:39'),
(344, 27, 'motorcycle', NULL, '2013-07-25 06:25:55', '2013-07-25 06:25:55'),
(345, 27, 'motorcycle', NULL, '2013-07-25 06:26:21', '2013-07-25 06:26:21'),
(346, 27, 'motorcycle', NULL, '2013-07-25 06:26:30', '2013-07-25 06:26:30'),
(347, 27, 'motorcycle', NULL, '2013-07-25 06:26:35', '2013-07-25 06:26:35'),
(886, 127, 'ward', NULL, '2013-07-26 17:39:36', '2013-07-26 17:39:36'),
(885, 126, 'abc', NULL, '2013-07-26 16:55:20', '2013-07-26 16:55:20'),
(884, 126, 'abc', NULL, '2013-07-26 16:55:07', '2013-07-26 16:55:07'),
(883, 126, 'gjhhhj', NULL, '2013-07-26 16:54:53', '2013-07-26 16:54:53'),
(882, 62, 'car', NULL, '2013-07-26 16:52:55', '2013-07-26 16:52:55'),
(881, 62, 'ttnj', NULL, '2013-07-26 16:52:47', '2013-07-26 16:52:47'),
(880, 62, 'collecti', NULL, '2013-07-26 16:52:35', '2013-07-26 16:52:35'),
(357, 27, 'collection1', NULL, '2013-07-25 07:06:59', '2013-07-25 07:06:59'),
(358, 27, 'collection1', NULL, '2013-07-25 07:10:47', '2013-07-25 07:10:47'),
(359, 27, 'collection1', NULL, '2013-07-25 07:10:55', '2013-07-25 07:10:55'),
(360, 27, 'collection1', NULL, '2013-07-25 07:12:27', '2013-07-25 07:12:27'),
(361, 27, 'collection1', NULL, '2013-07-25 08:07:05', '2013-07-25 08:07:05'),
(362, 27, 'collection1', NULL, '2013-07-25 08:07:27', '2013-07-25 08:07:27'),
(363, 27, 'collection1', NULL, '2013-07-25 08:08:25', '2013-07-25 08:08:25'),
(368, 27, 'collection1', NULL, '2013-07-25 08:52:37', '2013-07-25 08:52:37'),
(369, 27, 'collection1', NULL, '2013-07-25 08:53:43', '2013-07-25 08:53:43'),
(370, 27, 'collection1', NULL, '2013-07-25 08:54:23', '2013-07-25 08:54:23'),
(371, 27, 'Cars', NULL, '2013-07-25 09:04:07', '2013-07-25 09:04:07'),
(372, 27, 'Cars', NULL, '2013-07-25 09:04:30', '2013-07-25 09:04:30'),
(373, 27, 'Cars', NULL, '2013-07-25 09:05:22', '2013-07-25 09:05:22'),
(374, 27, 'Cars', NULL, '2013-07-25 09:06:13', '2013-07-25 09:06:13'),
(375, 27, 'Cars', NULL, '2013-07-25 09:06:44', '2013-07-25 09:06:44'),
(376, 27, 'collection1', NULL, '2013-07-25 09:12:15', '2013-07-25 09:12:15'),
(377, 27, 'collection1', NULL, '2013-07-25 09:12:36', '2013-07-25 09:12:36'),
(378, 27, 'collection1', NULL, '2013-07-25 09:13:50', '2013-07-25 09:13:50'),
(379, 27, 'collection1', NULL, '2013-07-25 09:14:06', '2013-07-25 09:14:06'),
(380, 27, 'Cars', NULL, '2013-07-25 09:19:19', '2013-07-25 09:19:19'),
(381, 27, 'Cars', NULL, '2013-07-25 09:19:41', '2013-07-25 09:19:41'),
(382, 27, 'collection1', NULL, '2013-07-25 09:27:43', '2013-07-25 09:27:43'),
(383, 27, 'collection1', NULL, '2013-07-25 09:27:48', '2013-07-25 09:27:48'),
(384, 27, 'collection1', NULL, '2013-07-25 09:28:01', '2013-07-25 09:28:01'),
(385, 27, 'collection1', NULL, '2013-07-25 09:30:22', '2013-07-25 09:30:22'),
(386, 27, 'collection1', NULL, '2013-07-25 13:43:39', '2013-07-25 13:43:39'),
(387, 27, 'collection1', NULL, '2013-07-25 13:45:11', '2013-07-25 13:45:11'),
(388, 41, 'Guitar', NULL, '2013-07-25 16:38:21', '2013-07-25 16:38:21'),
(389, 41, 'Guitar', NULL, '2013-07-25 17:04:07', '2013-07-25 17:04:07'),
(390, 41, 'cars', NULL, '2013-07-25 17:23:15', '2013-07-25 17:23:15'),
(392, 41, 'l', NULL, '2013-07-25 17:24:45', '2013-07-25 17:24:45'),
(393, 41, 'vintage', NULL, '2013-07-25 17:25:50', '2013-07-25 17:25:50'),
(394, 41, 'photos', NULL, '2013-07-25 17:26:31', '2013-07-25 17:26:31'),
(395, 41, 'vintage', NULL, '2013-07-25 17:27:02', '2013-07-25 17:27:02'),
(396, 31, 'shoes', NULL, '2013-07-25 18:32:35', '2013-07-25 18:32:35'),
(397, 31, 'guitar', NULL, '2013-07-25 18:33:22', '2013-07-25 18:33:22'),
(398, 31, 'vintage', NULL, '2013-07-25 18:49:38', '2013-07-25 18:49:38'),
(399, 31, 'guitar', NULL, '2013-07-25 18:49:57', '2013-07-25 18:49:57'),
(400, 41, 'Shoes', NULL, '2013-07-25 18:51:15', '2013-07-25 18:51:15'),
(401, 41, 'vintage', NULL, '2013-07-25 20:23:53', '2013-07-25 20:23:53'),
(402, 41, 'duck', NULL, '2013-07-25 20:42:56', '2013-07-25 20:42:56'),
(403, 41, 'duck', NULL, '2013-07-25 20:43:15', '2013-07-25 20:43:15'),
(404, 41, 'duckie', NULL, '2013-07-25 20:43:30', '2013-07-25 20:43:30'),
(405, 41, 'car', NULL, '2013-07-25 20:45:44', '2013-07-25 20:45:44'),
(406, 120, 'guitar', NULL, '2013-07-26 03:47:17', '2013-07-26 03:47:17'),
(407, 120, 'guitar', NULL, '2013-07-26 03:47:26', '2013-07-26 03:47:26'),
(408, 120, 'wire', NULL, '2013-07-26 03:47:33', '2013-07-26 03:47:33'),
(409, 120, 'wire', NULL, '2013-07-26 03:47:36', '2013-07-26 03:47:36'),
(410, 120, 'wire', NULL, '2013-07-26 03:47:37', '2013-07-26 03:47:37'),
(411, 120, 'wires', NULL, '2013-07-26 03:47:41', '2013-07-26 03:47:41'),
(412, 120, 'guitar', NULL, '2013-07-26 03:51:42', '2013-07-26 03:51:42'),
(413, 120, 'wire', NULL, '2013-07-26 03:51:50', '2013-07-26 03:51:50'),
(414, 120, 'wire', NULL, '2013-07-26 03:52:07', '2013-07-26 03:52:07'),
(415, 63, 'guitar', NULL, '2013-07-26 04:02:47', '2013-07-26 04:02:47'),
(416, 120, 'guitar', NULL, '2013-07-26 04:03:19', '2013-07-26 04:03:19'),
(417, 120, 'guitar', NULL, '2013-07-26 04:04:14', '2013-07-26 04:04:14'),
(418, 120, 'wire', NULL, '2013-07-26 04:05:46', '2013-07-26 04:05:46'),
(419, 63, 'guitar', NULL, '2013-07-26 04:09:41', '2013-07-26 04:09:41'),
(420, 63, 'guitar', NULL, '2013-07-26 04:18:43', '2013-07-26 04:18:43'),
(421, 63, 'guitar', NULL, '2013-07-26 04:18:50', '2013-07-26 04:18:50'),
(422, 27, 'collection1', NULL, '2013-07-26 05:02:35', '2013-07-26 05:02:35'),
(423, 27, 'Cars', NULL, '2013-07-26 05:02:41', '2013-07-26 05:02:41'),
(424, 27, 'Cars', NULL, '2013-07-26 05:04:15', '2013-07-26 05:04:15'),
(425, 27, 'Cars', NULL, '2013-07-26 05:05:11', '2013-07-26 05:05:11'),
(426, 27, 'collection1', NULL, '2013-07-26 05:05:53', '2013-07-26 05:05:53'),
(427, 27, 'collection1', NULL, '2013-07-26 05:06:13', '2013-07-26 05:06:13'),
(428, 27, 'collection1', NULL, '2013-07-26 05:09:17', '2013-07-26 05:09:17'),
(429, 27, 'collection1', NULL, '2013-07-26 05:09:27', '2013-07-26 05:09:27'),
(430, 27, 'collection1', NULL, '2013-07-26 05:09:31', '2013-07-26 05:09:31'),
(431, 27, 'collection1', NULL, '2013-07-26 05:09:35', '2013-07-26 05:09:35'),
(432, 27, 'Cars', NULL, '2013-07-26 05:09:38', '2013-07-26 05:09:38'),
(433, 27, 'collection1', NULL, '2013-07-26 05:09:43', '2013-07-26 05:09:43'),
(434, 27, 'motorcycle', NULL, '2013-07-26 05:09:49', '2013-07-26 05:09:49'),
(879, 62, 'collection3', NULL, '2013-07-26 16:52:28', '2013-07-26 16:52:28'),
(436, 27, 'guitar', NULL, '2013-07-26 05:10:07', '2013-07-26 05:10:07'),
(437, 27, 'testing', NULL, '2013-07-26 05:10:16', '2013-07-26 05:10:16'),
(438, 27, 'testing', NULL, '2013-07-26 05:13:00', '2013-07-26 05:13:00'),
(439, 27, 'testing', NULL, '2013-07-26 05:15:45', '2013-07-26 05:15:45'),
(440, 27, 'guitar', NULL, '2013-07-26 05:16:29', '2013-07-26 05:16:29'),
(441, 27, 'testing', NULL, '2013-07-26 05:16:35', '2013-07-26 05:16:35'),
(442, 27, 'testing', NULL, '2013-07-26 07:11:06', '2013-07-26 07:11:06'),
(443, 27, 'guitar', NULL, '2013-07-26 07:11:09', '2013-07-26 07:11:09'),
(444, 27, 'testing', NULL, '2013-07-26 07:11:20', '2013-07-26 07:11:20'),
(445, 27, 'guitar', NULL, '2013-07-26 07:13:42', '2013-07-26 07:13:42'),
(446, 27, 'testing', NULL, '2013-07-26 07:13:55', '2013-07-26 07:13:55'),
(447, 27, 'guitar', NULL, '2013-07-26 07:14:09', '2013-07-26 07:14:09'),
(448, 27, 'guitar', NULL, '2013-07-26 09:04:58', '2013-07-26 09:04:58'),
(449, 27, 'guitar', NULL, '2013-07-26 09:06:44', '2013-07-26 09:06:44'),
(450, 27, 'guitar', NULL, '2013-07-26 09:10:40', '2013-07-26 09:10:40'),
(451, 27, 'testing', NULL, '2013-07-26 09:11:12', '2013-07-26 09:11:12'),
(452, 27, 'testing', NULL, '2013-07-26 09:17:48', '2013-07-26 09:17:48'),
(453, 27, 'testing', NULL, '2013-07-26 09:18:20', '2013-07-26 09:18:20'),
(454, 27, 'guitar', NULL, '2013-07-26 09:18:42', '2013-07-26 09:18:42'),
(455, 27, 'guitar', NULL, '2013-07-26 09:22:40', '2013-07-26 09:22:40'),
(456, 27, 'guitar', NULL, '2013-07-26 09:23:37', '2013-07-26 09:23:37'),
(457, 27, 'guitar', NULL, '2013-07-26 09:23:45', '2013-07-26 09:23:45'),
(458, 27, 'guitar', NULL, '2013-07-26 09:29:01', '2013-07-26 09:29:01'),
(459, 27, 'guitar', NULL, '2013-07-26 09:29:25', '2013-07-26 09:29:25'),
(460, 27, 'guitar', NULL, '2013-07-26 09:29:35', '2013-07-26 09:29:35'),
(461, 27, 'guitar', NULL, '2013-07-26 09:29:50', '2013-07-26 09:29:50'),
(462, 27, 'Cars', NULL, '2013-07-26 09:30:09', '2013-07-26 09:30:09'),
(463, 27, 'Cars', NULL, '2013-07-26 09:30:22', '2013-07-26 09:30:22'),
(464, 27, 'Cars', NULL, '2013-07-26 09:30:27', '2013-07-26 09:30:27'),
(465, 27, 'Cars', NULL, '2013-07-26 09:36:55', '2013-07-26 09:36:55'),
(466, 27, 'motorcycle', NULL, '2013-07-26 09:37:18', '2013-07-26 09:37:18'),
(467, 27, 'collection1', NULL, '2013-07-26 09:37:30', '2013-07-26 09:37:30'),
(468, 27, 'Collection1', NULL, '2013-07-26 09:37:55', '2013-07-26 09:37:55'),
(469, 27, 'Collection1', NULL, '2013-07-26 09:38:03', '2013-07-26 09:38:03'),
(470, 27, 'Collection1', NULL, '2013-07-26 09:38:17', '2013-07-26 09:38:17'),
(471, 27, 'testing', NULL, '2013-07-26 09:38:31', '2013-07-26 09:38:31'),
(472, 27, 'Collection1', NULL, '2013-07-26 09:41:03', '2013-07-26 09:41:03'),
(473, 27, 'testing', NULL, '2013-07-26 09:41:09', '2013-07-26 09:41:09'),
(474, 27, 'motorcycle', NULL, '2013-07-26 09:41:33', '2013-07-26 09:41:33'),
(475, 27, 'motorcycle', NULL, '2013-07-26 09:41:41', '2013-07-26 09:41:41'),
(476, 27, 'Cars', NULL, '2013-07-26 09:42:46', '2013-07-26 09:42:46'),
(477, 27, 'Collection1', NULL, '2013-07-26 09:42:59', '2013-07-26 09:42:59'),
(478, 27, 'Collection1', NULL, '2013-07-26 09:43:04', '2013-07-26 09:43:04'),
(479, 27, 'collection1', NULL, '2013-07-26 09:43:22', '2013-07-26 09:43:22'),
(480, 27, 'guitar', NULL, '2013-07-26 09:43:27', '2013-07-26 09:43:27'),
(481, 27, 'guitar', NULL, '2013-07-26 09:43:35', '2013-07-26 09:43:35'),
(482, 27, 'guitar', NULL, '2013-07-26 09:49:53', '2013-07-26 09:49:53'),
(483, 27, 'collection1', NULL, '2013-07-26 09:50:05', '2013-07-26 09:50:05'),
(484, 27, 'Cars', NULL, '2013-07-26 09:50:18', '2013-07-26 09:50:18'),
(485, 27, 'Cars', NULL, '2013-07-26 09:50:35', '2013-07-26 09:50:35'),
(486, 27, 'Cars', NULL, '2013-07-26 12:49:38', '2013-07-26 12:49:38'),
(487, 27, 'guitar', NULL, '2013-07-26 12:50:01', '2013-07-26 12:50:01'),
(488, 27, 'guitar', NULL, '2013-07-26 12:50:13', '2013-07-26 12:50:13'),
(489, 27, 'motorcycle', NULL, '2013-07-26 12:50:21', '2013-07-26 12:50:21'),
(887, 27, 'guitar', NULL, '2013-07-26 18:29:47', '2013-07-26 18:29:47'),
(888, 128, 'ward', NULL, '2013-07-26 18:31:56', '2013-07-26 18:31:56'),
(492, 27, 'guitar', NULL, '2013-07-26 12:50:39', '2013-07-26 12:50:39'),
(889, 27, 'guitar', NULL, '2013-07-26 18:36:17', '2013-07-26 18:36:17'),
(495, 27, 'motorcycle', NULL, '2013-07-26 12:51:05', '2013-07-26 12:51:05'),
(496, 27, 'munish1.kumar', NULL, '2013-07-26 12:51:15', '2013-07-26 12:51:15'),
(497, 27, 'motorcycle', NULL, '2013-07-26 12:51:21', '2013-07-26 12:51:21'),
(499, 27, 'collection1', NULL, '2013-07-26 13:02:36', '2013-07-26 13:02:36'),
(500, 27, 'collection1', NULL, '2013-07-26 13:25:19', '2013-07-26 13:25:19'),
(501, 27, 'collection1', NULL, '2013-07-26 14:30:41', '2013-07-26 14:30:41'),
(502, 27, 'collection1', NULL, '2013-07-26 14:31:52', '2013-07-26 14:31:52'),
(503, 27, 'collection1', NULL, '2013-07-26 14:34:47', '2013-07-26 14:34:47'),
(504, 27, 'collection1', NULL, '2013-07-26 14:35:03', '2013-07-26 14:35:03'),
(505, 27, 'collection1', NULL, '2013-07-26 14:35:10', '2013-07-26 14:35:10'),
(506, 27, 'collection1', NULL, '2013-07-26 14:35:21', '2013-07-26 14:35:21'),
(507, 27, 'motorcycle', NULL, '2013-07-26 14:36:12', '2013-07-26 14:36:12'),
(508, 27, 'Cars', NULL, '2013-07-26 14:37:40', '2013-07-26 14:37:40'),
(509, 27, 'guitar', NULL, '2013-07-26 14:37:49', '2013-07-26 14:37:49'),
(878, 62, 'collection2', NULL, '2013-07-26 16:52:20', '2013-07-26 16:52:20'),
(867, 62, 'helllll', NULL, '2013-07-26 16:40:32', '2013-07-26 16:40:32'),
(512, 27, 'testing', NULL, '2013-07-26 14:38:25', '2013-07-26 14:38:25'),
(513, 27, 'testing', NULL, '2013-07-26 14:38:41', '2013-07-26 14:38:41'),
(514, 27, 'guitar', NULL, '2013-07-26 14:38:46', '2013-07-26 14:38:46'),
(515, 27, 'guitar', NULL, '2013-07-26 14:44:03', '2013-07-26 14:44:03'),
(516, 27, 'Cars', NULL, '2013-07-26 14:44:15', '2013-07-26 14:44:15'),
(517, 27, 'Cars', NULL, '2013-07-26 14:48:55', '2013-07-26 14:48:55'),
(518, 27, 'Cars', NULL, '2013-07-26 14:49:00', '2013-07-26 14:49:00'),
(519, 27, 'Cars', NULL, '2013-07-26 14:49:10', '2013-07-26 14:49:10'),
(520, 27, 'testing', NULL, '2013-07-26 14:49:16', '2013-07-26 14:49:16'),
(521, 27, 'Cars', NULL, '2013-07-26 15:08:09', '2013-07-26 15:08:09'),
(522, 27, 'merce', NULL, '2013-07-26 15:08:52', '2013-07-26 15:08:52'),
(523, 27, 'merce', NULL, '2013-07-26 15:08:57', '2013-07-26 15:08:57'),
(524, 27, 'merce', NULL, '2013-07-26 15:09:06', '2013-07-26 15:09:06'),
(525, 62, 'guitar', NULL, '2013-07-26 15:15:27', '2013-07-26 15:15:27'),
(526, 62, 'guitar', NULL, '2013-07-26 15:15:55', '2013-07-26 15:15:55'),
(527, 62, 'guitar', NULL, '2013-07-26 15:16:14', '2013-07-26 15:16:14'),
(528, 62, 'guitar', NULL, '2013-07-26 15:26:21', '2013-07-26 15:26:21'),
(529, NULL, NULL, NULL, '2013-07-26 15:28:08', '2013-07-26 15:28:08'),
(530, 62, 'guitar', NULL, '2013-07-26 15:28:31', '2013-07-26 15:28:31'),
(531, 62, 'guitar', NULL, '2013-07-26 15:28:42', '2013-07-26 15:28:42'),
(532, 62, 'guitar', NULL, '2013-07-26 15:29:07', '2013-07-26 15:29:07'),
(533, NULL, NULL, NULL, '2013-07-26 15:29:09', '2013-07-26 15:29:09'),
(534, 62, 'wire', NULL, '2013-07-26 15:29:36', '2013-07-26 15:29:36'),
(535, NULL, NULL, NULL, '2013-07-26 15:29:53', '2013-07-26 15:29:53'),
(536, 62, 'wire', NULL, '2013-07-26 15:30:20', '2013-07-26 15:30:20'),
(537, 27, 'merce', NULL, '2013-07-26 15:30:46', '2013-07-26 15:30:46'),
(538, NULL, NULL, NULL, '2013-07-26 15:30:57', '2013-07-26 15:30:57'),
(539, NULL, NULL, NULL, '2013-07-26 15:31:28', '2013-07-26 15:31:28'),
(540, NULL, NULL, NULL, '2013-07-26 15:31:56', '2013-07-26 15:31:56'),
(541, NULL, NULL, NULL, '2013-07-26 15:36:26', '2013-07-26 15:36:26'),
(542, NULL, NULL, NULL, '2013-07-26 15:36:26', '2013-07-26 15:36:26'),
(543, NULL, NULL, NULL, '2013-07-26 15:36:27', '2013-07-26 15:36:27'),
(544, NULL, NULL, NULL, '2013-07-26 15:36:27', '2013-07-26 15:36:27'),
(545, NULL, NULL, NULL, '2013-07-26 15:36:27', '2013-07-26 15:36:27'),
(546, NULL, NULL, NULL, '2013-07-26 15:36:27', '2013-07-26 15:36:27'),
(547, NULL, NULL, NULL, '2013-07-26 15:36:27', '2013-07-26 15:36:27'),
(548, NULL, NULL, NULL, '2013-07-26 15:36:27', '2013-07-26 15:36:27'),
(549, NULL, NULL, NULL, '2013-07-26 15:36:27', '2013-07-26 15:36:27'),
(550, NULL, NULL, NULL, '2013-07-26 15:36:27', '2013-07-26 15:36:27'),
(551, NULL, NULL, NULL, '2013-07-26 15:36:27', '2013-07-26 15:36:27'),
(552, NULL, NULL, NULL, '2013-07-26 15:36:27', '2013-07-26 15:36:27'),
(553, NULL, NULL, NULL, '2013-07-26 15:36:27', '2013-07-26 15:36:27'),
(554, NULL, NULL, NULL, '2013-07-26 15:36:27', '2013-07-26 15:36:27'),
(555, NULL, NULL, NULL, '2013-07-26 15:36:27', '2013-07-26 15:36:27'),
(556, NULL, NULL, NULL, '2013-07-26 15:36:28', '2013-07-26 15:36:28'),
(557, NULL, NULL, NULL, '2013-07-26 15:36:28', '2013-07-26 15:36:28'),
(558, NULL, NULL, NULL, '2013-07-26 15:36:28', '2013-07-26 15:36:28'),
(559, NULL, NULL, NULL, '2013-07-26 15:36:28', '2013-07-26 15:36:28'),
(560, NULL, NULL, NULL, '2013-07-26 15:36:28', '2013-07-26 15:36:28'),
(561, NULL, NULL, NULL, '2013-07-26 15:36:28', '2013-07-26 15:36:28'),
(562, NULL, NULL, NULL, '2013-07-26 15:36:28', '2013-07-26 15:36:28'),
(563, NULL, NULL, NULL, '2013-07-26 15:36:28', '2013-07-26 15:36:28'),
(564, NULL, NULL, NULL, '2013-07-26 15:36:28', '2013-07-26 15:36:28'),
(565, NULL, NULL, NULL, '2013-07-26 15:36:28', '2013-07-26 15:36:28'),
(566, NULL, NULL, NULL, '2013-07-26 15:36:28', '2013-07-26 15:36:28'),
(567, NULL, NULL, NULL, '2013-07-26 15:37:02', '2013-07-26 15:37:02'),
(568, NULL, NULL, NULL, '2013-07-26 15:37:20', '2013-07-26 15:37:20'),
(569, 27, 'munish1.kumar', NULL, '2013-07-26 15:37:28', '2013-07-26 15:37:28'),
(570, NULL, NULL, NULL, '2013-07-26 15:37:30', '2013-07-26 15:37:30'),
(571, NULL, NULL, NULL, '2013-07-26 15:38:19', '2013-07-26 15:38:19'),
(572, NULL, NULL, NULL, '2013-07-26 15:39:05', '2013-07-26 15:39:05'),
(573, NULL, NULL, NULL, '2013-07-26 15:39:32', '2013-07-26 15:39:32'),
(574, NULL, NULL, NULL, '2013-07-26 15:39:44', '2013-07-26 15:39:44'),
(575, NULL, NULL, NULL, '2013-07-26 15:40:02', '2013-07-26 15:40:02'),
(576, NULL, NULL, NULL, '2013-07-26 15:40:08', '2013-07-26 15:40:08'),
(577, NULL, NULL, NULL, '2013-07-26 15:40:30', '2013-07-26 15:40:30'),
(578, NULL, NULL, NULL, '2013-07-26 15:40:30', '2013-07-26 15:40:30'),
(579, NULL, NULL, NULL, '2013-07-26 15:40:30', '2013-07-26 15:40:30'),
(580, NULL, NULL, NULL, '2013-07-26 15:41:14', '2013-07-26 15:41:14'),
(581, NULL, NULL, NULL, '2013-07-26 15:41:14', '2013-07-26 15:41:14'),
(582, NULL, NULL, NULL, '2013-07-26 15:41:14', '2013-07-26 15:41:14'),
(583, NULL, NULL, NULL, '2013-07-26 15:41:14', '2013-07-26 15:41:14'),
(584, NULL, NULL, NULL, '2013-07-26 15:41:14', '2013-07-26 15:41:14'),
(585, NULL, NULL, NULL, '2013-07-26 15:41:14', '2013-07-26 15:41:14'),
(586, NULL, NULL, NULL, '2013-07-26 15:41:16', '2013-07-26 15:41:16'),
(587, NULL, NULL, NULL, '2013-07-26 15:41:16', '2013-07-26 15:41:16'),
(588, NULL, NULL, NULL, '2013-07-26 15:41:16', '2013-07-26 15:41:16'),
(589, NULL, NULL, NULL, '2013-07-26 15:41:17', '2013-07-26 15:41:17'),
(590, NULL, NULL, NULL, '2013-07-26 15:41:20', '2013-07-26 15:41:20'),
(591, NULL, NULL, NULL, '2013-07-26 15:41:20', '2013-07-26 15:41:20'),
(592, NULL, NULL, NULL, '2013-07-26 15:41:20', '2013-07-26 15:41:20'),
(593, NULL, NULL, NULL, '2013-07-26 15:41:20', '2013-07-26 15:41:20'),
(594, NULL, NULL, NULL, '2013-07-26 15:41:20', '2013-07-26 15:41:20'),
(595, NULL, NULL, NULL, '2013-07-26 15:41:20', '2013-07-26 15:41:20'),
(596, NULL, NULL, NULL, '2013-07-26 15:41:20', '2013-07-26 15:41:20'),
(597, NULL, NULL, NULL, '2013-07-26 15:41:20', '2013-07-26 15:41:20'),
(598, NULL, NULL, NULL, '2013-07-26 15:41:21', '2013-07-26 15:41:21'),
(599, NULL, NULL, NULL, '2013-07-26 15:41:57', '2013-07-26 15:41:57'),
(600, NULL, NULL, NULL, '2013-07-26 15:41:57', '2013-07-26 15:41:57'),
(601, NULL, NULL, NULL, '2013-07-26 15:42:00', '2013-07-26 15:42:00'),
(602, NULL, NULL, NULL, '2013-07-26 15:42:00', '2013-07-26 15:42:00'),
(603, NULL, NULL, NULL, '2013-07-26 15:42:00', '2013-07-26 15:42:00'),
(604, NULL, NULL, NULL, '2013-07-26 15:42:01', '2013-07-26 15:42:01'),
(605, NULL, NULL, NULL, '2013-07-26 15:42:01', '2013-07-26 15:42:01'),
(606, NULL, NULL, NULL, '2013-07-26 15:42:01', '2013-07-26 15:42:01'),
(607, NULL, NULL, NULL, '2013-07-26 15:42:01', '2013-07-26 15:42:01'),
(608, NULL, NULL, NULL, '2013-07-26 15:42:01', '2013-07-26 15:42:01'),
(609, NULL, NULL, NULL, '2013-07-26 15:42:01', '2013-07-26 15:42:01'),
(610, NULL, NULL, NULL, '2013-07-26 15:42:02', '2013-07-26 15:42:02'),
(611, NULL, NULL, NULL, '2013-07-26 15:42:02', '2013-07-26 15:42:02'),
(612, NULL, NULL, NULL, '2013-07-26 15:42:02', '2013-07-26 15:42:02'),
(613, NULL, NULL, NULL, '2013-07-26 15:42:02', '2013-07-26 15:42:02'),
(614, NULL, NULL, NULL, '2013-07-26 15:43:04', '2013-07-26 15:43:04'),
(615, NULL, NULL, NULL, '2013-07-26 15:43:04', '2013-07-26 15:43:04'),
(616, NULL, NULL, NULL, '2013-07-26 15:43:04', '2013-07-26 15:43:04'),
(617, NULL, NULL, NULL, '2013-07-26 15:43:04', '2013-07-26 15:43:04'),
(618, NULL, NULL, NULL, '2013-07-26 15:43:04', '2013-07-26 15:43:04'),
(619, NULL, NULL, NULL, '2013-07-26 15:43:07', '2013-07-26 15:43:07'),
(620, NULL, NULL, NULL, '2013-07-26 15:43:07', '2013-07-26 15:43:07'),
(621, NULL, NULL, NULL, '2013-07-26 15:43:07', '2013-07-26 15:43:07'),
(622, NULL, NULL, NULL, '2013-07-26 15:43:07', '2013-07-26 15:43:07'),
(623, NULL, NULL, NULL, '2013-07-26 15:43:07', '2013-07-26 15:43:07'),
(624, NULL, NULL, NULL, '2013-07-26 15:43:07', '2013-07-26 15:43:07'),
(625, NULL, NULL, NULL, '2013-07-26 15:43:07', '2013-07-26 15:43:07'),
(626, NULL, NULL, NULL, '2013-07-26 15:43:07', '2013-07-26 15:43:07'),
(627, NULL, NULL, NULL, '2013-07-26 15:43:07', '2013-07-26 15:43:07'),
(628, NULL, NULL, NULL, '2013-07-26 15:43:08', '2013-07-26 15:43:08'),
(629, NULL, NULL, NULL, '2013-07-26 15:43:08', '2013-07-26 15:43:08'),
(630, NULL, NULL, NULL, '2013-07-26 15:43:08', '2013-07-26 15:43:08'),
(631, NULL, NULL, NULL, '2013-07-26 15:43:08', '2013-07-26 15:43:08'),
(632, NULL, NULL, NULL, '2013-07-26 15:43:12', '2013-07-26 15:43:12'),
(633, NULL, NULL, NULL, '2013-07-26 15:43:12', '2013-07-26 15:43:12'),
(634, NULL, NULL, NULL, '2013-07-26 15:43:12', '2013-07-26 15:43:12'),
(635, NULL, NULL, NULL, '2013-07-26 15:43:12', '2013-07-26 15:43:12'),
(636, NULL, NULL, NULL, '2013-07-26 15:43:12', '2013-07-26 15:43:12'),
(637, NULL, NULL, NULL, '2013-07-26 15:43:12', '2013-07-26 15:43:12'),
(638, NULL, NULL, NULL, '2013-07-26 15:43:12', '2013-07-26 15:43:12'),
(639, NULL, NULL, NULL, '2013-07-26 15:43:12', '2013-07-26 15:43:12'),
(640, NULL, NULL, NULL, '2013-07-26 15:43:12', '2013-07-26 15:43:12'),
(641, NULL, NULL, NULL, '2013-07-26 15:43:12', '2013-07-26 15:43:12'),
(642, NULL, NULL, NULL, '2013-07-26 15:43:13', '2013-07-26 15:43:13'),
(643, NULL, NULL, NULL, '2013-07-26 15:43:13', '2013-07-26 15:43:13'),
(644, NULL, NULL, NULL, '2013-07-26 15:43:13', '2013-07-26 15:43:13'),
(645, NULL, NULL, NULL, '2013-07-26 15:43:13', '2013-07-26 15:43:13'),
(646, NULL, NULL, NULL, '2013-07-26 15:43:13', '2013-07-26 15:43:13'),
(647, NULL, NULL, NULL, '2013-07-26 15:43:13', '2013-07-26 15:43:13'),
(648, NULL, NULL, NULL, '2013-07-26 15:43:13', '2013-07-26 15:43:13'),
(649, NULL, NULL, NULL, '2013-07-26 15:43:13', '2013-07-26 15:43:13'),
(650, NULL, NULL, NULL, '2013-07-26 15:43:13', '2013-07-26 15:43:13'),
(651, NULL, NULL, NULL, '2013-07-26 15:43:52', '2013-07-26 15:43:52'),
(652, NULL, NULL, NULL, '2013-07-26 15:44:10', '2013-07-26 15:44:10'),
(653, NULL, NULL, NULL, '2013-07-26 15:44:14', '2013-07-26 15:44:14'),
(654, NULL, NULL, NULL, '2013-07-26 15:45:40', '2013-07-26 15:45:40'),
(655, NULL, NULL, NULL, '2013-07-26 15:46:01', '2013-07-26 15:46:01'),
(656, NULL, NULL, NULL, '2013-07-26 15:47:30', '2013-07-26 15:47:30'),
(657, 62, 'guitar', NULL, '2013-07-26 15:49:26', '2013-07-26 15:49:26'),
(658, 62, 'munish', NULL, '2013-07-26 15:49:59', '2013-07-26 15:49:59'),
(659, 62, 'munish', NULL, '2013-07-26 15:50:09', '2013-07-26 15:50:09'),
(660, 62, 'ward', NULL, '2013-07-26 15:50:26', '2013-07-26 15:50:26'),
(661, 62, 'guitar', NULL, '2013-07-26 15:50:30', '2013-07-26 15:50:30'),
(662, 62, 'ward', NULL, '2013-07-26 15:50:40', '2013-07-26 15:50:40'),
(663, 62, 'ward', NULL, '2013-07-26 15:50:59', '2013-07-26 15:50:59'),
(664, 62, 'ward', NULL, '2013-07-26 15:51:12', '2013-07-26 15:51:12'),
(665, 62, 'ward', NULL, '2013-07-26 15:51:51', '2013-07-26 15:51:51'),
(666, 62, 'ward', NULL, '2013-07-26 15:51:56', '2013-07-26 15:51:56'),
(667, 62, 'ward', NULL, '2013-07-26 15:51:59', '2013-07-26 15:51:59'),
(668, 27, 'ward', NULL, '2013-07-26 15:54:15', '2013-07-26 15:54:15'),
(669, 27, 'ward', NULL, '2013-07-26 15:55:25', '2013-07-26 15:55:25'),
(670, 27, 'ward', NULL, '2013-07-26 15:55:25', '2013-07-26 15:55:25'),
(671, 27, 'ward', NULL, '2013-07-26 15:55:26', '2013-07-26 15:55:26'),
(672, 27, 'ward', NULL, '2013-07-26 15:55:26', '2013-07-26 15:55:26'),
(673, 27, 'ward', NULL, '2013-07-26 15:55:26', '2013-07-26 15:55:26'),
(674, 27, 'ward', NULL, '2013-07-26 15:55:26', '2013-07-26 15:55:26'),
(675, 27, 'ward', NULL, '2013-07-26 15:55:26', '2013-07-26 15:55:26'),
(676, 27, 'ward', NULL, '2013-07-26 15:55:26', '2013-07-26 15:55:26'),
(677, 27, 'ward', NULL, '2013-07-26 15:55:26', '2013-07-26 15:55:26'),
(678, 27, 'ward', NULL, '2013-07-26 15:55:28', '2013-07-26 15:55:28'),
(679, 27, 'ward', NULL, '2013-07-26 15:56:41', '2013-07-26 15:56:41'),
(680, 27, 'ward', NULL, '2013-07-26 15:56:41', '2013-07-26 15:56:41'),
(681, 27, 'ward', NULL, '2013-07-26 15:56:41', '2013-07-26 15:56:41'),
(682, 27, 'ward', NULL, '2013-07-26 15:56:41', '2013-07-26 15:56:41'),
(683, 27, 'ward', NULL, '2013-07-26 15:56:41', '2013-07-26 15:56:41'),
(684, 27, 'ward', NULL, '2013-07-26 15:56:41', '2013-07-26 15:56:41'),
(685, 27, 'ward', NULL, '2013-07-26 15:56:41', '2013-07-26 15:56:41'),
(686, 27, 'ward', NULL, '2013-07-26 15:56:41', '2013-07-26 15:56:41'),
(687, 27, 'ward', NULL, '2013-07-26 15:56:41', '2013-07-26 15:56:41'),
(688, 27, 'ward', NULL, '2013-07-26 15:56:41', '2013-07-26 15:56:41'),
(689, 27, 'ward', NULL, '2013-07-26 15:56:41', '2013-07-26 15:56:41'),
(690, 27, 'ward', NULL, '2013-07-26 15:56:42', '2013-07-26 15:56:42'),
(691, 27, 'ward', NULL, '2013-07-26 15:56:42', '2013-07-26 15:56:42'),
(692, 27, 'ward', NULL, '2013-07-26 15:56:42', '2013-07-26 15:56:42'),
(693, 27, 'ward', NULL, '2013-07-26 15:56:42', '2013-07-26 15:56:42'),
(694, 27, 'ward', NULL, '2013-07-26 15:56:42', '2013-07-26 15:56:42'),
(695, 27, 'ward', NULL, '2013-07-26 15:56:42', '2013-07-26 15:56:42'),
(696, 27, 'ward', NULL, '2013-07-26 15:56:42', '2013-07-26 15:56:42'),
(697, 27, 'ward', NULL, '2013-07-26 15:56:42', '2013-07-26 15:56:42'),
(698, 27, 'ward', NULL, '2013-07-26 15:56:46', '2013-07-26 15:56:46'),
(699, 27, 'ward', NULL, '2013-07-26 15:56:46', '2013-07-26 15:56:46'),
(700, 27, 'ward', NULL, '2013-07-26 15:56:46', '2013-07-26 15:56:46'),
(701, 27, 'ward', NULL, '2013-07-26 15:56:46', '2013-07-26 15:56:46'),
(702, 27, 'ward', NULL, '2013-07-26 15:56:46', '2013-07-26 15:56:46'),
(703, 27, 'ward', NULL, '2013-07-26 15:56:46', '2013-07-26 15:56:46'),
(704, 27, 'ward', NULL, '2013-07-26 15:56:46', '2013-07-26 15:56:46'),
(705, 27, 'ward', NULL, '2013-07-26 15:56:46', '2013-07-26 15:56:46'),
(706, 27, 'ward', NULL, '2013-07-26 15:56:46', '2013-07-26 15:56:46'),
(707, 27, 'ward', NULL, '2013-07-26 15:56:46', '2013-07-26 15:56:46'),
(708, 27, 'ward', NULL, '2013-07-26 15:56:47', '2013-07-26 15:56:47'),
(709, 27, 'ward', NULL, '2013-07-26 15:56:47', '2013-07-26 15:56:47'),
(710, 27, 'ward', NULL, '2013-07-26 15:56:47', '2013-07-26 15:56:47'),
(711, 27, 'ward', NULL, '2013-07-26 15:56:47', '2013-07-26 15:56:47'),
(712, 27, 'ward', NULL, '2013-07-26 15:56:47', '2013-07-26 15:56:47'),
(713, 27, 'ward', NULL, '2013-07-26 15:56:47', '2013-07-26 15:56:47'),
(714, 27, 'ward', NULL, '2013-07-26 15:56:47', '2013-07-26 15:56:47'),
(715, 27, 'ward', NULL, '2013-07-26 15:56:48', '2013-07-26 15:56:48'),
(716, 27, 'ward', NULL, '2013-07-26 15:56:48', '2013-07-26 15:56:48'),
(717, 27, 'ward', NULL, '2013-07-26 15:56:48', '2013-07-26 15:56:48'),
(718, 27, 'ward', NULL, '2013-07-26 15:56:48', '2013-07-26 15:56:48'),
(719, 27, 'ward', NULL, '2013-07-26 15:56:48', '2013-07-26 15:56:48'),
(720, 27, 'ward', NULL, '2013-07-26 15:56:48', '2013-07-26 15:56:48'),
(721, 27, 'ward', NULL, '2013-07-26 15:56:48', '2013-07-26 15:56:48'),
(722, 27, 'ward', NULL, '2013-07-26 15:56:48', '2013-07-26 15:56:48'),
(723, 27, 'ward', NULL, '2013-07-26 15:56:48', '2013-07-26 15:56:48'),
(724, 27, 'ward', NULL, '2013-07-26 15:56:48', '2013-07-26 15:56:48'),
(725, 27, 'ward', NULL, '2013-07-26 15:56:48', '2013-07-26 15:56:48'),
(726, 27, 'ward', NULL, '2013-07-26 15:56:48', '2013-07-26 15:56:48'),
(727, 27, 'ward', NULL, '2013-07-26 15:57:21', '2013-07-26 15:57:21'),
(728, 27, 'ward', NULL, '2013-07-26 15:57:21', '2013-07-26 15:57:21'),
(729, 27, 'ward', NULL, '2013-07-26 15:57:21', '2013-07-26 15:57:21'),
(730, 27, 'ward', NULL, '2013-07-26 15:57:21', '2013-07-26 15:57:21'),
(731, 27, 'ward', NULL, '2013-07-26 15:57:21', '2013-07-26 15:57:21'),
(732, 27, 'ward', NULL, '2013-07-26 15:57:21', '2013-07-26 15:57:21'),
(733, 27, 'ward', NULL, '2013-07-26 15:57:21', '2013-07-26 15:57:21'),
(734, 27, 'ward', NULL, '2013-07-26 15:57:21', '2013-07-26 15:57:21'),
(735, 27, 'ward', NULL, '2013-07-26 15:57:21', '2013-07-26 15:57:21'),
(736, 27, 'ward', NULL, '2013-07-26 15:57:22', '2013-07-26 15:57:22'),
(737, 27, 'ward', NULL, '2013-07-26 15:57:22', '2013-07-26 15:57:22'),
(738, 27, 'ward', NULL, '2013-07-26 15:57:22', '2013-07-26 15:57:22'),
(739, 27, 'ward', NULL, '2013-07-26 15:57:22', '2013-07-26 15:57:22'),
(740, 27, 'ward', NULL, '2013-07-26 15:57:22', '2013-07-26 15:57:22'),
(741, 27, 'ward', NULL, '2013-07-26 15:57:22', '2013-07-26 15:57:22'),
(742, 27, 'ward', NULL, '2013-07-26 15:57:22', '2013-07-26 15:57:22'),
(743, 27, 'ward', NULL, '2013-07-26 15:57:22', '2013-07-26 15:57:22'),
(744, 27, 'ward', NULL, '2013-07-26 15:57:22', '2013-07-26 15:57:22'),
(745, 27, 'ward', NULL, '2013-07-26 15:57:22', '2013-07-26 15:57:22'),
(746, 27, 'ward', NULL, '2013-07-26 15:57:22', '2013-07-26 15:57:22'),
(747, 27, 'ward', NULL, '2013-07-26 15:57:22', '2013-07-26 15:57:22'),
(748, 27, 'ward', NULL, '2013-07-26 15:57:22', '2013-07-26 15:57:22'),
(749, 27, 'ward', NULL, '2013-07-26 15:57:22', '2013-07-26 15:57:22'),
(750, 27, 'ward', NULL, '2013-07-26 15:57:23', '2013-07-26 15:57:23'),
(751, 27, 'ward', NULL, '2013-07-26 15:57:27', '2013-07-26 15:57:27'),
(752, 27, 'ward', NULL, '2013-07-26 15:57:27', '2013-07-26 15:57:27'),
(753, 27, 'ward', NULL, '2013-07-26 15:57:27', '2013-07-26 15:57:27'),
(754, 27, 'ward', NULL, '2013-07-26 15:57:27', '2013-07-26 15:57:27'),
(755, 27, 'ward', NULL, '2013-07-26 15:57:27', '2013-07-26 15:57:27'),
(756, 27, 'ward', NULL, '2013-07-26 15:57:27', '2013-07-26 15:57:27'),
(757, 27, 'ward', NULL, '2013-07-26 15:57:27', '2013-07-26 15:57:27'),
(758, 27, 'ward', NULL, '2013-07-26 15:57:27', '2013-07-26 15:57:27'),
(759, 27, 'ward', NULL, '2013-07-26 15:57:27', '2013-07-26 15:57:27'),
(760, 27, 'ward', NULL, '2013-07-26 15:57:27', '2013-07-26 15:57:27'),
(761, 27, 'ward', NULL, '2013-07-26 15:57:27', '2013-07-26 15:57:27'),
(762, 27, 'ward', NULL, '2013-07-26 15:57:27', '2013-07-26 15:57:27'),
(763, 27, 'ward', NULL, '2013-07-26 15:57:27', '2013-07-26 15:57:27'),
(764, 27, 'ward', NULL, '2013-07-26 15:57:28', '2013-07-26 15:57:28'),
(765, 27, 'ward', NULL, '2013-07-26 15:57:28', '2013-07-26 15:57:28'),
(766, 27, 'ward', NULL, '2013-07-26 15:57:28', '2013-07-26 15:57:28'),
(767, 27, 'ward', NULL, '2013-07-26 15:57:28', '2013-07-26 15:57:28'),
(768, 27, 'ward', NULL, '2013-07-26 15:57:28', '2013-07-26 15:57:28'),
(769, 27, 'ward', NULL, '2013-07-26 15:57:28', '2013-07-26 15:57:28'),
(770, 27, 'ward', NULL, '2013-07-26 15:57:28', '2013-07-26 15:57:28'),
(771, 27, 'ward', NULL, '2013-07-26 15:57:28', '2013-07-26 15:57:28'),
(772, 27, 'ward', NULL, '2013-07-26 15:57:28', '2013-07-26 15:57:28'),
(773, 27, 'ward', NULL, '2013-07-26 15:57:28', '2013-07-26 15:57:28'),
(774, 27, 'ward', NULL, '2013-07-26 15:57:28', '2013-07-26 15:57:28'),
(775, 27, 'ward', NULL, '2013-07-26 15:57:28', '2013-07-26 15:57:28'),
(776, 27, 'ward', NULL, '2013-07-26 15:57:28', '2013-07-26 15:57:28'),
(777, 27, 'ward', NULL, '2013-07-26 15:58:05', '2013-07-26 15:58:05'),
(778, 27, 'ward', NULL, '2013-07-26 15:58:05', '2013-07-26 15:58:05'),
(779, 27, 'ward', NULL, '2013-07-26 15:58:05', '2013-07-26 15:58:05'),
(780, 27, 'ward', NULL, '2013-07-26 15:58:05', '2013-07-26 15:58:05'),
(781, 27, 'ward', NULL, '2013-07-26 15:58:05', '2013-07-26 15:58:05'),
(782, 27, 'ward', NULL, '2013-07-26 15:58:05', '2013-07-26 15:58:05'),
(783, 27, 'ward', NULL, '2013-07-26 15:58:05', '2013-07-26 15:58:05'),
(784, 27, 'ward', NULL, '2013-07-26 15:58:05', '2013-07-26 15:58:05'),
(785, 27, 'ward', NULL, '2013-07-26 15:58:05', '2013-07-26 15:58:05'),
(786, 27, 'ward', NULL, '2013-07-26 15:58:05', '2013-07-26 15:58:05'),
(787, 27, 'ward', NULL, '2013-07-26 15:58:05', '2013-07-26 15:58:05'),
(788, 27, 'ward', NULL, '2013-07-26 15:58:05', '2013-07-26 15:58:05'),
(789, 27, 'ward', NULL, '2013-07-26 15:58:05', '2013-07-26 15:58:05'),
(790, 27, 'ward', NULL, '2013-07-26 15:58:06', '2013-07-26 15:58:06'),
(791, 27, 'ward', NULL, '2013-07-26 15:58:06', '2013-07-26 15:58:06'),
(792, 27, 'ward', NULL, '2013-07-26 15:58:06', '2013-07-26 15:58:06'),
(793, 27, 'ward', NULL, '2013-07-26 15:58:08', '2013-07-26 15:58:08'),
(794, 27, 'ward', NULL, '2013-07-26 15:58:08', '2013-07-26 15:58:08');
INSERT INTO `user_searchterms` (`id`, `user_id`, `term`, `type`, `created`, `modified`) VALUES
(795, 27, 'ward', NULL, '2013-07-26 15:58:08', '2013-07-26 15:58:08'),
(796, 27, 'ward', NULL, '2013-07-26 15:58:08', '2013-07-26 15:58:08'),
(797, 27, 'ward', NULL, '2013-07-26 15:58:08', '2013-07-26 15:58:08'),
(798, 27, 'ward', NULL, '2013-07-26 15:58:08', '2013-07-26 15:58:08'),
(799, 27, 'ward', NULL, '2013-07-26 15:58:08', '2013-07-26 15:58:08'),
(800, 27, 'ward', NULL, '2013-07-26 15:58:08', '2013-07-26 15:58:08'),
(801, 27, 'ward', NULL, '2013-07-26 15:58:08', '2013-07-26 15:58:08'),
(802, 27, 'ward', NULL, '2013-07-26 15:58:08', '2013-07-26 15:58:08'),
(803, 27, 'ward', NULL, '2013-07-26 15:58:08', '2013-07-26 15:58:08'),
(804, 27, 'ward', NULL, '2013-07-26 15:58:08', '2013-07-26 15:58:08'),
(805, 27, 'ward', NULL, '2013-07-26 15:58:09', '2013-07-26 15:58:09'),
(806, 27, 'ward', NULL, '2013-07-26 15:58:09', '2013-07-26 15:58:09'),
(807, 27, 'ward', NULL, '2013-07-26 15:58:09', '2013-07-26 15:58:09'),
(808, 27, 'ward', NULL, '2013-07-26 15:58:09', '2013-07-26 15:58:09'),
(809, 27, 'ward', NULL, '2013-07-26 15:58:09', '2013-07-26 15:58:09'),
(810, 27, 'ward', NULL, '2013-07-26 15:58:09', '2013-07-26 15:58:09'),
(811, 27, 'ward', NULL, '2013-07-26 15:58:09', '2013-07-26 15:58:09'),
(812, 27, 'ward', NULL, '2013-07-26 15:58:09', '2013-07-26 15:58:09'),
(813, 27, 'ward', NULL, '2013-07-26 15:58:09', '2013-07-26 15:58:09'),
(814, 27, 'ward', NULL, '2013-07-26 15:58:09', '2013-07-26 15:58:09'),
(815, 27, 'ward', NULL, '2013-07-26 15:58:09', '2013-07-26 15:58:09'),
(816, 27, 'ward', NULL, '2013-07-26 15:58:13', '2013-07-26 15:58:13'),
(817, 27, 'ward', NULL, '2013-07-26 15:58:13', '2013-07-26 15:58:13'),
(818, 27, 'ward', NULL, '2013-07-26 15:58:13', '2013-07-26 15:58:13'),
(819, 27, 'ward', NULL, '2013-07-26 15:58:13', '2013-07-26 15:58:13'),
(820, 27, 'ward', NULL, '2013-07-26 15:58:13', '2013-07-26 15:58:13'),
(821, 27, 'ward', NULL, '2013-07-26 15:58:13', '2013-07-26 15:58:13'),
(822, 27, 'ward', NULL, '2013-07-26 15:58:14', '2013-07-26 15:58:14'),
(823, 27, 'ward', NULL, '2013-07-26 15:58:14', '2013-07-26 15:58:14'),
(824, 27, 'ward', NULL, '2013-07-26 15:58:14', '2013-07-26 15:58:14'),
(825, 27, 'ward', NULL, '2013-07-26 15:58:14', '2013-07-26 15:58:14'),
(826, 27, 'ward', NULL, '2013-07-26 15:58:14', '2013-07-26 15:58:14'),
(827, 27, 'ward', NULL, '2013-07-26 15:58:14', '2013-07-26 15:58:14'),
(828, 27, 'ward', NULL, '2013-07-26 15:58:14', '2013-07-26 15:58:14'),
(829, 27, 'ward', NULL, '2013-07-26 15:58:14', '2013-07-26 15:58:14'),
(830, 27, 'ward', NULL, '2013-07-26 15:58:14', '2013-07-26 15:58:14'),
(831, 27, 'ward', NULL, '2013-07-26 15:58:14', '2013-07-26 15:58:14'),
(832, 27, 'ward', NULL, '2013-07-26 15:58:14', '2013-07-26 15:58:14'),
(833, 27, 'ward', NULL, '2013-07-26 15:58:16', '2013-07-26 15:58:16'),
(834, 27, 'ward', NULL, '2013-07-26 15:58:16', '2013-07-26 15:58:16'),
(835, 27, 'ward', NULL, '2013-07-26 15:58:16', '2013-07-26 15:58:16'),
(836, 27, 'ward', NULL, '2013-07-26 15:58:16', '2013-07-26 15:58:16'),
(837, 27, 'ward', NULL, '2013-07-26 15:58:16', '2013-07-26 15:58:16'),
(838, 27, 'ward', NULL, '2013-07-26 15:58:16', '2013-07-26 15:58:16'),
(839, 27, 'ward', NULL, '2013-07-26 15:58:16', '2013-07-26 15:58:16'),
(840, 27, 'ward', NULL, '2013-07-26 15:58:16', '2013-07-26 15:58:16'),
(841, 27, 'ward', NULL, '2013-07-26 15:58:17', '2013-07-26 15:58:17'),
(842, 27, 'ward', NULL, '2013-07-26 15:58:17', '2013-07-26 15:58:17'),
(843, 27, 'ward', NULL, '2013-07-26 15:58:17', '2013-07-26 15:58:17'),
(844, 27, 'ward', NULL, '2013-07-26 15:58:17', '2013-07-26 15:58:17'),
(845, 27, 'ward', NULL, '2013-07-26 15:58:17', '2013-07-26 15:58:17'),
(846, 27, 'ward', NULL, '2013-07-26 15:58:17', '2013-07-26 15:58:17'),
(847, 27, 'ward', NULL, '2013-07-26 15:58:17', '2013-07-26 15:58:17'),
(848, 27, 'ward', NULL, '2013-07-26 15:59:52', '2013-07-26 15:59:52'),
(849, 27, 'ward', NULL, '2013-07-26 16:00:26', '2013-07-26 16:00:26'),
(850, 62, 'ward', NULL, '2013-07-26 16:01:58', '2013-07-26 16:01:58'),
(851, 62, 'ward', NULL, '2013-07-26 16:02:52', '2013-07-26 16:02:52'),
(852, 62, 'munish', NULL, '2013-07-26 16:03:25', '2013-07-26 16:03:25'),
(853, 62, 'tesr', NULL, '2013-07-26 16:03:41', '2013-07-26 16:03:41'),
(854, 62, 'test', NULL, '2013-07-26 16:03:47', '2013-07-26 16:03:47'),
(855, 62, 'tesst', NULL, '2013-07-26 16:03:57', '2013-07-26 16:03:57'),
(856, 62, 'testr', NULL, '2013-07-26 16:04:22', '2013-07-26 16:04:22'),
(857, 62, 'test', NULL, '2013-07-26 16:04:35', '2013-07-26 16:04:35'),
(858, 62, 'test', NULL, '2013-07-26 16:04:38', '2013-07-26 16:04:38'),
(859, 62, 'collection1', NULL, '2013-07-26 16:04:54', '2013-07-26 16:04:54'),
(860, 62, 'collection', NULL, '2013-07-26 16:05:18', '2013-07-26 16:05:18'),
(861, 27, 'ward', NULL, '2013-07-26 16:13:10', '2013-07-26 16:13:10'),
(862, 27, 'Cars', NULL, '2013-07-26 16:13:20', '2013-07-26 16:13:20'),
(863, 27, 'Cars', NULL, '2013-07-26 16:13:27', '2013-07-26 16:13:27'),
(940, 41, 'd', NULL, '2013-07-27 21:01:53', '2013-07-27 21:01:53'),
(939, 41, 'd', NULL, '2013-07-27 21:01:48', '2013-07-27 21:01:48'),
(934, 41, 'e', NULL, '2013-07-27 20:59:23', '2013-07-27 20:59:23'),
(948, 41, 'toy', NULL, '2013-07-28 15:30:53', '2013-07-28 15:30:53'),
(949, 41, 'toy', NULL, '2013-07-28 15:30:57', '2013-07-28 15:30:57'),
(950, 41, 'toy', NULL, '2013-07-28 15:31:02', '2013-07-28 15:31:02'),
(951, 41, 'toy', NULL, '2013-07-28 15:31:06', '2013-07-28 15:31:06'),
(952, 41, 'duck', NULL, '2013-07-28 15:31:31', '2013-07-28 15:31:31'),
(953, 41, 'c', NULL, '2013-07-28 15:31:40', '2013-07-28 15:31:40'),
(954, 41, 'c', NULL, '2013-07-28 15:31:46', '2013-07-28 15:31:46'),
(955, 41, 'a', NULL, '2013-07-28 15:32:20', '2013-07-28 15:32:20'),
(956, 41, 'a', NULL, '2013-07-29 03:43:41', '2013-07-29 03:43:41'),
(957, 41, 'a', NULL, '2013-07-29 03:43:54', '2013-07-29 03:43:54'),
(981, 41, 'card', NULL, '2013-07-29 21:05:56', '2013-07-29 21:05:56'),
(980, 41, 'card', NULL, '2013-07-29 21:05:50', '2013-07-29 21:05:50'),
(979, 41, 'toy', NULL, '2013-07-29 21:05:22', '2013-07-29 21:05:22'),
(978, 41, 'toy', NULL, '2013-07-29 21:05:16', '2013-07-29 21:05:16'),
(977, 113, 'mobile', NULL, '2013-07-29 11:38:55', '2013-07-29 11:38:55');

-- --------------------------------------------------------

--
-- Table structure for table `user_sharingstatus`
--

CREATE TABLE IF NOT EXISTS `user_sharingstatus` (
  `id` int(11) NOT NULL AUTO_INCREMENT,
  `user_id` int(11) DEFAULT '0',
  `fb_id` varchar(300) DEFAULT '0',
  `fb_sharing_status` tinyint(4) DEFAULT '0',
  `google_id` varchar(300) DEFAULT '0',
  `google_sharing_status` tinyint(4) DEFAULT '0',
  `twitter_id` varchar(300) DEFAULT '0',
  `twitter_sharing_status` tinyint(4) DEFAULT '0',
  `created` datetime DEFAULT NULL,
  `modified` datetime DEFAULT NULL,
  PRIMARY KEY (`id`)
) ENGINE=MyISAM  DEFAULT CHARSET=utf8 AUTO_INCREMENT=65 ;

--
-- Dumping data for table `user_sharingstatus`
--

INSERT INTO `user_sharingstatus` (`id`, `user_id`, `fb_id`, `fb_sharing_status`, `google_id`, `google_sharing_status`, `twitter_id`, `twitter_sharing_status`, `created`, `modified`) VALUES
(1, 43, 'fb007897', 1, NULL, NULL, NULL, NULL, '2013-06-27 12:25:42', '2013-06-27 12:53:18'),
(2, NULL, 'null', 1, '', 0, '', 0, '2013-06-27 15:13:30', '2013-06-27 15:13:30'),
(3, NULL, 'null', 1, '', 0, '', 0, '2013-06-27 15:16:12', '2013-06-27 15:16:12'),
(4, 0, '100000074614461', 0, '', 0, '', 0, '2013-06-27 15:24:19', '2013-06-27 15:24:19'),
(5, 0, '100000074614461', 1, '', 0, '', 0, '2013-06-27 15:28:05', '2013-06-27 15:28:05'),
(6, 38, 'null', 1, '', 1, '', 0, '2013-06-27 15:31:04', '2013-06-27 15:36:16'),
(7, 39, '100004998610272', 1, '', 1, '', 0, '2013-06-27 15:40:56', '2013-06-27 17:01:45'),
(8, 44, '0', 0, '0', 0, '0', 0, '2013-06-27 19:47:53', '2013-06-27 19:47:53'),
(9, 45, '100001274054786', 1, '', 0, '', 0, '2013-07-01 11:44:53', '2013-07-01 11:45:34'),
(10, 28, '100004998610272', 0, 'null', 0, '', 0, '2013-07-02 08:41:52', '2013-07-02 08:44:29'),
(11, 46, '0', 0, '0', 0, '0', 0, '2013-07-02 08:53:55', '2013-07-02 08:53:55'),
(12, 47, '0', 0, '0', 0, '0', 0, '2013-07-02 10:17:52', '2013-07-02 10:17:52'),
(13, 48, '0', 0, '0', 0, '0', 0, '2013-07-02 11:41:04', '2013-07-02 11:41:04'),
(14, 49, '0', 0, '0', 0, '0', 0, '2013-07-02 11:42:16', '2013-07-02 11:42:16'),
(15, 50, '0', 0, '0', 0, '0', 0, '2013-07-02 11:45:35', '2013-07-02 11:45:35'),
(16, 51, '0', 0, '0', 0, '0', 0, '2013-07-03 04:09:52', '2013-07-03 04:09:52'),
(17, 52, '0', 0, '0', 0, '0', 0, '2013-07-03 04:19:26', '2013-07-03 04:19:26'),
(18, 53, '0', 0, '0', 0, '0', 0, '2013-07-03 04:27:32', '2013-07-03 04:27:32'),
(19, 54, '100004998610272', 1, '', 1, '', 0, '2013-07-03 04:36:12', '2013-07-03 04:51:55'),
(20, 27, 'null', 0, '117294079740052414237', 0, '', 1, '2013-07-05 12:56:10', '2013-07-24 10:10:22'),
(21, 55, '0', 0, '0', 0, '0', 0, '2013-07-05 13:50:55', '2013-07-05 13:50:55'),
(22, 56, '0', 0, '0', 0, '0', 0, '2013-07-05 13:56:31', '2013-07-05 13:56:31'),
(23, 57, '0', 0, '0', 0, '0', 0, '2013-07-08 05:25:47', '2013-07-08 05:25:47'),
(24, 58, '0', 0, '0', 0, '0', 0, '2013-07-09 16:07:48', '2013-07-09 16:07:48'),
(25, 59, '0', 0, '0', 0, '0', 0, '2013-07-09 16:11:21', '2013-07-09 16:11:21'),
(26, 60, '0', 0, '0', 0, '0', 0, '2013-07-10 08:23:33', '2013-07-10 08:23:33'),
(27, 61, '0', 0, '0', 0, '0', 0, '2013-07-10 08:58:31', '2013-07-10 08:58:31'),
(28, 62, 'null', 0, '116757258958576498247', 1, '', 0, '2013-07-10 09:02:11', '2013-07-26 15:27:16'),
(29, 63, '100004973864454', 0, '117751889509019394376', 1, '', 0, '2013-07-10 09:45:09', '2013-07-26 04:00:10'),
(30, 64, '0', 0, '0', 0, '0', 0, '2013-07-15 04:59:26', '2013-07-15 04:59:26'),
(31, 65, '0', 0, '0', 0, '0', 0, '2013-07-15 06:44:09', '2013-07-15 06:44:09'),
(32, 66, '0', 0, '0', 0, '0', 0, '2013-07-15 06:50:34', '2013-07-15 06:50:34'),
(33, 67, '0', 0, '0', 0, '0', 0, '2013-07-15 08:15:13', '2013-07-15 08:15:13'),
(34, 68, '0', 0, '0', 0, '0', 0, '2013-07-15 09:29:18', '2013-07-15 09:29:18'),
(35, 69, '0', 0, '0', 0, '0', 0, '2013-07-15 10:08:54', '2013-07-15 10:08:54'),
(36, 70, '0', 0, '0', 0, '0', 0, '2013-07-15 10:24:39', '2013-07-15 10:24:39'),
(37, 71, '0', 0, '0', 0, '0', 0, '2013-07-15 11:27:53', '2013-07-15 11:27:53'),
(38, 72, '0', 0, '0', 0, '0', 0, '2013-07-16 13:51:11', '2013-07-16 13:51:11'),
(39, 73, '1019835136', 1, 'null', 1, '', 0, '2013-07-16 13:51:33', '2013-07-18 06:32:07'),
(40, 74, '100004996423925', 1, 'null', 1, '', 0, '2013-07-17 04:33:31', '2013-07-17 16:31:05'),
(41, 75, '0', 0, '0', 1, '0', 0, '2013-07-17 04:47:16', '2013-07-17 04:47:16'),
(42, 76, '0', 0, '0', 0, '0', 0, '2013-07-17 06:39:11', '2013-07-17 06:39:11'),
(43, 78, '0', 0, '100685757022453704923', 1, '0', 0, '2013-07-17 18:11:12', '2013-07-17 18:11:12'),
(44, 41, '781817165', 1, '108743255537758713902', 1, '', 1, '2013-07-17 19:06:59', '2013-07-26 15:48:00'),
(45, 112, '100001499224106', 1, '0', 0, '0', 0, '2013-07-18 10:18:53', '2013-07-18 10:18:53'),
(46, 113, '100006351398895', 0, 'null', 0, '', 0, '2013-07-19 12:07:19', '2013-07-19 13:47:49'),
(47, 114, '0', 0, '0', 0, '0', 0, '2013-07-19 14:49:53', '2013-07-19 14:49:53'),
(48, 115, '0', 0, '0', 0, '0', 0, '2013-07-19 18:11:44', '2013-07-19 18:11:44'),
(49, 116, '0', 0, '0', 0, '0', 0, '2013-07-19 18:48:45', '2013-07-19 18:48:45'),
(50, 117, '100001499224106', 1, '0', 0, '0', 0, '2013-07-22 11:49:02', '2013-07-22 11:49:02'),
(51, 118, '100001499224106', 1, '0', 0, '0', 0, '2013-07-22 12:09:32', '2013-07-22 12:09:32'),
(52, 119, '100001499224106', 1, '0', 0, '0', 0, '2013-07-22 12:12:50', '2013-07-22 12:12:50'),
(53, 120, '1019835136', 1, '100457612855156160165', 1, '', 0, '2013-07-22 12:56:01', '2013-07-24 15:41:30'),
(54, 121, '0', 0, '105666177420886666647', 1, '0', 0, '2013-07-23 19:45:33', '2013-07-23 19:45:33'),
(55, 1, 'FBINT001', 1, NULL, NULL, NULL, NULL, '2013-07-25 09:39:17', '2013-07-25 09:39:17'),
(56, 122, '100004995493613', 1, '102276695163311282366', 1, '', 0, '2013-07-25 16:02:36', '2013-07-25 16:09:07'),
(57, 123, '0', 0, '0', 0, '0', 0, '2013-07-26 04:13:59', '2013-07-26 04:13:59'),
(58, 124, '0', 0, '0', 0, '0', 0, '2013-07-26 04:14:57', '2013-07-26 04:14:57'),
(59, 125, '0', 0, '0', 0, '0', 0, '2013-07-26 04:21:32', '2013-07-26 04:21:32'),
(60, 126, '0', 0, '0', 0, '0', 0, '2013-07-26 16:54:09', '2013-07-26 16:54:09'),
(61, 127, '0', 0, '0', 0, '0', 0, '2013-07-26 17:23:21', '2013-07-26 17:23:21'),
(62, 128, '0', 0, '0', 0, '0', 0, '2013-07-26 18:31:44', '2013-07-26 18:31:44'),
(63, 129, '528413570', 0, '', 0, '', 0, '2013-07-26 20:49:53', '2013-07-26 21:14:06'),
(64, 130, '0', 0, '0', 0, '0', 0, '2013-07-26 20:53:49', '2013-07-26 20:53:49');

/*!40101 SET CHARACTER_SET_CLIENT=@OLD_CHARACTER_SET_CLIENT */;
/*!40101 SET CHARACTER_SET_RESULTS=@OLD_CHARACTER_SET_RESULTS */;
/*!40101 SET COLLATION_CONNECTION=@OLD_COLLATION_CONNECTION */;
